Running experiment: splade_cocondenser_msmarco

Hardware configuration
Date: 2025-12-12 03:50:00.872254
Machine: fast.csail.mit.edu
CPU usage (%): 0.1
Machine load: 9.0458984375, 27.8623046875, 14.84423828125
Memory (free, GiB): 1074
Memory (avail, GiB): 1073
Memory (total, GiB): 1510
for detailed information, check the hardware log file: ./splade_cocondenser_msmarco_2025-12-12_03:50:00/machine.output

WARNING: Your CPU may not be set to performance mode.


Git info
Current Branch: dynamic_seismic
Commit ID: b4e457f319c6d862662d6d5fa9d945f5cec76dd4

Compiling the code
Compiling code with cmake --build build --config Release
[  7%] Built target seismic_core
[ 11%] Built target build_inverted_index
[ 15%] Built target perf_inverted_index
[ 19%] Built target test_jlt_index
[ 23%] Built target gtest
[ 26%] Built target gtest_main
[ 55%] Built target tests
[ 59%] Built target sandbox
[ 63%] Built target sandbox_json
[ 67%] Built target sandbox_rtti
[ 73%] Built target sandbox_vs_dll
[ 76%] Built target sandbox_vs
[ 80%] Built target performance
[ 84%] Built target gmock
[ 88%] Built target gmock_main
[100%] Built target seismic_cpp
Code compiled successfully.

Dataset filename: /storage/jasonehc/sparse_datasets/msmarco_v1_passage/cocondenser/data/documents.bin
Index filename: /storage/jasonehc/sparse_datasets/msmarco_v1_passage/cocondenser/indexes/sigir_2024_splade_cocondenser_centroid-fraction_0.1_clustering-algorithm_random-kmeans_dynamic-support_true_kmeans-doc-cut_15_kmeans-pruning-factor_0.005_knn_0_n-postings_4000_summarization_centroid_summary-energy_0.4_transform_jlt
Running: ./build/bin/build_inverted_index --input-file /storage/jasonehc/sparse_datasets/msmarco_v1_passage/cocondenser/data/documents.bin --output-file /storage/jasonehc/sparse_datasets/msmarco_v1_passage/cocondenser/indexes/sigir_2024_splade_cocondenser_centroid-fraction_0.1_clustering-algorithm_random-kmeans_dynamic-support_true_kmeans-doc-cut_15_kmeans-pruning-factor_0.005_knn_0_n-postings_4000_summarization_centroid_summary-energy_0.4_transform_jlt --n-postings 4000 --summary-energy 0.4 --centroid-fraction 0.1 --knn 0 --clustering-algorithm random-kmeans --kmeans-doc-cut 15 --kmeans-pruning-factor 0.005 --transform jlt --summarization centroid --dynamic-support true
Building inverted index with the following parameters:
  Input file: /storage/jasonehc/sparse_datasets/msmarco_v1_passage/cocondenser/data/documents.bin
  Output file: /storage/jasonehc/sparse_datasets/msmarco_v1_passage/cocondenser/indexes/sigir_2024_splade_cocondenser_centroid-fraction_0.1_clustering-algorithm_random-kmeans_dynamic-support_true_kmeans-doc-cut_15_kmeans-pruning-factor_0.005_knn_0_n-postings_4000_summarization_centroid_summary-energy_0.4_transform_jlt
  N postings: 4000
  Summary energy: 0.4
  Centroid fraction: 0.1
  Min cluster size: 2
  KNN: 0
  Clustering algorithm: random-kmeans
  K-means doc cut: 15
  K-means pruning factor: 0.005

Loading dataset from /storage/jasonehc/sparse_datasets/msmarco_v1_passage/cocondenser/data/documents.bin...
Number of Vectors: 8841823
Number of Dimensions: 28679
Avg number of components: 121.046

Building the index...
Distributing and pruning postings: Using sparsity parameter s = 15
15 rows
JLT matrix initialization took 99447843 microseconds
264 secs
	Number of posting lists: 28679
Building summaries: 
124 secs
No knn needed
Time to build 471 secs (before serializing)
Saving ... /storage/jasonehc/sparse_datasets/msmarco_v1_passage/cocondenser/indexes/sigir_2024_splade_cocondenser_centroid-fraction_0.1_clustering-algorithm_random-kmeans_dynamic-support_true_kmeans-doc-cut_15_kmeans-pruning-factor_0.005_knn_0_n-postings_4000_summarization_centroid_summary-energy_0.4_transform_jlt.index.seismic
Save completed successfully
Time to build 509 secs
Index built successfully in 517.11 seconds.
Evaluation runs with metric RR@10
Executing query for subsection 'recall_90' with command:
 ./build/bin/perf_inverted_index --index-file /storage/jasonehc/sparse_datasets/msmarco_v1_passage/cocondenser/indexes/sigir_2024_splade_cocondenser_centroid-fraction_0.1_clustering-algorithm_random-kmeans_dynamic-support_true_kmeans-doc-cut_15_kmeans-pruning-factor_0.005_knn_0_n-postings_4000_summarization_centroid_summary-energy_0.4_transform_jlt -k 10 --query-file /storage/jasonehc/sparse_datasets/msmarco_v1_passage/cocondenser/data/queries.bin --query-cut 3 --heap-factor 0.9 --n-runs 1 --output-path ./splade_cocondenser_msmarco_2025-12-12_03:50:00/results_recall_90
Running query for subsection: recall_90...
Performance testing with the following parameters:
  Index file: /storage/jasonehc/sparse_datasets/msmarco_v1_passage/cocondenser/indexes/sigir_2024_splade_cocondenser_centroid-fraction_0.1_clustering-algorithm_random-kmeans_dynamic-support_true_kmeans-doc-cut_15_kmeans-pruning-factor_0.005_knn_0_n-postings_4000_summarization_centroid_summary-energy_0.4_transform_jlt
  Query file: /storage/jasonehc/sparse_datasets/msmarco_v1_passage/cocondenser/data/queries.bin
  Output path: ./splade_cocondenser_msmarco_2025-12-12_03:50:00/results_recall_90
  N queries: 10000
  K: 10
  N runs: 1
  Query cut: 3
  Heap factor: 0.9
  N KNN: 0
  First sorted: false
Loading index from /storage/jasonehc/sparse_datasets/msmarco_v1_passage/cocondenser/indexes/sigir_2024_splade_cocondenser_centroid-fraction_0.1_clustering-algorithm_random-kmeans_dynamic-support_true_kmeans-doc-cut_15_kmeans-pruning-factor_0.005_knn_0_n-postings_4000_summarization_centroid_summary-energy_0.4_transform_jlt.index.seismic...
Index loaded successfully
Number of documents: 8841823

Loading queries from /storage/jasonehc/sparse_datasets/msmarco_v1_passage/cocondenser/data/queries.bin...
Number of Queries: 6980
Number of Dimensions: 28313
Avg number of components: 43.9454
Searching for top-10 results
Number of evaluated queries: 6980
Number of documents: 8841823
Avg number of non-zero components: 121.046
Time 1631 microsecs per query
11386071
Adding document to 28 postings lists.
Index: Time to insert doc 8841823: 653026
Adding document to 45 postings lists.
Index: Time to insert doc 8841824: 10436
Adding document to 46 postings lists.
Index: Time to insert doc 8841825: 10845
Adding document to 52 postings lists.
Index: Time to insert doc 8841826: 12785
Adding document to 44 postings lists.
Index: Time to insert doc 8841827: 9643
Adding document to 29 postings lists.
Index: Time to insert doc 8841828: 5432
Adding document to 26 postings lists.
Index: Time to insert doc 8841829: 4607
Adding document to 56 postings lists.
Index: Time to insert doc 8841830: 14462
Adding document to 80 postings lists.
Index: Time to insert doc 8841831: 26237
Adding document to 20 postings lists.
Index: Time to insert doc 8841832: 3245
Adding document to 36 postings lists.
Index: Time to insert doc 8841833: 7510
Adding document to 68 postings lists.
Index: Time to insert doc 8841834: 19916
Adding document to 29 postings lists.
Index: Time to insert doc 8841835: 5191
Adding document to 30 postings lists.
Index: Time to insert doc 8841836: 5640
Adding document to 42 postings lists.
Index: Time to insert doc 8841837: 8739
Adding document to 54 postings lists.
Index: Time to insert doc 8841838: 13604
Adding document to 62 postings lists.
Index: Time to insert doc 8841839: 16512
Adding document to 40 postings lists.
Index: Time to insert doc 8841840: 8591
Adding document to 25 postings lists.
Index: Time to insert doc 8841841: 4338
Adding document to 58 postings lists.
Index: Time to insert doc 8841842: 14487
Adding document to 30 postings lists.
Index: Time to insert doc 8841843: 5566
Adding document to 29 postings lists.
Index: Time to insert doc 8841844: 5201
Adding document to 25 postings lists.
Index: Time to insert doc 8841845: 4107
Adding document to 57 postings lists.
Index: Time to insert doc 8841846: 14574
Adding document to 50 postings lists.
Index: Time to insert doc 8841847: 11471
Adding document to 51 postings lists.
Index: Time to insert doc 8841848: 11797
Adding document to 32 postings lists.
Index: Time to insert doc 8841849: 5882
Adding document to 24 postings lists.
Index: Time to insert doc 8841850: 4019
Adding document to 27 postings lists.
Index: Time to insert doc 8841851: 4795
Adding document to 45 postings lists.
Index: Time to insert doc 8841852: 9801
Adding document to 27 postings lists.
Index: Time to insert doc 8841853: 4657
Adding document to 37 postings lists.
Index: Time to insert doc 8841854: 7446
Adding document to 25 postings lists.
Index: Time to insert doc 8841855: 4197
Adding document to 73 postings lists.
Index: Time to insert doc 8841856: 21400
Adding document to 59 postings lists.
Index: Time to insert doc 8841857: 15190
Adding document to 28 postings lists.
Index: Time to insert doc 8841858: 4582
Adding document to 39 postings lists.
Index: Time to insert doc 8841859: 8114
Adding document to 34 postings lists.
Index: Time to insert doc 8841860: 6464
Adding document to 62 postings lists.
Index: Time to insert doc 8841861: 16541
Adding document to 31 postings lists.
Index: Time to insert doc 8841862: 5655
Adding document to 41 postings lists.
Index: Time to insert doc 8841863: 8674
Adding document to 45 postings lists.
Index: Time to insert doc 8841864: 10331
Adding document to 23 postings lists.
Index: Time to insert doc 8841865: 3623
Adding document to 25 postings lists.
Index: Time to insert doc 8841866: 4084
Adding document to 63 postings lists.
Index: Time to insert doc 8841867: 16455
Adding document to 28 postings lists.
Index: Time to insert doc 8841868: 4913
Adding document to 28 postings lists.
Index: Time to insert doc 8841869: 4799
Adding document to 31 postings lists.
Index: Time to insert doc 8841870: 5612
Adding document to 25 postings lists.
Index: Time to insert doc 8841871: 4203
Adding document to 34 postings lists.
Index: Time to insert doc 8841872: 6366
Adding document to 62 postings lists.
Index: Time to insert doc 8841873: 16115
Adding document to 28 postings lists.
Index: Time to insert doc 8841874: 4882
Adding document to 34 postings lists.
Index: Time to insert doc 8841875: 6222
Adding document to 19 postings lists.
Index: Time to insert doc 8841876: 2854
Adding document to 41 postings lists.
Index: Time to insert doc 8841877: 8475
Adding document to 62 postings lists.
Index: Time to insert doc 8841878: 16257
Adding document to 46 postings lists.
Index: Time to insert doc 8841879: 10206
Adding document to 29 postings lists.
Index: Time to insert doc 8841880: 5090
Adding document to 46 postings lists.
Index: Time to insert doc 8841881: 9971
Adding document to 30 postings lists.
Index: Time to insert doc 8841882: 5206
Adding document to 54 postings lists.
Index: Time to insert doc 8841883: 13246
Adding document to 36 postings lists.
Index: Time to insert doc 8841884: 6889
Adding document to 44 postings lists.
Index: Time to insert doc 8841885: 9458
Adding document to 38 postings lists.
Index: Time to insert doc 8841886: 7295
Adding document to 38 postings lists.
Index: Time to insert doc 8841887: 7495
Adding document to 33 postings lists.
Index: Time to insert doc 8841888: 6147
Adding document to 28 postings lists.
Index: Time to insert doc 8841889: 4670
Adding document to 21 postings lists.
Index: Time to insert doc 8841890: 3214
Adding document to 32 postings lists.
Index: Time to insert doc 8841891: 5580
Adding document to 51 postings lists.
Index: Time to insert doc 8841892: 11668
Adding document to 37 postings lists.
Index: Time to insert doc 8841893: 7058
Adding document to 51 postings lists.
Index: Time to insert doc 8841894: 11580
Adding document to 58 postings lists.
Index: Time to insert doc 8841895: 14255
Adding document to 46 postings lists.
Index: Time to insert doc 8841896: 9973
Adding document to 63 postings lists.
Index: Time to insert doc 8841897: 16446
Adding document to 26 postings lists.
Index: Time to insert doc 8841898: 4109
Adding document to 44 postings lists.
Index: Time to insert doc 8841899: 9814
Adding document to 27 postings lists.
Index: Time to insert doc 8841900: 4407
Adding document to 23 postings lists.
Index: Time to insert doc 8841901: 3594
Adding document to 46 postings lists.
Index: Time to insert doc 8841902: 9952
Adding document to 49 postings lists.
Index: Time to insert doc 8841903: 11028
Adding document to 51 postings lists.
Index: Time to insert doc 8841904: 12065
Adding document to 16 postings lists.
Index: Time to insert doc 8841905: 2278
Adding document to 33 postings lists.
Index: Time to insert doc 8841906: 6285
Adding document to 70 postings lists.
Index: Time to insert doc 8841907: 20076
Adding document to 51 postings lists.
Index: Time to insert doc 8841908: 11480
Adding document to 45 postings lists.
Index: Time to insert doc 8841909: 9992
Adding document to 47 postings lists.
Index: Time to insert doc 8841910: 10426
Adding document to 92 postings lists.
Index: Time to insert doc 8841911: 49440
Adding document to 44 postings lists.
Index: Time to insert doc 8841912: 9198
Adding document to 54 postings lists.
Index: Time to insert doc 8841913: 12918
Adding document to 62 postings lists.
Index: Time to insert doc 8841914: 15958
Adding document to 33 postings lists.
Index: Time to insert doc 8841915: 5944
Adding document to 52 postings lists.
Index: Time to insert doc 8841916: 12477
Adding document to 38 postings lists.
Index: Time to insert doc 8841917: 7394
Adding document to 57 postings lists.
Index: Time to insert doc 8841918: 14182
Adding document to 25 postings lists.
Index: Time to insert doc 8841919: 3990
Adding document to 70 postings lists.
Index: Time to insert doc 8841920: 19594
Adding document to 40 postings lists.
Index: Time to insert doc 8841921: 8194
Adding document to 40 postings lists.
Index: Time to insert doc 8841922: 7930
Adding document to 95 postings lists.
Index: Time to insert doc 8841923: 33126
Adding document to 56 postings lists.
Index: Time to insert doc 8841924: 13958
Adding document to 83 postings lists.
Index: Time to insert doc 8841925: 26017
Adding document to 31 postings lists.
Index: Time to insert doc 8841926: 5535
Adding document to 30 postings lists.
Index: Time to insert doc 8841927: 5275
Adding document to 70 postings lists.
Index: Time to insert doc 8841928: 19671
Adding document to 40 postings lists.
Index: Time to insert doc 8841929: 8161
Adding document to 29 postings lists.
Index: Time to insert doc 8841930: 5039
Adding document to 50 postings lists.
Index: Time to insert doc 8841931: 11064
Adding document to 46 postings lists.
Index: Time to insert doc 8841932: 9950
Adding document to 55 postings lists.
Index: Time to insert doc 8841933: 13529
Adding document to 39 postings lists.
Index: Time to insert doc 8841934: 7803
Adding document to 28 postings lists.
Index: Time to insert doc 8841935: 4621
Adding document to 54 postings lists.
Index: Time to insert doc 8841936: 12950
Adding document to 39 postings lists.
Index: Time to insert doc 8841937: 7588
Adding document to 75 postings lists.
Index: Time to insert doc 8841938: 22107
Adding document to 34 postings lists.
Index: Time to insert doc 8841939: 6385
Adding document to 32 postings lists.
Index: Time to insert doc 8841940: 5727
Adding document to 60 postings lists.
Index: Time to insert doc 8841941: 15280
Adding document to 40 postings lists.
Index: Time to insert doc 8841942: 7923
Adding document to 91 postings lists.
Index: Time to insert doc 8841943: 30924
Adding document to 52 postings lists.
Index: Time to insert doc 8841944: 11856
Adding document to 47 postings lists.
Index: Time to insert doc 8841945: 10379
Adding document to 34 postings lists.
Index: Time to insert doc 8841946: 6574
Adding document to 52 postings lists.
Index: Time to insert doc 8841947: 12222
Adding document to 86 postings lists.
Index: Time to insert doc 8841948: 28231
Adding document to 76 postings lists.
Index: Time to insert doc 8841949: 24892
Adding document to 63 postings lists.
Index: Time to insert doc 8841950: 17124
Adding document to 44 postings lists.
Index: Time to insert doc 8841951: 9567
Adding document to 31 postings lists.
Index: Time to insert doc 8841952: 5534
Adding document to 37 postings lists.
Index: Time to insert doc 8841953: 7334
Adding document to 17 postings lists.
Index: Time to insert doc 8841954: 2550
Adding document to 20 postings lists.
Index: Time to insert doc 8841955: 3102
Adding document to 65 postings lists.
Index: Time to insert doc 8841956: 17911
Adding document to 64 postings lists.
Index: Time to insert doc 8841957: 17517
Adding document to 26 postings lists.
Index: Time to insert doc 8841958: 4302
Adding document to 62 postings lists.
Index: Time to insert doc 8841959: 16028
Adding document to 14 postings lists.
Index: Time to insert doc 8841960: 1957
Adding document to 32 postings lists.
Index: Time to insert doc 8841961: 5620
Adding document to 44 postings lists.
Index: Time to insert doc 8841962: 9447
Adding document to 41 postings lists.
Index: Time to insert doc 8841963: 8475
Adding document to 46 postings lists.
Index: Time to insert doc 8841964: 9907
Adding document to 17 postings lists.
Index: Time to insert doc 8841965: 2425
Adding document to 58 postings lists.
Index: Time to insert doc 8841966: 14344
Adding document to 55 postings lists.
Index: Time to insert doc 8841967: 13032
Adding document to 45 postings lists.
Index: Time to insert doc 8841968: 9507
Adding document to 38 postings lists.
Index: Time to insert doc 8841969: 7435
Adding document to 38 postings lists.
Index: Time to insert doc 8841970: 7547
Adding document to 55 postings lists.
Index: Time to insert doc 8841971: 13234
Adding document to 25 postings lists.
Index: Time to insert doc 8841972: 3963
Adding document to 46 postings lists.
Index: Time to insert doc 8841973: 9765
Adding document to 45 postings lists.
Index: Time to insert doc 8841974: 9945
Adding document to 36 postings lists.
Index: Time to insert doc 8841975: 7040
Adding document to 38 postings lists.
Index: Time to insert doc 8841976: 7548
Adding document to 62 postings lists.
Index: Time to insert doc 8841977: 15880
Adding document to 67 postings lists.
Index: Time to insert doc 8841978: 18215
Adding document to 47 postings lists.
Index: Time to insert doc 8841979: 10405
Adding document to 32 postings lists.
Index: Time to insert doc 8841980: 5716
Adding document to 50 postings lists.
Index: Time to insert doc 8841981: 11466
Adding document to 66 postings lists.
Index: Time to insert doc 8841982: 17733
Adding document to 34 postings lists.
Index: Time to insert doc 8841983: 6396
Adding document to 32 postings lists.
Index: Time to insert doc 8841984: 5627
Adding document to 45 postings lists.
Index: Time to insert doc 8841985: 9867
Adding document to 50 postings lists.
Index: Time to insert doc 8841986: 11465
Adding document to 38 postings lists.
Index: Time to insert doc 8841987: 7382
Adding document to 56 postings lists.
Index: Time to insert doc 8841988: 13872
Adding document to 25 postings lists.
Index: Time to insert doc 8841989: 4047
Adding document to 51 postings lists.
Index: Time to insert doc 8841990: 11561
Adding document to 41 postings lists.
Index: Time to insert doc 8841991: 8319
Adding document to 64 postings lists.
Index: Time to insert doc 8841992: 16803
Adding document to 45 postings lists.
Index: Time to insert doc 8841993: 9859
Adding document to 56 postings lists.
Index: Time to insert doc 8841994: 13859
Adding document to 21 postings lists.
Index: Time to insert doc 8841995: 3266
Adding document to 56 postings lists.
Index: Time to insert doc 8841996: 13496
Adding document to 57 postings lists.
Index: Time to insert doc 8841997: 14009
Adding document to 33 postings lists.
Index: Time to insert doc 8841998: 5973
Adding document to 67 postings lists.
Index: Time to insert doc 8841999: 18082
Adding document to 78 postings lists.
Index: Time to insert doc 8842000: 23511
Adding document to 68 postings lists.
Index: Time to insert doc 8842001: 18624
Adding document to 26 postings lists.
Index: Time to insert doc 8842002: 4306
Adding document to 37 postings lists.
Index: Time to insert doc 8842003: 7080
Adding document to 42 postings lists.
Index: Time to insert doc 8842004: 8430
Adding document to 57 postings lists.
Index: Time to insert doc 8842005: 13978
Adding document to 57 postings lists.
Index: Time to insert doc 8842006: 13694
Adding document to 28 postings lists.
Index: Time to insert doc 8842007: 4767
Adding document to 44 postings lists.
Index: Time to insert doc 8842008: 9369
Adding document to 57 postings lists.
Index: Time to insert doc 8842009: 14312
Adding document to 65 postings lists.
Index: Time to insert doc 8842010: 17307
Adding document to 51 postings lists.
Index: Time to insert doc 8842011: 11779
Adding document to 71 postings lists.
Index: Time to insert doc 8842012: 20118
Adding document to 67 postings lists.
Index: Time to insert doc 8842013: 18620
Adding document to 26 postings lists.
Index: Time to insert doc 8842014: 4205
Adding document to 48 postings lists.
Index: Time to insert doc 8842015: 10565
Adding document to 24 postings lists.
Index: Time to insert doc 8842016: 3685
Adding document to 35 postings lists.
Index: Time to insert doc 8842017: 6581
Adding document to 32 postings lists.
Index: Time to insert doc 8842018: 5753
Adding document to 81 postings lists.
Index: Time to insert doc 8842019: 25317
Adding document to 34 postings lists.
Index: Time to insert doc 8842020: 6354
Adding document to 75 postings lists.
Index: Time to insert doc 8842021: 22222
Adding document to 22 postings lists.
Index: Time to insert doc 8842022: 3402
Adding document to 61 postings lists.
Index: Time to insert doc 8842023: 16074
Adding document to 81 postings lists.
Index: Time to insert doc 8842024: 25424
Adding document to 49 postings lists.
Index: Time to insert doc 8842025: 11177
Adding document to 34 postings lists.
Index: Time to insert doc 8842026: 6163
Adding document to 45 postings lists.
Index: Time to insert doc 8842027: 9359
Adding document to 65 postings lists.
Index: Time to insert doc 8842028: 17387
Adding document to 23 postings lists.
Index: Time to insert doc 8842029: 3588
Adding document to 41 postings lists.
Index: Time to insert doc 8842030: 8497
Adding document to 55 postings lists.
Index: Time to insert doc 8842031: 13024
Adding document to 66 postings lists.
Index: Time to insert doc 8842032: 17642
Adding document to 65 postings lists.
Index: Time to insert doc 8842033: 17295
Adding document to 55 postings lists.
Index: Time to insert doc 8842034: 13241
Adding document to 70 postings lists.
Index: Time to insert doc 8842035: 19808
Adding document to 27 postings lists.
Index: Time to insert doc 8842036: 4526
Adding document to 30 postings lists.
Index: Time to insert doc 8842037: 5058
Adding document to 36 postings lists.
Index: Time to insert doc 8842038: 7050
Adding document to 42 postings lists.
Index: Time to insert doc 8842039: 8724
Adding document to 68 postings lists.
Index: Time to insert doc 8842040: 18683
Adding document to 37 postings lists.
Index: Time to insert doc 8842041: 7082
Adding document to 47 postings lists.
Index: Time to insert doc 8842042: 10691
Adding document to 47 postings lists.
Index: Time to insert doc 8842043: 10481
Adding document to 52 postings lists.
Index: Time to insert doc 8842044: 12218
Adding document to 25 postings lists.
Index: Time to insert doc 8842045: 4108
Adding document to 47 postings lists.
Index: Time to insert doc 8842046: 10231
Adding document to 40 postings lists.
Index: Time to insert doc 8842047: 7978
Adding document to 31 postings lists.
Index: Time to insert doc 8842048: 5531
Adding document to 62 postings lists.
Index: Time to insert doc 8842049: 16158
Adding document to 45 postings lists.
Index: Time to insert doc 8842050: 9611
Adding document to 81 postings lists.
Index: Time to insert doc 8842051: 25109
Adding document to 44 postings lists.
Index: Time to insert doc 8842052: 9116
Adding document to 37 postings lists.
Index: Time to insert doc 8842053: 7166
Adding document to 45 postings lists.
Index: Time to insert doc 8842054: 9524
Adding document to 18 postings lists.
Index: Time to insert doc 8842055: 2544
Adding document to 40 postings lists.
Index: Time to insert doc 8842056: 8028
Adding document to 34 postings lists.
Index: Time to insert doc 8842057: 6217
Adding document to 27 postings lists.
Index: Time to insert doc 8842058: 4443
Adding document to 56 postings lists.
Index: Time to insert doc 8842059: 13790
Adding document to 15 postings lists.
Index: Time to insert doc 8842060: 2031
Adding document to 79 postings lists.
Index: Time to insert doc 8842061: 24282
Adding document to 29 postings lists.
Index: Time to insert doc 8842062: 4998
Adding document to 52 postings lists.
Index: Time to insert doc 8842063: 12221
Adding document to 74 postings lists.
Index: Time to insert doc 8842064: 21565
Adding document to 46 postings lists.
Index: Time to insert doc 8842065: 10041
Adding document to 40 postings lists.
Index: Time to insert doc 8842066: 7994
Adding document to 35 postings lists.
Index: Time to insert doc 8842067: 6706
Adding document to 59 postings lists.
Index: Time to insert doc 8842068: 15098
Adding document to 24 postings lists.
Index: Time to insert doc 8842069: 3829
Adding document to 50 postings lists.
Index: Time to insert doc 8842070: 11703
Adding document to 62 postings lists.
Index: Time to insert doc 8842071: 16175
Adding document to 40 postings lists.
Index: Time to insert doc 8842072: 7897
Adding document to 56 postings lists.
Index: Time to insert doc 8842073: 13539
Adding document to 77 postings lists.
Index: Time to insert doc 8842074: 23583
Adding document to 48 postings lists.
Index: Time to insert doc 8842075: 10635
Adding document to 38 postings lists.
Index: Time to insert doc 8842076: 7379
Adding document to 51 postings lists.
Index: Time to insert doc 8842077: 20254
Adding document to 35 postings lists.
Index: Time to insert doc 8842078: 6623
Adding document to 58 postings lists.
Index: Time to insert doc 8842079: 14784
Adding document to 46 postings lists.
Index: Time to insert doc 8842080: 9881
Adding document to 66 postings lists.
Index: Time to insert doc 8842081: 17653
Adding document to 44 postings lists.
Index: Time to insert doc 8842082: 9456
Adding document to 40 postings lists.
Index: Time to insert doc 8842083: 8135
Adding document to 64 postings lists.
Index: Time to insert doc 8842084: 16905
Adding document to 83 postings lists.
Index: Time to insert doc 8842085: 26473
Adding document to 38 postings lists.
Index: Time to insert doc 8842086: 7596
Adding document to 76 postings lists.
Index: Time to insert doc 8842087: 22749
Adding document to 67 postings lists.
Index: Time to insert doc 8842088: 18483
Adding document to 57 postings lists.
Index: Time to insert doc 8842089: 14008
Adding document to 63 postings lists.
Index: Time to insert doc 8842090: 16618
Adding document to 28 postings lists.
Index: Time to insert doc 8842091: 4748
Adding document to 83 postings lists.
Index: Time to insert doc 8842092: 26337
Adding document to 55 postings lists.
Index: Time to insert doc 8842093: 13306
Adding document to 59 postings lists.
Index: Time to insert doc 8842094: 14823
Adding document to 29 postings lists.
Index: Time to insert doc 8842095: 4958
Adding document to 21 postings lists.
Index: Time to insert doc 8842096: 3195
Adding document to 60 postings lists.
Index: Time to insert doc 8842097: 15260
Adding document to 49 postings lists.
Index: Time to insert doc 8842098: 11038
Adding document to 58 postings lists.
Index: Time to insert doc 8842099: 14290
Adding document to 76 postings lists.
Index: Time to insert doc 8842100: 22684
Adding document to 35 postings lists.
Index: Time to insert doc 8842101: 6443
Adding document to 42 postings lists.
Index: Time to insert doc 8842102: 8570
Adding document to 59 postings lists.
Index: Time to insert doc 8842103: 14638
Adding document to 15 postings lists.
Index: Time to insert doc 8842104: 2045
Adding document to 46 postings lists.
Index: Time to insert doc 8842105: 9734
Adding document to 49 postings lists.
Index: Time to insert doc 8842106: 10956
Adding document to 45 postings lists.
Index: Time to insert doc 8842107: 9645
Adding document to 20 postings lists.
Index: Time to insert doc 8842108: 3007
Adding document to 54 postings lists.
Index: Time to insert doc 8842109: 12882
Adding document to 45 postings lists.
Index: Time to insert doc 8842110: 9696
Adding document to 53 postings lists.
Index: Time to insert doc 8842111: 12553
Adding document to 66 postings lists.
Index: Time to insert doc 8842112: 18141
Adding document to 37 postings lists.
Index: Time to insert doc 8842113: 7231
Adding document to 72 postings lists.
Index: Time to insert doc 8842114: 20599
Adding document to 35 postings lists.
Index: Time to insert doc 8842115: 6476
Adding document to 48 postings lists.
Index: Time to insert doc 8842116: 10876
Adding document to 40 postings lists.
Index: Time to insert doc 8842117: 8037
Adding document to 75 postings lists.
Index: Time to insert doc 8842118: 22292
Adding document to 63 postings lists.
Index: Time to insert doc 8842119: 16376
Adding document to 33 postings lists.
Index: Time to insert doc 8842120: 6070
Adding document to 35 postings lists.
Index: Time to insert doc 8842121: 6289
Adding document to 33 postings lists.
Index: Time to insert doc 8842122: 5936
Adding document to 62 postings lists.
Index: Time to insert doc 8842123: 16228
Adding document to 75 postings lists.
Index: Time to insert doc 8842124: 22141
Adding document to 25 postings lists.
Index: Time to insert doc 8842125: 3910
Adding document to 42 postings lists.
Index: Time to insert doc 8842126: 8741
Adding document to 25 postings lists.
Index: Time to insert doc 8842127: 4058
Adding document to 59 postings lists.
Index: Time to insert doc 8842128: 14619
Adding document to 59 postings lists.
Index: Time to insert doc 8842129: 14761
Adding document to 54 postings lists.
Index: Time to insert doc 8842130: 12905
Adding document to 39 postings lists.
Index: Time to insert doc 8842131: 7623
Adding document to 32 postings lists.
Index: Time to insert doc 8842132: 5759
Adding document to 39 postings lists.
Index: Time to insert doc 8842133: 7728
Adding document to 42 postings lists.
Index: Time to insert doc 8842134: 8634
Adding document to 60 postings lists.
Index: Time to insert doc 8842135: 15366
Adding document to 28 postings lists.
Index: Time to insert doc 8842136: 4551
Adding document to 27 postings lists.
Index: Time to insert doc 8842137: 4455
Adding document to 66 postings lists.
Index: Time to insert doc 8842138: 17851
Adding document to 68 postings lists.
Index: Time to insert doc 8842139: 18885
Adding document to 43 postings lists.
Index: Time to insert doc 8842140: 9043
Adding document to 52 postings lists.
Index: Time to insert doc 8842141: 12276
Adding document to 29 postings lists.
Index: Time to insert doc 8842142: 4978
Adding document to 26 postings lists.
Index: Time to insert doc 8842143: 4253
Adding document to 36 postings lists.
Index: Time to insert doc 8842144: 6752
Adding document to 28 postings lists.
Index: Time to insert doc 8842145: 4732
Adding document to 33 postings lists.
Index: Time to insert doc 8842146: 6051
Adding document to 29 postings lists.
Index: Time to insert doc 8842147: 4880
Adding document to 44 postings lists.
Index: Time to insert doc 8842148: 9294
Adding document to 28 postings lists.
Index: Time to insert doc 8842149: 4683
Adding document to 44 postings lists.
Index: Time to insert doc 8842150: 9196
Adding document to 48 postings lists.
Index: Time to insert doc 8842151: 10564
Adding document to 51 postings lists.
Index: Time to insert doc 8842152: 11689
Adding document to 69 postings lists.
Index: Time to insert doc 8842153: 19114
Adding document to 46 postings lists.
Index: Time to insert doc 8842154: 10040
Adding document to 43 postings lists.
Index: Time to insert doc 8842155: 9097
Adding document to 33 postings lists.
Index: Time to insert doc 8842156: 6092
Adding document to 51 postings lists.
Index: Time to insert doc 8842157: 11791
Adding document to 52 postings lists.
Index: Time to insert doc 8842158: 11929
Adding document to 25 postings lists.
Index: Time to insert doc 8842159: 3944
Adding document to 47 postings lists.
Index: Time to insert doc 8842160: 10478
Adding document to 42 postings lists.
Index: Time to insert doc 8842161: 8578
Adding document to 65 postings lists.
Index: Time to insert doc 8842162: 17398
Adding document to 107 postings lists.
Index: Time to insert doc 8842163: 41267
Adding document to 31 postings lists.
Index: Time to insert doc 8842164: 5525
Adding document to 58 postings lists.
Index: Time to insert doc 8842165: 14736
Adding document to 59 postings lists.
Index: Time to insert doc 8842166: 15077
Adding document to 21 postings lists.
Index: Time to insert doc 8842167: 3145
Adding document to 36 postings lists.
Index: Time to insert doc 8842168: 7029
Adding document to 64 postings lists.
Index: Time to insert doc 8842169: 16947
Adding document to 69 postings lists.
Index: Time to insert doc 8842170: 19124
Adding document to 22 postings lists.
Index: Time to insert doc 8842171: 3394
Adding document to 26 postings lists.
Index: Time to insert doc 8842172: 4449
Adding document to 36 postings lists.
Index: Time to insert doc 8842173: 6999
Adding document to 44 postings lists.
Index: Time to insert doc 8842174: 9434
Adding document to 28 postings lists.
Index: Time to insert doc 8842175: 4639
Adding document to 30 postings lists.
Index: Time to insert doc 8842176: 5180
Adding document to 28 postings lists.
Index: Time to insert doc 8842177: 4643
Adding document to 23 postings lists.
Index: Time to insert doc 8842178: 3668
Adding document to 37 postings lists.
Index: Time to insert doc 8842179: 7206
Adding document to 25 postings lists.
Index: Time to insert doc 8842180: 4008
Adding document to 44 postings lists.
Index: Time to insert doc 8842181: 9277
Adding document to 52 postings lists.
Index: Time to insert doc 8842182: 12088
Adding document to 68 postings lists.
Index: Time to insert doc 8842183: 18629
Adding document to 88 postings lists.
Index: Time to insert doc 8842184: 29077
Adding document to 80 postings lists.
Index: Time to insert doc 8842185: 24550
Adding document to 64 postings lists.
Index: Time to insert doc 8842186: 16987
Adding document to 27 postings lists.
Index: Time to insert doc 8842187: 4348
Adding document to 31 postings lists.
Index: Time to insert doc 8842188: 5543
Adding document to 67 postings lists.
Index: Time to insert doc 8842189: 18321
Adding document to 59 postings lists.
Index: Time to insert doc 8842190: 14775
Adding document to 38 postings lists.
Index: Time to insert doc 8842191: 7431
Adding document to 60 postings lists.
Index: Time to insert doc 8842192: 15174
Adding document to 46 postings lists.
Index: Time to insert doc 8842193: 10076
Adding document to 56 postings lists.
Index: Time to insert doc 8842194: 13530
Adding document to 44 postings lists.
Index: Time to insert doc 8842195: 9214
Adding document to 32 postings lists.
Index: Time to insert doc 8842196: 5840
Adding document to 19 postings lists.
Index: Time to insert doc 8842197: 2792
Adding document to 44 postings lists.
Index: Time to insert doc 8842198: 9273
Adding document to 32 postings lists.
Index: Time to insert doc 8842199: 5721
Adding document to 33 postings lists.
Index: Time to insert doc 8842200: 5968
Adding document to 26 postings lists.
Index: Time to insert doc 8842201: 4191
Adding document to 42 postings lists.
Index: Time to insert doc 8842202: 8595
Adding document to 42 postings lists.
Index: Time to insert doc 8842203: 8758
Adding document to 52 postings lists.
Index: Time to insert doc 8842204: 12089
Adding document to 42 postings lists.
Index: Time to insert doc 8842205: 8709
Adding document to 46 postings lists.
Index: Time to insert doc 8842206: 9899
Adding document to 41 postings lists.
Index: Time to insert doc 8842207: 8498
Adding document to 30 postings lists.
Index: Time to insert doc 8842208: 5042
Adding document to 37 postings lists.
Index: Time to insert doc 8842209: 7103
Adding document to 57 postings lists.
Index: Time to insert doc 8842210: 14045
Adding document to 39 postings lists.
Index: Time to insert doc 8842211: 7810
Adding document to 27 postings lists.
Index: Time to insert doc 8842212: 4373
Adding document to 32 postings lists.
Index: Time to insert doc 8842213: 5745
Adding document to 34 postings lists.
Index: Time to insert doc 8842214: 6028
Adding document to 40 postings lists.
Index: Time to insert doc 8842215: 8091
Adding document to 50 postings lists.
Index: Time to insert doc 8842216: 11240
Adding document to 53 postings lists.
Index: Time to insert doc 8842217: 12558
Adding document to 25 postings lists.
Index: Time to insert doc 8842218: 3936
Adding document to 67 postings lists.
Index: Time to insert doc 8842219: 18303
Adding document to 52 postings lists.
Index: Time to insert doc 8842220: 12113
Adding document to 51 postings lists.
Index: Time to insert doc 8842221: 11717
Adding document to 16 postings lists.
Index: Time to insert doc 8842222: 2251
Adding document to 71 postings lists.
Index: Time to insert doc 8842223: 20616
Adding document to 71 postings lists.
Index: Time to insert doc 8842224: 20299
Adding document to 26 postings lists.
Index: Time to insert doc 8842225: 4315
Adding document to 42 postings lists.
Index: Time to insert doc 8842226: 8671
Adding document to 55 postings lists.
Index: Time to insert doc 8842227: 13987
Adding document to 26 postings lists.
Index: Time to insert doc 8842228: 4208
Adding document to 55 postings lists.
Index: Time to insert doc 8842229: 13455
Adding document to 42 postings lists.
Index: Time to insert doc 8842230: 8664
Adding document to 46 postings lists.
Index: Time to insert doc 8842231: 9909
Adding document to 53 postings lists.
Index: Time to insert doc 8842232: 12359
Adding document to 62 postings lists.
Index: Time to insert doc 8842233: 16268
Adding document to 25 postings lists.
Index: Time to insert doc 8842234: 4009
Adding document to 37 postings lists.
Index: Time to insert doc 8842235: 7272
Adding document to 72 postings lists.
Index: Time to insert doc 8842236: 20683
Adding document to 35 postings lists.
Index: Time to insert doc 8842237: 6544
Adding document to 25 postings lists.
Index: Time to insert doc 8842238: 3950
Adding document to 52 postings lists.
Index: Time to insert doc 8842239: 12021
Adding document to 23 postings lists.
Index: Time to insert doc 8842240: 3557
Adding document to 27 postings lists.
Index: Time to insert doc 8842241: 4453
Adding document to 31 postings lists.
Index: Time to insert doc 8842242: 5306
Adding document to 62 postings lists.
Index: Time to insert doc 8842243: 15826
Adding document to 34 postings lists.
Index: Time to insert doc 8842244: 6232
Adding document to 35 postings lists.
Index: Time to insert doc 8842245: 6492
Adding document to 45 postings lists.
Index: Time to insert doc 8842246: 9653
Adding document to 23 postings lists.
Index: Time to insert doc 8842247: 3608
Adding document to 38 postings lists.
Index: Time to insert doc 8842248: 7545
Adding document to 45 postings lists.
Index: Time to insert doc 8842249: 9468
Adding document to 53 postings lists.
Index: Time to insert doc 8842250: 12502
Adding document to 44 postings lists.
Index: Time to insert doc 8842251: 9134
Adding document to 91 postings lists.
Index: Time to insert doc 8842252: 30806
Adding document to 58 postings lists.
Index: Time to insert doc 8842253: 14384
Adding document to 19 postings lists.
Index: Time to insert doc 8842254: 2742
Adding document to 61 postings lists.
Index: Time to insert doc 8842255: 15535
Adding document to 23 postings lists.
Index: Time to insert doc 8842256: 3586
Adding document to 26 postings lists.
Index: Time to insert doc 8842257: 4251
Adding document to 62 postings lists.
Index: Time to insert doc 8842258: 16237
Adding document to 42 postings lists.
Index: Time to insert doc 8842259: 8790
Adding document to 35 postings lists.
Index: Time to insert doc 8842260: 6498
Adding document to 29 postings lists.
Index: Time to insert doc 8842261: 4862
Adding document to 21 postings lists.
Index: Time to insert doc 8842262: 3082
Adding document to 69 postings lists.
Index: Time to insert doc 8842263: 19174
Adding document to 60 postings lists.
Index: Time to insert doc 8842264: 15391
Adding document to 74 postings lists.
Index: Time to insert doc 8842265: 21774
Adding document to 39 postings lists.
Index: Time to insert doc 8842266: 7697
Adding document to 44 postings lists.
Index: Time to insert doc 8842267: 9229
Adding document to 54 postings lists.
Index: Time to insert doc 8842268: 12793
Adding document to 38 postings lists.
Index: Time to insert doc 8842269: 7626
Adding document to 13 postings lists.
Index: Time to insert doc 8842270: 1621
Adding document to 17 postings lists.
Index: Time to insert doc 8842271: 2435
Adding document to 51 postings lists.
Index: Time to insert doc 8842272: 11752
Adding document to 22 postings lists.
Index: Time to insert doc 8842273: 3218
Adding document to 44 postings lists.
Index: Time to insert doc 8842274: 9178
Adding document to 15 postings lists.
Index: Time to insert doc 8842275: 2019
Adding document to 87 postings lists.
Index: Time to insert doc 8842276: 28533
Adding document to 42 postings lists.
Index: Time to insert doc 8842277: 8758
Adding document to 17 postings lists.
Index: Time to insert doc 8842278: 2356
Adding document to 18 postings lists.
Index: Time to insert doc 8842279: 2584
Adding document to 51 postings lists.
Index: Time to insert doc 8842280: 11862
Adding document to 24 postings lists.
Index: Time to insert doc 8842281: 3884
Adding document to 60 postings lists.
Index: Time to insert doc 8842282: 15336
Adding document to 20 postings lists.
Index: Time to insert doc 8842283: 2896
Adding document to 56 postings lists.
Index: Time to insert doc 8842284: 13654
Adding document to 57 postings lists.
Index: Time to insert doc 8842285: 14213
Adding document to 62 postings lists.
Index: Time to insert doc 8842286: 15917
Adding document to 38 postings lists.
Index: Time to insert doc 8842287: 7385
Adding document to 16 postings lists.
Index: Time to insert doc 8842288: 2230
Adding document to 19 postings lists.
Index: Time to insert doc 8842289: 2734
Adding document to 25 postings lists.
Index: Time to insert doc 8842290: 4009
Adding document to 20 postings lists.
Index: Time to insert doc 8842291: 2940
Adding document to 86 postings lists.
Index: Time to insert doc 8842292: 28593
Adding document to 31 postings lists.
Index: Time to insert doc 8842293: 5403
Adding document to 34 postings lists.
Index: Time to insert doc 8842294: 6220
Adding document to 40 postings lists.
Index: Time to insert doc 8842295: 8065
Adding document to 34 postings lists.
Index: Time to insert doc 8842296: 6165
Adding document to 39 postings lists.
Index: Time to insert doc 8842297: 7799
Adding document to 99 postings lists.
Index: Time to insert doc 8842298: 36076
Adding document to 34 postings lists.
Index: Time to insert doc 8842299: 6312
Adding document to 22 postings lists.
Index: Time to insert doc 8842300: 3299
Adding document to 46 postings lists.
Index: Time to insert doc 8842301: 10010
Adding document to 38 postings lists.
Index: Time to insert doc 8842302: 7256
Adding document to 29 postings lists.
Index: Time to insert doc 8842303: 4856
Adding document to 47 postings lists.
Index: Time to insert doc 8842304: 10130
Adding document to 57 postings lists.
Index: Time to insert doc 8842305: 13998
Adding document to 33 postings lists.
Index: Time to insert doc 8842306: 5915
Adding document to 32 postings lists.
Index: Time to insert doc 8842307: 5721
Adding document to 67 postings lists.
Index: Time to insert doc 8842308: 18405
Adding document to 31 postings lists.
Index: Time to insert doc 8842309: 5388
Adding document to 48 postings lists.
Index: Time to insert doc 8842310: 10786
Adding document to 31 postings lists.
Index: Time to insert doc 8842311: 5391
Adding document to 21 postings lists.
Index: Time to insert doc 8842312: 3136
Adding document to 37 postings lists.
Index: Time to insert doc 8842313: 7039
Adding document to 41 postings lists.
Index: Time to insert doc 8842314: 8430
Adding document to 58 postings lists.
Index: Time to insert doc 8842315: 14718
Adding document to 50 postings lists.
Index: Time to insert doc 8842316: 11395
Adding document to 49 postings lists.
Index: Time to insert doc 8842317: 11069
Adding document to 54 postings lists.
Index: Time to insert doc 8842318: 13053
Adding document to 35 postings lists.
Index: Time to insert doc 8842319: 6478
Adding document to 25 postings lists.
Index: Time to insert doc 8842320: 4005
Adding document to 33 postings lists.
Index: Time to insert doc 8842321: 5955
Adding document to 43 postings lists.
Index: Time to insert doc 8842322: 9020
Adding document to 62 postings lists.
Index: Time to insert doc 8842323: 16273
Adding document to 29 postings lists.
Index: Time to insert doc 8842324: 4813
Adding document to 70 postings lists.
Index: Time to insert doc 8842325: 19548
Adding document to 53 postings lists.
Index: Time to insert doc 8842326: 12358
Adding document to 41 postings lists.
Index: Time to insert doc 8842327: 8299
Adding document to 46 postings lists.
Index: Time to insert doc 8842328: 9877
Adding document to 38 postings lists.
Index: Time to insert doc 8842329: 7413
Adding document to 59 postings lists.
Index: Time to insert doc 8842330: 14804
Adding document to 57 postings lists.
Index: Time to insert doc 8842331: 14205
Adding document to 44 postings lists.
Index: Time to insert doc 8842332: 9275
Adding document to 38 postings lists.
Index: Time to insert doc 8842333: 7416
Adding document to 51 postings lists.
Index: Time to insert doc 8842334: 11695
Adding document to 28 postings lists.
Index: Time to insert doc 8842335: 4696
Adding document to 81 postings lists.
Index: Time to insert doc 8842336: 25495
Adding document to 42 postings lists.
Index: Time to insert doc 8842337: 8503
Adding document to 68 postings lists.
Index: Time to insert doc 8842338: 18866
Adding document to 31 postings lists.
Index: Time to insert doc 8842339: 5359
Adding document to 28 postings lists.
Index: Time to insert doc 8842340: 4646
Adding document to 48 postings lists.
Index: Time to insert doc 8842341: 10673
Adding document to 60 postings lists.
Index: Time to insert doc 8842342: 15206
Adding document to 65 postings lists.
Index: Time to insert doc 8842343: 17339
Adding document to 75 postings lists.
Index: Time to insert doc 8842344: 22379
Adding document to 45 postings lists.
Index: Time to insert doc 8842345: 9609
Adding document to 43 postings lists.
Index: Time to insert doc 8842346: 8960
Adding document to 51 postings lists.
Index: Time to insert doc 8842347: 11869
Adding document to 32 postings lists.
Index: Time to insert doc 8842348: 5760
Adding document to 47 postings lists.
Index: Time to insert doc 8842349: 10315
Adding document to 34 postings lists.
Index: Time to insert doc 8842350: 6353
Adding document to 54 postings lists.
Index: Time to insert doc 8842351: 12850
Adding document to 33 postings lists.
Index: Time to insert doc 8842352: 6104
Adding document to 55 postings lists.
Index: Time to insert doc 8842353: 13213
Adding document to 25 postings lists.
Index: Time to insert doc 8842354: 4076
Adding document to 90 postings lists.
Index: Time to insert doc 8842355: 30286
Adding document to 39 postings lists.
Index: Time to insert doc 8842356: 7709
Adding document to 36 postings lists.
Index: Time to insert doc 8842357: 6771
Adding document to 20 postings lists.
Index: Time to insert doc 8842358: 2957
Adding document to 79 postings lists.
Index: Time to insert doc 8842359: 24302
Adding document to 61 postings lists.
Index: Time to insert doc 8842360: 15772
Adding document to 46 postings lists.
Index: Time to insert doc 8842361: 9982
Adding document to 50 postings lists.
Index: Time to insert doc 8842362: 11437
Adding document to 41 postings lists.
Index: Time to insert doc 8842363: 8229
Adding document to 55 postings lists.
Index: Time to insert doc 8842364: 13321
Adding document to 61 postings lists.
Index: Time to insert doc 8842365: 15800
Adding document to 56 postings lists.
Index: Time to insert doc 8842366: 13568
Adding document to 33 postings lists.
Index: Time to insert doc 8842367: 6023
Adding document to 31 postings lists.
Index: Time to insert doc 8842368: 5386
Adding document to 49 postings lists.
Index: Time to insert doc 8842369: 10994
Adding document to 77 postings lists.
Index: Time to insert doc 8842370: 23306
Adding document to 62 postings lists.
Index: Time to insert doc 8842371: 15955
Adding document to 50 postings lists.
Index: Time to insert doc 8842372: 11247
Adding document to 49 postings lists.
Index: Time to insert doc 8842373: 11112
Adding document to 27 postings lists.
Index: Time to insert doc 8842374: 4488
Adding document to 68 postings lists.
Index: Time to insert doc 8842375: 18888
Adding document to 59 postings lists.
Index: Time to insert doc 8842376: 14854
Adding document to 29 postings lists.
Index: Time to insert doc 8842377: 4956
Adding document to 45 postings lists.
Index: Time to insert doc 8842378: 9500
Adding document to 35 postings lists.
Index: Time to insert doc 8842379: 6512
Adding document to 69 postings lists.
Index: Time to insert doc 8842380: 19143
Adding document to 51 postings lists.
Index: Time to insert doc 8842381: 11493
Adding document to 52 postings lists.
Index: Time to insert doc 8842382: 11926
Adding document to 62 postings lists.
Index: Time to insert doc 8842383: 15998
Adding document to 20 postings lists.
Index: Time to insert doc 8842384: 2986
Adding document to 40 postings lists.
Index: Time to insert doc 8842385: 7822
Adding document to 30 postings lists.
Index: Time to insert doc 8842386: 5116
Adding document to 24 postings lists.
Index: Time to insert doc 8842387: 3765
Adding document to 48 postings lists.
Index: Time to insert doc 8842388: 10526
Adding document to 40 postings lists.
Index: Time to insert doc 8842389: 7983
Adding document to 34 postings lists.
Index: Time to insert doc 8842390: 6259
Adding document to 28 postings lists.
Index: Time to insert doc 8842391: 4727
Adding document to 31 postings lists.
Index: Time to insert doc 8842392: 5314
Adding document to 15 postings lists.
Index: Time to insert doc 8842393: 1995
Adding document to 61 postings lists.
Index: Time to insert doc 8842394: 15628
Adding document to 51 postings lists.
Index: Time to insert doc 8842395: 11500
Adding document to 29 postings lists.
Index: Time to insert doc 8842396: 4878
Adding document to 47 postings lists.
Index: Time to insert doc 8842397: 10344
Adding document to 59 postings lists.
Index: Time to insert doc 8842398: 14907
Adding document to 24 postings lists.
Index: Time to insert doc 8842399: 3798
Adding document to 20 postings lists.
Index: Time to insert doc 8842400: 2974
Adding document to 21 postings lists.
Index: Time to insert doc 8842401: 3081
Adding document to 23 postings lists.
Index: Time to insert doc 8842402: 3471
Adding document to 29 postings lists.
Index: Time to insert doc 8842403: 4875
Adding document to 45 postings lists.
Index: Time to insert doc 8842404: 9619
Adding document to 39 postings lists.
Index: Time to insert doc 8842405: 7531
Adding document to 33 postings lists.
Index: Time to insert doc 8842406: 5905
Adding document to 74 postings lists.
Index: Time to insert doc 8842407: 22046
Adding document to 28 postings lists.
Index: Time to insert doc 8842408: 4711
Adding document to 26 postings lists.
Index: Time to insert doc 8842409: 4260
Adding document to 30 postings lists.
Index: Time to insert doc 8842410: 5144
Adding document to 42 postings lists.
Index: Time to insert doc 8842411: 8666
Adding document to 52 postings lists.
Index: Time to insert doc 8842412: 12193
Adding document to 49 postings lists.
Index: Time to insert doc 8842413: 10922
Adding document to 34 postings lists.
Index: Time to insert doc 8842414: 6219
Adding document to 82 postings lists.
Index: Time to insert doc 8842415: 25953
Adding document to 33 postings lists.
Index: Time to insert doc 8842416: 5943
Adding document to 27 postings lists.
Index: Time to insert doc 8842417: 4511
Adding document to 34 postings lists.
Index: Time to insert doc 8842418: 6251
Adding document to 64 postings lists.
Index: Time to insert doc 8842419: 16946
Adding document to 20 postings lists.
Index: Time to insert doc 8842420: 2875
Adding document to 24 postings lists.
Index: Time to insert doc 8842421: 3753
Adding document to 25 postings lists.
Index: Time to insert doc 8842422: 3971
Adding document to 60 postings lists.
Index: Time to insert doc 8842423: 15242
Adding document to 59 postings lists.
Index: Time to insert doc 8842424: 14790
Adding document to 34 postings lists.
Index: Time to insert doc 8842425: 6280
Adding document to 47 postings lists.
Index: Time to insert doc 8842426: 10268
Adding document to 42 postings lists.
Index: Time to insert doc 8842427: 8976
Adding document to 27 postings lists.
Index: Time to insert doc 8842428: 4505
Adding document to 28 postings lists.
Index: Time to insert doc 8842429: 4670
Adding document to 49 postings lists.
Index: Time to insert doc 8842430: 11073
Adding document to 51 postings lists.
Index: Time to insert doc 8842431: 11636
Adding document to 51 postings lists.
Index: Time to insert doc 8842432: 11629
Adding document to 35 postings lists.
Index: Time to insert doc 8842433: 6569
Adding document to 32 postings lists.
Index: Time to insert doc 8842434: 5612
Adding document to 42 postings lists.
Index: Time to insert doc 8842435: 8641
Adding document to 63 postings lists.
Index: Time to insert doc 8842436: 16605
Adding document to 25 postings lists.
Index: Time to insert doc 8842437: 3999
Adding document to 22 postings lists.
Index: Time to insert doc 8842438: 3280
Adding document to 25 postings lists.
Index: Time to insert doc 8842439: 3941
Adding document to 53 postings lists.
Index: Time to insert doc 8842440: 12402
Adding document to 52 postings lists.
Index: Time to insert doc 8842441: 11981
Adding document to 18 postings lists.
Index: Time to insert doc 8842442: 2708
Adding document to 33 postings lists.
Index: Time to insert doc 8842443: 6431
Adding document to 32 postings lists.
Index: Time to insert doc 8842444: 6241
Adding document to 17 postings lists.
Index: Time to insert doc 8842445: 2756
Adding document to 39 postings lists.
Index: Time to insert doc 8842446: 8527
Adding document to 49 postings lists.
Index: Time to insert doc 8842447: 11444
Adding document to 35 postings lists.
Index: Time to insert doc 8842448: 6758
Adding document to 49 postings lists.
Index: Time to insert doc 8842449: 11228
Adding document to 35 postings lists.
Index: Time to insert doc 8842450: 6764
Adding document to 55 postings lists.
Index: Time to insert doc 8842451: 13539
Adding document to 42 postings lists.
Index: Time to insert doc 8842452: 8844
Adding document to 24 postings lists.
Index: Time to insert doc 8842453: 3780
Adding document to 36 postings lists.
Index: Time to insert doc 8842454: 6799
Adding document to 34 postings lists.
Index: Time to insert doc 8842455: 6342
Adding document to 55 postings lists.
Index: Time to insert doc 8842456: 13279
Adding document to 31 postings lists.
Index: Time to insert doc 8842457: 5450
Adding document to 38 postings lists.
Index: Time to insert doc 8842458: 7443
Adding document to 45 postings lists.
Index: Time to insert doc 8842459: 9549
Adding document to 60 postings lists.
Index: Time to insert doc 8842460: 15067
Adding document to 43 postings lists.
Index: Time to insert doc 8842461: 8991
Adding document to 49 postings lists.
Index: Time to insert doc 8842462: 10817
Adding document to 29 postings lists.
Index: Time to insert doc 8842463: 4827
Adding document to 35 postings lists.
Index: Time to insert doc 8842464: 6464
Adding document to 60 postings lists.
Index: Time to insert doc 8842465: 15221
Adding document to 46 postings lists.
Index: Time to insert doc 8842466: 9961
Adding document to 38 postings lists.
Index: Time to insert doc 8842467: 7246
Adding document to 38 postings lists.
Index: Time to insert doc 8842468: 7368
Adding document to 52 postings lists.
Index: Time to insert doc 8842469: 12011
Adding document to 25 postings lists.
Index: Time to insert doc 8842470: 3977
Adding document to 23 postings lists.
Index: Time to insert doc 8842471: 3544
Adding document to 61 postings lists.
Index: Time to insert doc 8842472: 15679
Adding document to 37 postings lists.
Index: Time to insert doc 8842473: 7032
Adding document to 59 postings lists.
Index: Time to insert doc 8842474: 14917
Adding document to 35 postings lists.
Index: Time to insert doc 8842475: 6652
Adding document to 21 postings lists.
Index: Time to insert doc 8842476: 3076
Adding document to 52 postings lists.
Index: Time to insert doc 8842477: 12099
Adding document to 56 postings lists.
Index: Time to insert doc 8842478: 13696
Adding document to 18 postings lists.
Index: Time to insert doc 8842479: 2498
Adding document to 57 postings lists.
Index: Time to insert doc 8842480: 13898
Adding document to 21 postings lists.
Index: Time to insert doc 8842481: 3100
Adding document to 50 postings lists.
Index: Time to insert doc 8842482: 11270
Adding document to 74 postings lists.
Index: Time to insert doc 8842483: 21712
Adding document to 50 postings lists.
Index: Time to insert doc 8842484: 11505
Adding document to 33 postings lists.
Index: Time to insert doc 8842485: 6021
Adding document to 40 postings lists.
Index: Time to insert doc 8842486: 8084
Adding document to 20 postings lists.
Index: Time to insert doc 8842487: 3040
Adding document to 59 postings lists.
Index: Time to insert doc 8842488: 14924
Adding document to 63 postings lists.
Index: Time to insert doc 8842489: 16507
Adding document to 68 postings lists.
Index: Time to insert doc 8842490: 18786
Adding document to 33 postings lists.
Index: Time to insert doc 8842491: 6006
Adding document to 25 postings lists.
Index: Time to insert doc 8842492: 3943
Adding document to 53 postings lists.
Index: Time to insert doc 8842493: 12454
Adding document to 25 postings lists.
Index: Time to insert doc 8842494: 3897
Adding document to 42 postings lists.
Index: Time to insert doc 8842495: 8555
Adding document to 55 postings lists.
Index: Time to insert doc 8842496: 13295
Adding document to 27 postings lists.
Index: Time to insert doc 8842497: 4398
Adding document to 46 postings lists.
Index: Time to insert doc 8842498: 9998
Adding document to 80 postings lists.
Index: Time to insert doc 8842499: 24768
Adding document to 49 postings lists.
Index: Time to insert doc 8842500: 11169
Adding document to 37 postings lists.
Index: Time to insert doc 8842501: 7238
Adding document to 28 postings lists.
Index: Time to insert doc 8842502: 4667
Adding document to 51 postings lists.
Index: Time to insert doc 8842503: 11790
Adding document to 83 postings lists.
Index: Time to insert doc 8842504: 26297
Adding document to 41 postings lists.
Index: Time to insert doc 8842505: 8243
Adding document to 31 postings lists.
Index: Time to insert doc 8842506: 5535
Adding document to 38 postings lists.
Index: Time to insert doc 8842507: 7442
Adding document to 27 postings lists.
Index: Time to insert doc 8842508: 4353
Adding document to 58 postings lists.
Index: Time to insert doc 8842509: 14478
Adding document to 50 postings lists.
Index: Time to insert doc 8842510: 11336
Adding document to 23 postings lists.
Index: Time to insert doc 8842511: 3481
Adding document to 32 postings lists.
Index: Time to insert doc 8842512: 11881
Adding document to 44 postings lists.
Index: Time to insert doc 8842513: 9225
Adding document to 39 postings lists.
Index: Time to insert doc 8842514: 7569
Adding document to 43 postings lists.
Index: Time to insert doc 8842515: 9018
Adding document to 24 postings lists.
Index: Time to insert doc 8842516: 3765
Adding document to 18 postings lists.
Index: Time to insert doc 8842517: 2478
Adding document to 37 postings lists.
Index: Time to insert doc 8842518: 7143
Adding document to 86 postings lists.
Index: Time to insert doc 8842519: 28115
Adding document to 45 postings lists.
Index: Time to insert doc 8842520: 9562
Adding document to 32 postings lists.
Index: Time to insert doc 8842521: 5621
Adding document to 20 postings lists.
Index: Time to insert doc 8842522: 2923
Adding document to 51 postings lists.
Index: Time to insert doc 8842523: 11733
Adding document to 67 postings lists.
Index: Time to insert doc 8842524: 18473
Adding document to 23 postings lists.
Index: Time to insert doc 8842525: 3509
Adding document to 37 postings lists.
Index: Time to insert doc 8842526: 7196
Adding document to 59 postings lists.
Index: Time to insert doc 8842527: 14981
Adding document to 47 postings lists.
Index: Time to insert doc 8842528: 10323
Adding document to 57 postings lists.
Index: Time to insert doc 8842529: 13999
Adding document to 34 postings lists.
Index: Time to insert doc 8842530: 6304
Adding document to 20 postings lists.
Index: Time to insert doc 8842531: 2998
Adding document to 64 postings lists.
Index: Time to insert doc 8842532: 16628
Adding document to 30 postings lists.
Index: Time to insert doc 8842533: 5164
Adding document to 65 postings lists.
Index: Time to insert doc 8842534: 17702
Adding document to 57 postings lists.
Index: Time to insert doc 8842535: 14042
Adding document to 77 postings lists.
Index: Time to insert doc 8842536: 23209
Adding document to 33 postings lists.
Index: Time to insert doc 8842537: 6040
Adding document to 51 postings lists.
Index: Time to insert doc 8842538: 11773
Adding document to 44 postings lists.
Index: Time to insert doc 8842539: 9318
Adding document to 63 postings lists.
Index: Time to insert doc 8842540: 16376
Adding document to 22 postings lists.
Index: Time to insert doc 8842541: 3402
Adding document to 50 postings lists.
Index: Time to insert doc 8842542: 11350
Adding document to 65 postings lists.
Index: Time to insert doc 8842543: 17463
Adding document to 48 postings lists.
Index: Time to insert doc 8842544: 10634
Adding document to 60 postings lists.
Index: Time to insert doc 8842545: 15014
Adding document to 46 postings lists.
Index: Time to insert doc 8842546: 9922
Adding document to 31 postings lists.
Index: Time to insert doc 8842547: 5411
Adding document to 54 postings lists.
Index: Time to insert doc 8842548: 12671
Adding document to 36 postings lists.
Index: Time to insert doc 8842549: 6726
Adding document to 38 postings lists.
Index: Time to insert doc 8842550: 7350
Adding document to 48 postings lists.
Index: Time to insert doc 8842551: 10555
Adding document to 66 postings lists.
Index: Time to insert doc 8842552: 17922
Adding document to 51 postings lists.
Index: Time to insert doc 8842553: 11603
Adding document to 66 postings lists.
Index: Time to insert doc 8842554: 17865
Adding document to 46 postings lists.
Index: Time to insert doc 8842555: 9827
Adding document to 43 postings lists.
Index: Time to insert doc 8842556: 8943
Adding document to 34 postings lists.
Index: Time to insert doc 8842557: 6256
Adding document to 47 postings lists.
Index: Time to insert doc 8842558: 10212
Adding document to 34 postings lists.
Index: Time to insert doc 8842559: 6205
Adding document to 32 postings lists.
Index: Time to insert doc 8842560: 5618
Adding document to 46 postings lists.
Index: Time to insert doc 8842561: 10071
Adding document to 61 postings lists.
Index: Time to insert doc 8842562: 15689
Adding document to 60 postings lists.
Index: Time to insert doc 8842563: 15236
Adding document to 36 postings lists.
Index: Time to insert doc 8842564: 6844
Adding document to 29 postings lists.
Index: Time to insert doc 8842565: 4888
Adding document to 44 postings lists.
Index: Time to insert doc 8842566: 9164
Adding document to 39 postings lists.
Index: Time to insert doc 8842567: 7706
Adding document to 31 postings lists.
Index: Time to insert doc 8842568: 5469
Adding document to 42 postings lists.
Index: Time to insert doc 8842569: 8580
Adding document to 75 postings lists.
Index: Time to insert doc 8842570: 22066
Adding document to 46 postings lists.
Index: Time to insert doc 8842571: 9918
Adding document to 64 postings lists.
Index: Time to insert doc 8842572: 16742
Adding document to 46 postings lists.
Index: Time to insert doc 8842573: 9776
Adding document to 46 postings lists.
Index: Time to insert doc 8842574: 10084
Adding document to 37 postings lists.
Index: Time to insert doc 8842575: 6998
Adding document to 38 postings lists.
Index: Time to insert doc 8842576: 7389
Adding document to 23 postings lists.
Index: Time to insert doc 8842577: 3491
Adding document to 39 postings lists.
Index: Time to insert doc 8842578: 7659
Adding document to 50 postings lists.
Index: Time to insert doc 8842579: 11322
Adding document to 53 postings lists.
Index: Time to insert doc 8842580: 12415
Adding document to 35 postings lists.
Index: Time to insert doc 8842581: 6540
Adding document to 39 postings lists.
Index: Time to insert doc 8842582: 7593
Adding document to 36 postings lists.
Index: Time to insert doc 8842583: 6801
Adding document to 29 postings lists.
Index: Time to insert doc 8842584: 4903
Adding document to 25 postings lists.
Index: Time to insert doc 8842585: 4004
Adding document to 38 postings lists.
Index: Time to insert doc 8842586: 7242
Adding document to 32 postings lists.
Index: Time to insert doc 8842587: 5771
Adding document to 39 postings lists.
Index: Time to insert doc 8842588: 7680
Adding document to 83 postings lists.
Index: Time to insert doc 8842589: 26199
Adding document to 33 postings lists.
Index: Time to insert doc 8842590: 6049
Adding document to 53 postings lists.
Index: Time to insert doc 8842591: 12464
Adding document to 67 postings lists.
Index: Time to insert doc 8842592: 18241
Adding document to 33 postings lists.
Index: Time to insert doc 8842593: 6098
Adding document to 80 postings lists.
Index: Time to insert doc 8842594: 24627
Adding document to 51 postings lists.
Index: Time to insert doc 8842595: 11659
Adding document to 53 postings lists.
Index: Time to insert doc 8842596: 12265
Adding document to 81 postings lists.
Index: Time to insert doc 8842597: 25152
Adding document to 68 postings lists.
Index: Time to insert doc 8842598: 18575
Adding document to 73 postings lists.
Index: Time to insert doc 8842599: 21096
Adding document to 38 postings lists.
Index: Time to insert doc 8842600: 7401
Adding document to 30 postings lists.
Index: Time to insert doc 8842601: 5280
Adding document to 53 postings lists.
Index: Time to insert doc 8842602: 12307
Adding document to 88 postings lists.
Index: Time to insert doc 8842603: 28884
Adding document to 54 postings lists.
Index: Time to insert doc 8842604: 12676
Adding document to 79 postings lists.
Index: Time to insert doc 8842605: 24523
Adding document to 70 postings lists.
Index: Time to insert doc 8842606: 19737
Adding document to 17 postings lists.
Index: Time to insert doc 8842607: 2348
Adding document to 27 postings lists.
Index: Time to insert doc 8842608: 4325
Adding document to 52 postings lists.
Index: Time to insert doc 8842609: 11993
Adding document to 29 postings lists.
Index: Time to insert doc 8842610: 4854
Adding document to 52 postings lists.
Index: Time to insert doc 8842611: 12019
Adding document to 34 postings lists.
Index: Time to insert doc 8842612: 6262
Adding document to 29 postings lists.
Index: Time to insert doc 8842613: 4959
Adding document to 36 postings lists.
Index: Time to insert doc 8842614: 6711
Adding document to 36 postings lists.
Index: Time to insert doc 8842615: 6874
Adding document to 33 postings lists.
Index: Time to insert doc 8842616: 5942
Adding document to 40 postings lists.
Index: Time to insert doc 8842617: 7974
Adding document to 68 postings lists.
Index: Time to insert doc 8842618: 18892
Adding document to 51 postings lists.
Index: Time to insert doc 8842619: 11649
Adding document to 27 postings lists.
Index: Time to insert doc 8842620: 4343
Adding document to 56 postings lists.
Index: Time to insert doc 8842621: 13749
Adding document to 39 postings lists.
Index: Time to insert doc 8842622: 7629
Adding document to 77 postings lists.
Index: Time to insert doc 8842623: 23041
Adding document to 22 postings lists.
Index: Time to insert doc 8842624: 3270
Adding document to 30 postings lists.
Index: Time to insert doc 8842625: 5078
Adding document to 31 postings lists.
Index: Time to insert doc 8842626: 5333
Adding document to 69 postings lists.
Index: Time to insert doc 8842627: 19390
Adding document to 39 postings lists.
Index: Time to insert doc 8842628: 7587
Adding document to 93 postings lists.
Index: Time to insert doc 8842629: 31836
Adding document to 47 postings lists.
Index: Time to insert doc 8842630: 10338
Adding document to 32 postings lists.
Index: Time to insert doc 8842631: 5630
Adding document to 37 postings lists.
Index: Time to insert doc 8842632: 7117
Adding document to 45 postings lists.
Index: Time to insert doc 8842633: 9620
Adding document to 57 postings lists.
Index: Time to insert doc 8842634: 13934
Adding document to 88 postings lists.
Index: Time to insert doc 8842635: 29074
Adding document to 46 postings lists.
Index: Time to insert doc 8842636: 9954
Adding document to 74 postings lists.
Index: Time to insert doc 8842637: 21469
Adding document to 35 postings lists.
Index: Time to insert doc 8842638: 6381
Adding document to 31 postings lists.
Index: Time to insert doc 8842639: 5411
Adding document to 37 postings lists.
Index: Time to insert doc 8842640: 7192
Adding document to 39 postings lists.
Index: Time to insert doc 8842641: 7813
Adding document to 42 postings lists.
Index: Time to insert doc 8842642: 8832
Adding document to 50 postings lists.
Index: Time to insert doc 8842643: 11210
Adding document to 29 postings lists.
Index: Time to insert doc 8842644: 4905
Adding document to 77 postings lists.
Index: Time to insert doc 8842645: 23126
Adding document to 42 postings lists.
Index: Time to insert doc 8842646: 8498
Adding document to 45 postings lists.
Index: Time to insert doc 8842647: 9588
Adding document to 26 postings lists.
Index: Time to insert doc 8842648: 4151
Adding document to 75 postings lists.
Index: Time to insert doc 8842649: 22850
Adding document to 20 postings lists.
Index: Time to insert doc 8842650: 2938
Adding document to 29 postings lists.
Index: Time to insert doc 8842651: 4897
Adding document to 64 postings lists.
Index: Time to insert doc 8842652: 17082
Adding document to 50 postings lists.
Index: Time to insert doc 8842653: 11228
Adding document to 40 postings lists.
Index: Time to insert doc 8842654: 7917
Adding document to 15 postings lists.
Index: Time to insert doc 8842655: 2026
Adding document to 53 postings lists.
Index: Time to insert doc 8842656: 12342
Adding document to 70 postings lists.
Index: Time to insert doc 8842657: 19622
Adding document to 50 postings lists.
Index: Time to insert doc 8842658: 11447
Adding document to 35 postings lists.
Index: Time to insert doc 8842659: 6398
Adding document to 30 postings lists.
Index: Time to insert doc 8842660: 5148
Adding document to 44 postings lists.
Index: Time to insert doc 8842661: 9115
Adding document to 74 postings lists.
Index: Time to insert doc 8842662: 21415
Adding document to 25 postings lists.
Index: Time to insert doc 8842663: 4029
Adding document to 36 postings lists.
Index: Time to insert doc 8842664: 6858
Adding document to 38 postings lists.
Index: Time to insert doc 8842665: 7401
Adding document to 55 postings lists.
Index: Time to insert doc 8842666: 13347
Adding document to 45 postings lists.
Index: Time to insert doc 8842667: 9902
Adding document to 50 postings lists.
Index: Time to insert doc 8842668: 11280
Adding document to 29 postings lists.
Index: Time to insert doc 8842669: 4917
Adding document to 23 postings lists.
Index: Time to insert doc 8842670: 3483
Adding document to 38 postings lists.
Index: Time to insert doc 8842671: 7343
Adding document to 41 postings lists.
Index: Time to insert doc 8842672: 8327
Adding document to 35 postings lists.
Index: Time to insert doc 8842673: 6505
Adding document to 70 postings lists.
Index: Time to insert doc 8842674: 20015
Adding document to 45 postings lists.
Index: Time to insert doc 8842675: 9557
Adding document to 39 postings lists.
Index: Time to insert doc 8842676: 7554
Adding document to 62 postings lists.
Index: Time to insert doc 8842677: 15952
Adding document to 38 postings lists.
Index: Time to insert doc 8842678: 7422
Adding document to 45 postings lists.
Index: Time to insert doc 8842679: 9636
Adding document to 27 postings lists.
Index: Time to insert doc 8842680: 4369
Adding document to 79 postings lists.
Index: Time to insert doc 8842681: 24249
Adding document to 30 postings lists.
Index: Time to insert doc 8842682: 5196
Adding document to 37 postings lists.
Index: Time to insert doc 8842683: 7136
Adding document to 60 postings lists.
Index: Time to insert doc 8842684: 15161
Adding document to 44 postings lists.
Index: Time to insert doc 8842685: 9329
Adding document to 41 postings lists.
Index: Time to insert doc 8842686: 8306
Adding document to 48 postings lists.
Index: Time to insert doc 8842687: 10772
Adding document to 45 postings lists.
Index: Time to insert doc 8842688: 9565
Adding document to 62 postings lists.
Index: Time to insert doc 8842689: 16002
Adding document to 59 postings lists.
Index: Time to insert doc 8842690: 14780
Adding document to 33 postings lists.
Index: Time to insert doc 8842691: 5965
Adding document to 19 postings lists.
Index: Time to insert doc 8842692: 2735
Adding document to 26 postings lists.
Index: Time to insert doc 8842693: 4247
Adding document to 52 postings lists.
Index: Time to insert doc 8842694: 12108
Adding document to 56 postings lists.
Index: Time to insert doc 8842695: 13560
Adding document to 55 postings lists.
Index: Time to insert doc 8842696: 13124
Adding document to 31 postings lists.
Index: Time to insert doc 8842697: 5414
Adding document to 33 postings lists.
Index: Time to insert doc 8842698: 5993
Adding document to 40 postings lists.
Index: Time to insert doc 8842699: 7845
Adding document to 42 postings lists.
Index: Time to insert doc 8842700: 8473
Adding document to 48 postings lists.
Index: Time to insert doc 8842701: 10608
Adding document to 46 postings lists.
Index: Time to insert doc 8842702: 9768
Adding document to 35 postings lists.
Index: Time to insert doc 8842703: 6511
Adding document to 36 postings lists.
Index: Time to insert doc 8842704: 6967
Adding document to 45 postings lists.
Index: Time to insert doc 8842705: 9594
Adding document to 54 postings lists.
Index: Time to insert doc 8842706: 12819
Adding document to 62 postings lists.
Index: Time to insert doc 8842707: 16059
Adding document to 74 postings lists.
Index: Time to insert doc 8842708: 21692
Adding document to 26 postings lists.
Index: Time to insert doc 8842709: 4143
Adding document to 34 postings lists.
Index: Time to insert doc 8842710: 6294
Adding document to 62 postings lists.
Index: Time to insert doc 8842711: 16126
Adding document to 56 postings lists.
Index: Time to insert doc 8842712: 13608
Adding document to 34 postings lists.
Index: Time to insert doc 8842713: 6295
Adding document to 48 postings lists.
Index: Time to insert doc 8842714: 10699
Adding document to 43 postings lists.
Index: Time to insert doc 8842715: 8960
Adding document to 62 postings lists.
Index: Time to insert doc 8842716: 16176
Adding document to 22 postings lists.
Index: Time to insert doc 8842717: 3290
Adding document to 31 postings lists.
Index: Time to insert doc 8842718: 5391
Adding document to 22 postings lists.
Index: Time to insert doc 8842719: 3447
Adding document to 19 postings lists.
Index: Time to insert doc 8842720: 2685
Adding document to 57 postings lists.
Index: Time to insert doc 8842721: 14267
Adding document to 34 postings lists.
Index: Time to insert doc 8842722: 6215
Adding document to 49 postings lists.
Index: Time to insert doc 8842723: 11066
Adding document to 31 postings lists.
Index: Time to insert doc 8842724: 5393
Adding document to 27 postings lists.
Index: Time to insert doc 8842725: 4494
Adding document to 47 postings lists.
Index: Time to insert doc 8842726: 10227
Adding document to 69 postings lists.
Index: Time to insert doc 8842727: 19061
Adding document to 40 postings lists.
Index: Time to insert doc 8842728: 7876
Adding document to 46 postings lists.
Index: Time to insert doc 8842729: 9902
Adding document to 22 postings lists.
Index: Time to insert doc 8842730: 3299
Adding document to 20 postings lists.
Index: Time to insert doc 8842731: 2876
Adding document to 64 postings lists.
Index: Time to insert doc 8842732: 16882
Adding document to 51 postings lists.
Index: Time to insert doc 8842733: 11604
Adding document to 30 postings lists.
Index: Time to insert doc 8842734: 5019
Adding document to 46 postings lists.
Index: Time to insert doc 8842735: 9842
Adding document to 33 postings lists.
Index: Time to insert doc 8842736: 5904
Adding document to 32 postings lists.
Index: Time to insert doc 8842737: 5575
Adding document to 27 postings lists.
Index: Time to insert doc 8842738: 4373
Adding document to 75 postings lists.
Index: Time to insert doc 8842739: 22061
Adding document to 52 postings lists.
Index: Time to insert doc 8842740: 11935
Adding document to 41 postings lists.
Index: Time to insert doc 8842741: 8348
Adding document to 60 postings lists.
Index: Time to insert doc 8842742: 15175
Adding document to 50 postings lists.
Index: Time to insert doc 8842743: 11385
Adding document to 27 postings lists.
Index: Time to insert doc 8842744: 4365
Adding document to 34 postings lists.
Index: Time to insert doc 8842745: 6272
Adding document to 34 postings lists.
Index: Time to insert doc 8842746: 6363
Adding document to 61 postings lists.
Index: Time to insert doc 8842747: 15743
Adding document to 38 postings lists.
Index: Time to insert doc 8842748: 7403
Adding document to 58 postings lists.
Index: Time to insert doc 8842749: 14360
Adding document to 40 postings lists.
Index: Time to insert doc 8842750: 7983
Adding document to 52 postings lists.
Index: Time to insert doc 8842751: 12064
Adding document to 54 postings lists.
Index: Time to insert doc 8842752: 12802
Adding document to 44 postings lists.
Index: Time to insert doc 8842753: 9100
Adding document to 41 postings lists.
Index: Time to insert doc 8842754: 8291
Adding document to 57 postings lists.
Index: Time to insert doc 8842755: 14287
Adding document to 27 postings lists.
Index: Time to insert doc 8842756: 4366
Adding document to 46 postings lists.
Index: Time to insert doc 8842757: 9834
Adding document to 38 postings lists.
Index: Time to insert doc 8842758: 7431
Adding document to 48 postings lists.
Index: Time to insert doc 8842759: 10649
Adding document to 59 postings lists.
Index: Time to insert doc 8842760: 14862
Adding document to 33 postings lists.
Index: Time to insert doc 8842761: 5955
Adding document to 44 postings lists.
Index: Time to insert doc 8842762: 9283
Adding document to 41 postings lists.
Index: Time to insert doc 8842763: 8466
Adding document to 34 postings lists.
Index: Time to insert doc 8842764: 6211
Adding document to 28 postings lists.
Index: Time to insert doc 8842765: 4579
Adding document to 38 postings lists.
Index: Time to insert doc 8842766: 7284
Adding document to 40 postings lists.
Index: Time to insert doc 8842767: 7861
Adding document to 20 postings lists.
Index: Time to insert doc 8842768: 2924
Adding document to 44 postings lists.
Index: Time to insert doc 8842769: 9322
Adding document to 66 postings lists.
Index: Time to insert doc 8842770: 17900
Adding document to 55 postings lists.
Index: Time to insert doc 8842771: 13304
Adding document to 51 postings lists.
Index: Time to insert doc 8842772: 11510
Adding document to 47 postings lists.
Index: Time to insert doc 8842773: 10318
Adding document to 33 postings lists.
Index: Time to insert doc 8842774: 5886
Adding document to 55 postings lists.
Index: Time to insert doc 8842775: 13018
Adding document to 77 postings lists.
Index: Time to insert doc 8842776: 22950
Adding document to 62 postings lists.
Index: Time to insert doc 8842777: 15929
Adding document to 33 postings lists.
Index: Time to insert doc 8842778: 5967
Adding document to 58 postings lists.
Index: Time to insert doc 8842779: 14413
Adding document to 34 postings lists.
Index: Time to insert doc 8842780: 6264
Adding document to 57 postings lists.
Index: Time to insert doc 8842781: 14170
Adding document to 43 postings lists.
Index: Time to insert doc 8842782: 8872
Adding document to 27 postings lists.
Index: Time to insert doc 8842783: 4342
Adding document to 54 postings lists.
Index: Time to insert doc 8842784: 12747
Adding document to 64 postings lists.
Index: Time to insert doc 8842785: 16936
Adding document to 48 postings lists.
Index: Time to insert doc 8842786: 10664
Adding document to 63 postings lists.
Index: Time to insert doc 8842787: 16555
Adding document to 33 postings lists.
Index: Time to insert doc 8842788: 9170
Adding document to 50 postings lists.
Index: Time to insert doc 8842789: 11376
Adding document to 73 postings lists.
Index: Time to insert doc 8842790: 21148
Adding document to 51 postings lists.
Index: Time to insert doc 8842791: 11504
Adding document to 48 postings lists.
Index: Time to insert doc 8842792: 10623
Adding document to 60 postings lists.
Index: Time to insert doc 8842793: 15399
Adding document to 37 postings lists.
Index: Time to insert doc 8842794: 7082
Adding document to 42 postings lists.
Index: Time to insert doc 8842795: 8525
Adding document to 63 postings lists.
Index: Time to insert doc 8842796: 16529
Adding document to 57 postings lists.
Index: Time to insert doc 8842797: 13937
Adding document to 40 postings lists.
Index: Time to insert doc 8842798: 7866
Adding document to 33 postings lists.
Index: Time to insert doc 8842799: 5897
Adding document to 44 postings lists.
Index: Time to insert doc 8842800: 9170
Adding document to 47 postings lists.
Index: Time to insert doc 8842801: 10133
Adding document to 82 postings lists.
Index: Time to insert doc 8842802: 26146
Adding document to 71 postings lists.
Index: Time to insert doc 8842803: 20419
Adding document to 35 postings lists.
Index: Time to insert doc 8842804: 6543
Adding document to 28 postings lists.
Index: Time to insert doc 8842805: 4633
Adding document to 57 postings lists.
Index: Time to insert doc 8842806: 14152
Adding document to 54 postings lists.
Index: Time to insert doc 8842807: 12765
Adding document to 31 postings lists.
Index: Time to insert doc 8842808: 5256
Adding document to 58 postings lists.
Index: Time to insert doc 8842809: 14412
Adding document to 65 postings lists.
Index: Time to insert doc 8842810: 17629
Adding document to 79 postings lists.
Index: Time to insert doc 8842811: 24142
Adding document to 84 postings lists.
Index: Time to insert doc 8842812: 26828
Adding document to 76 postings lists.
Index: Time to insert doc 8842813: 22543
Adding document to 40 postings lists.
Index: Time to insert doc 8842814: 8006
Adding document to 71 postings lists.
Index: Time to insert doc 8842815: 19968
Adding document to 39 postings lists.
Index: Time to insert doc 8842816: 7804
Adding document to 41 postings lists.
Index: Time to insert doc 8842817: 8189
Adding document to 70 postings lists.
Index: Time to insert doc 8842818: 19668
Adding document to 32 postings lists.
Index: Time to insert doc 8842819: 5581
Adding document to 71 postings lists.
Index: Time to insert doc 8842820: 20471
Adding document to 31 postings lists.
Index: Time to insert doc 8842821: 5370
Adding document to 25 postings lists.
Index: Time to insert doc 8842822: 3920
Time -16073 microsecs per insert_document
-16073894
Deleting doc 0 from 21 posting lists.
Index: Time to delete doc 0: 5477
Deleting doc 1 from 9 posting lists.
Index: Time to delete doc 1: 1963
Deleting doc 2 from 5 posting lists.
Index: Time to delete doc 2: 1240
Deleting doc 3 from 9 posting lists.
Index: Time to delete doc 3: 2317
Deleting doc 4 from 9 posting lists.
Index: Time to delete doc 4: 1695
Deleting doc 5 from 18 posting lists.
Index: Time to delete doc 5: 3954
Deleting doc 6 from 7 posting lists.
Index: Time to delete doc 6: 1424
Deleting doc 7 from 19 posting lists.
Index: Time to delete doc 7: 6279
Deleting doc 8 from 10 posting lists.
Index: Time to delete doc 8: 1924
Deleting doc 9 from 8 posting lists.
Index: Time to delete doc 9: 1384
Deleting doc 10 from 20 posting lists.
Index: Time to delete doc 10: 6339
Deleting doc 11 from 14 posting lists.
Index: Time to delete doc 11: 2852
Deleting doc 12 from 14 posting lists.
Index: Time to delete doc 12: 3878
Deleting doc 13 from 28 posting lists.
Index: Time to delete doc 13: 7618
Deleting doc 14 from 12 posting lists.
Index: Time to delete doc 14: 2842
Deleting doc 15 from 20 posting lists.
Index: Time to delete doc 15: 4954
Deleting doc 16 from 19 posting lists.
Index: Time to delete doc 16: 4651
Deleting doc 17 from 23 posting lists.
Index: Time to delete doc 17: 6367
Deleting doc 18 from 17 posting lists.
Index: Time to delete doc 18: 4104
Deleting doc 19 from 16 posting lists.
Index: Time to delete doc 19: 5355
Deleting doc 20 from 10 posting lists.
Index: Time to delete doc 20: 2582
Deleting doc 21 from 8 posting lists.
Index: Time to delete doc 21: 2054
Deleting doc 22 from 9 posting lists.
Index: Time to delete doc 22: 2123
Deleting doc 23 from 8 posting lists.
Index: Time to delete doc 23: 2166
Deleting doc 24 from 7 posting lists.
Index: Time to delete doc 24: 1634
Deleting doc 25 from 10 posting lists.
Index: Time to delete doc 25: 2510
Deleting doc 26 from 11 posting lists.
Index: Time to delete doc 26: 2415
Deleting doc 27 from 7 posting lists.
Index: Time to delete doc 27: 1600
Deleting doc 28 from 5 posting lists.
Index: Time to delete doc 28: 1361
Deleting doc 29 from 10 posting lists.
Index: Time to delete doc 29: 1909
Deleting doc 30 from 21 posting lists.
Index: Time to delete doc 30: 5205
Deleting doc 31 from 20 posting lists.
Index: Time to delete doc 31: 5117
Deleting doc 32 from 26 posting lists.
Index: Time to delete doc 32: 6575
Deleting doc 33 from 12 posting lists.
Index: Time to delete doc 33: 3028
Deleting doc 34 from 6 posting lists.
Index: Time to delete doc 34: 1604
Deleting doc 35 from 25 posting lists.
Index: Time to delete doc 35: 6161
Deleting doc 36 from 22 posting lists.
Index: Time to delete doc 36: 5686
Deleting doc 37 from 14 posting lists.
Index: Time to delete doc 37: 3383
Deleting doc 38 from 10 posting lists.
Index: Time to delete doc 38: 2250
Deleting doc 39 from 12 posting lists.
Index: Time to delete doc 39: 3141
Deleting doc 40 from 9 posting lists.
Index: Time to delete doc 40: 1395
Deleting doc 41 from 12 posting lists.
Index: Time to delete doc 41: 2160
Deleting doc 42 from 6 posting lists.
Index: Time to delete doc 42: 785
Deleting doc 43 from 12 posting lists.
Index: Time to delete doc 43: 2606
Deleting doc 44 from 7 posting lists.
Index: Time to delete doc 44: 1138
Deleting doc 45 from 14 posting lists.
Index: Time to delete doc 45: 2965
Deleting doc 46 from 8 posting lists.
Index: Time to delete doc 46: 1796
Deleting doc 47 from 6 posting lists.
Index: Time to delete doc 47: 1281
Deleting doc 48 from 14 posting lists.
Index: Time to delete doc 48: 3996
Deleting doc 49 from 4 posting lists.
Index: Time to delete doc 49: 757
Deleting doc 50 from 5 posting lists.
Index: Time to delete doc 50: 1027
Deleting doc 51 from 13 posting lists.
Index: Time to delete doc 51: 3710
Deleting doc 52 from 5 posting lists.
Index: Time to delete doc 52: 1570
Deleting doc 53 from 5 posting lists.
Index: Time to delete doc 53: 1030
Deleting doc 54 from 2 posting lists.
Index: Time to delete doc 54: 523
Deleting doc 55 from 4 posting lists.
Index: Time to delete doc 55: 806
Deleting doc 56 from 4 posting lists.
Index: Time to delete doc 56: 859
Deleting doc 57 from 5 posting lists.
Index: Time to delete doc 57: 884
Deleting doc 58 from 5 posting lists.
Index: Time to delete doc 58: 790
Deleting doc 59 from 8 posting lists.
Index: Time to delete doc 59: 1754
Deleting doc 60 from 17 posting lists.
Index: Time to delete doc 60: 4546
Deleting doc 61 from 4 posting lists.
Index: Time to delete doc 61: 670
Deleting doc 62 from 7 posting lists.
Index: Time to delete doc 62: 1875
Deleting doc 63 from 7 posting lists.
Index: Time to delete doc 63: 1333
Deleting doc 64 from 20 posting lists.
Index: Time to delete doc 64: 4791
Deleting doc 65 from 19 posting lists.
Index: Time to delete doc 65: 3997
Deleting doc 66 from 12 posting lists.
Index: Time to delete doc 66: 2705
Deleting doc 67 from 10 posting lists.
Index: Time to delete doc 67: 2285
Deleting doc 68 from 5 posting lists.
Index: Time to delete doc 68: 866
Deleting doc 69 from 14 posting lists.
Index: Time to delete doc 69: 3301
Deleting doc 70 from 8 posting lists.
Index: Time to delete doc 70: 1478
Deleting doc 71 from 14 posting lists.
Index: Time to delete doc 71: 4319
Deleting doc 72 from 7 posting lists.
Index: Time to delete doc 72: 1225
Deleting doc 73 from 14 posting lists.
Index: Time to delete doc 73: 3004
Deleting doc 74 from 10 posting lists.
Index: Time to delete doc 74: 2665
Deleting doc 75 from 10 posting lists.
Index: Time to delete doc 75: 1767
Deleting doc 76 from 10 posting lists.
Index: Time to delete doc 76: 2333
Deleting doc 77 from 17 posting lists.
Index: Time to delete doc 77: 4047
Deleting doc 78 from 27 posting lists.
Index: Time to delete doc 78: 7803
Deleting doc 79 from 4 posting lists.
Index: Time to delete doc 79: 666
Deleting doc 80 from 6 posting lists.
Index: Time to delete doc 80: 1274
Deleting doc 81 from 2 posting lists.
Index: Time to delete doc 81: 218
Deleting doc 82 from 12 posting lists.
Index: Time to delete doc 82: 3272
Deleting doc 83 from 6 posting lists.
Index: Time to delete doc 83: 1122
Deleting doc 84 from 9 posting lists.
Index: Time to delete doc 84: 1648
Deleting doc 85 from 4 posting lists.
Index: Time to delete doc 85: 584
Deleting doc 86 from 5 posting lists.
Index: Time to delete doc 86: 836
Deleting doc 87 from 11 posting lists.
Index: Time to delete doc 87: 2493
Deleting doc 88 from 3 posting lists.
Index: Time to delete doc 88: 532
Deleting doc 89 from 11 posting lists.
Index: Time to delete doc 89: 2560
Deleting doc 90 from 4 posting lists.
Index: Time to delete doc 90: 552
Deleting doc 91 from 21 posting lists.
Index: Time to delete doc 91: 6097
Deleting doc 92 from 13 posting lists.
Index: Time to delete doc 92: 2392
Deleting doc 93 from 6 posting lists.
Index: Time to delete doc 93: 1031
Deleting doc 94 from 9 posting lists.
Index: Time to delete doc 94: 962
Deleting doc 95 from 9 posting lists.
Index: Time to delete doc 95: 1119
Deleting doc 96 from 9 posting lists.
Index: Time to delete doc 96: 1838
Deleting doc 97 from 2 posting lists.
Index: Time to delete doc 97: 231
Deleting doc 98 from 16 posting lists.
Index: Time to delete doc 98: 4449
Deleting doc 99 from 17 posting lists.
Index: Time to delete doc 99: 3006
Deleting doc 100 from 17 posting lists.
Index: Time to delete doc 100: 3811
Deleting doc 101 from 29 posting lists.
Index: Time to delete doc 101: 7005
Deleting doc 102 from 26 posting lists.
Index: Time to delete doc 102: 5256
Deleting doc 103 from 15 posting lists.
Index: Time to delete doc 103: 3047
Deleting doc 104 from 26 posting lists.
Index: Time to delete doc 104: 5861
Deleting doc 105 from 23 posting lists.
Index: Time to delete doc 105: 5114
Deleting doc 106 from 30 posting lists.
Index: Time to delete doc 106: 6761
Deleting doc 107 from 17 posting lists.
Index: Time to delete doc 107: 3249
Deleting doc 108 from 30 posting lists.
Index: Time to delete doc 108: 7377
Deleting doc 109 from 7 posting lists.
Index: Time to delete doc 109: 1207
Deleting doc 110 from 8 posting lists.
Index: Time to delete doc 110: 1477
Deleting doc 111 from 6 posting lists.
Index: Time to delete doc 111: 1196
Deleting doc 112 from 5 posting lists.
Index: Time to delete doc 112: 1209
Deleting doc 113 from 11 posting lists.
Index: Time to delete doc 113: 2095
Deleting doc 114 from 3 posting lists.
Index: Time to delete doc 114: 486
Deleting doc 115 from 4 posting lists.
Index: Time to delete doc 115: 615
Deleting doc 116 from 4 posting lists.
Index: Time to delete doc 116: 802
Deleting doc 117 from 1 posting lists.
Index: Time to delete doc 117: 131
Deleting doc 118 from 5 posting lists.
Index: Time to delete doc 118: 760
Deleting doc 119 from 17 posting lists.
Index: Time to delete doc 119: 3745
Deleting doc 120 from 15 posting lists.
Index: Time to delete doc 120: 3923
Deleting doc 121 from 10 posting lists.
Index: Time to delete doc 121: 1292
Deleting doc 122 from 21 posting lists.
Index: Time to delete doc 122: 5587
Deleting doc 123 from 9 posting lists.
Index: Time to delete doc 123: 1799
Deleting doc 124 from 20 posting lists.
Index: Time to delete doc 124: 3919
Deleting doc 125 from 11 posting lists.
Index: Time to delete doc 125: 2635
Deleting doc 126 from 19 posting lists.
Index: Time to delete doc 126: 4495
Deleting doc 127 from 11 posting lists.
Index: Time to delete doc 127: 2566
Deleting doc 128 from 26 posting lists.
Index: Time to delete doc 128: 5542
Deleting doc 129 from 12 posting lists.
Index: Time to delete doc 129: 2756
Deleting doc 130 from 6 posting lists.
Index: Time to delete doc 130: 1127
Deleting doc 131 from 8 posting lists.
Index: Time to delete doc 131: 1408
Deleting doc 132 from 10 posting lists.
Index: Time to delete doc 132: 2067
Deleting doc 133 from 6 posting lists.
Index: Time to delete doc 133: 1683
Deleting doc 134 from 10 posting lists.
Index: Time to delete doc 134: 2317
Deleting doc 135 from 12 posting lists.
Index: Time to delete doc 135: 2753
Deleting doc 136 from 13 posting lists.
Index: Time to delete doc 136: 2330
Deleting doc 137 from 10 posting lists.
Index: Time to delete doc 137: 1913
Deleting doc 138 from 12 posting lists.
Index: Time to delete doc 138: 3196
Deleting doc 139 from 9 posting lists.
Index: Time to delete doc 139: 727
Deleting doc 140 from 6 posting lists.
Index: Time to delete doc 140: 458
Deleting doc 141 from 6 posting lists.
Index: Time to delete doc 141: 1396
Deleting doc 142 from 9 posting lists.
Index: Time to delete doc 142: 737
Deleting doc 143 from 4 posting lists.
Index: Time to delete doc 143: 272
Deleting doc 144 from 7 posting lists.
Index: Time to delete doc 144: 908
Deleting doc 145 from 4 posting lists.
Index: Time to delete doc 145: 364
Deleting doc 146 from 17 posting lists.
Index: Time to delete doc 146: 2670
Deleting doc 147 from 5 posting lists.
Index: Time to delete doc 147: 563
Deleting doc 148 from 4 posting lists.
Index: Time to delete doc 148: 247
Deleting doc 149 from 12 posting lists.
Index: Time to delete doc 149: 3077
Deleting doc 150 from 12 posting lists.
Index: Time to delete doc 150: 3305
Deleting doc 151 from 15 posting lists.
Index: Time to delete doc 151: 3132
Deleting doc 152 from 20 posting lists.
Index: Time to delete doc 152: 5043
Deleting doc 153 from 12 posting lists.
Index: Time to delete doc 153: 2577
Deleting doc 154 from 16 posting lists.
Index: Time to delete doc 154: 3475
Deleting doc 155 from 16 posting lists.
Index: Time to delete doc 155: 4134
Deleting doc 156 from 12 posting lists.
Index: Time to delete doc 156: 2673
Deleting doc 157 from 17 posting lists.
Index: Time to delete doc 157: 4090
Deleting doc 158 from 16 posting lists.
Index: Time to delete doc 158: 4052
Deleting doc 159 from 5 posting lists.
Index: Time to delete doc 159: 475
Deleting doc 160 from 14 posting lists.
Index: Time to delete doc 160: 2103
Deleting doc 161 from 10 posting lists.
Index: Time to delete doc 161: 1386
Deleting doc 162 from 6 posting lists.
Index: Time to delete doc 162: 499
Deleting doc 163 from 12 posting lists.
Index: Time to delete doc 163: 1794
Deleting doc 164 from 6 posting lists.
Index: Time to delete doc 164: 955
Deleting doc 165 from 25 posting lists.
Index: Time to delete doc 165: 5372
Deleting doc 166 from 9 posting lists.
Index: Time to delete doc 166: 737
Deleting doc 167 from 3 posting lists.
Index: Time to delete doc 167: 367
Deleting doc 168 from 3 posting lists.
Index: Time to delete doc 168: 361
Deleting doc 169 from 14 posting lists.
Index: Time to delete doc 169: 3293
Deleting doc 170 from 18 posting lists.
Index: Time to delete doc 170: 4473
Deleting doc 171 from 12 posting lists.
Index: Time to delete doc 171: 3062
Deleting doc 172 from 8 posting lists.
Index: Time to delete doc 172: 2301
Deleting doc 173 from 13 posting lists.
Index: Time to delete doc 173: 3192
Deleting doc 174 from 10 posting lists.
Index: Time to delete doc 174: 2781
Deleting doc 175 from 12 posting lists.
Index: Time to delete doc 175: 3568
Deleting doc 176 from 11 posting lists.
Index: Time to delete doc 176: 2488
Deleting doc 177 from 19 posting lists.
Index: Time to delete doc 177: 3489
Deleting doc 178 from 14 posting lists.
Index: Time to delete doc 178: 3614
Deleting doc 179 from 20 posting lists.
Index: Time to delete doc 179: 5448
Deleting doc 180 from 17 posting lists.
Index: Time to delete doc 180: 4512
Deleting doc 181 from 16 posting lists.
Index: Time to delete doc 181: 4620
Deleting doc 182 from 13 posting lists.
Index: Time to delete doc 182: 3678
Deleting doc 183 from 12 posting lists.
Index: Time to delete doc 183: 3778
Deleting doc 184 from 13 posting lists.
Index: Time to delete doc 184: 4013
Deleting doc 185 from 15 posting lists.
Index: Time to delete doc 185: 3234
Deleting doc 186 from 7 posting lists.
Index: Time to delete doc 186: 1570
Deleting doc 187 from 17 posting lists.
Index: Time to delete doc 187: 5327
Deleting doc 188 from 12 posting lists.
Index: Time to delete doc 188: 3153
Deleting doc 189 from 14 posting lists.
Index: Time to delete doc 189: 3018
Deleting doc 190 from 5 posting lists.
Index: Time to delete doc 190: 998
Deleting doc 191 from 8 posting lists.
Index: Time to delete doc 191: 1486
Deleting doc 192 from 15 posting lists.
Index: Time to delete doc 192: 3403
Deleting doc 193 from 3 posting lists.
Index: Time to delete doc 193: 509
Deleting doc 194 from 5 posting lists.
Index: Time to delete doc 194: 915
Deleting doc 195 from 7 posting lists.
Index: Time to delete doc 195: 1203
Deleting doc 196 from 12 posting lists.
Index: Time to delete doc 196: 3054
Deleting doc 197 from 6 posting lists.
Index: Time to delete doc 197: 863
Deleting doc 198 from 11 posting lists.
Index: Time to delete doc 198: 2286
Deleting doc 199 from 9 posting lists.
Index: Time to delete doc 199: 2193
Deleting doc 200 from 12 posting lists.
Index: Time to delete doc 200: 2599
Deleting doc 201 from 6 posting lists.
Index: Time to delete doc 201: 1011
Deleting doc 202 from 11 posting lists.
Index: Time to delete doc 202: 2550
Deleting doc 203 from 13 posting lists.
Index: Time to delete doc 203: 2110
Deleting doc 204 from 14 posting lists.
Index: Time to delete doc 204: 3375
Deleting doc 205 from 10 posting lists.
Index: Time to delete doc 205: 2060
Deleting doc 206 from 6 posting lists.
Index: Time to delete doc 206: 899
Deleting doc 207 from 5 posting lists.
Index: Time to delete doc 207: 890
Deleting doc 208 from 11 posting lists.
Index: Time to delete doc 208: 1894
Deleting doc 209 from 3 posting lists.
Index: Time to delete doc 209: 499
Deleting doc 210 from 7 posting lists.
Index: Time to delete doc 210: 1704
Deleting doc 211 from 8 posting lists.
Index: Time to delete doc 211: 1495
Deleting doc 212 from 1 posting lists.
Index: Time to delete doc 212: 128
Deleting doc 213 from 6 posting lists.
Index: Time to delete doc 213: 1117
Deleting doc 214 from 3 posting lists.
Index: Time to delete doc 214: 522
Deleting doc 215 from 4 posting lists.
Index: Time to delete doc 215: 654
Deleting doc 216 from 5 posting lists.
Index: Time to delete doc 216: 865
Deleting doc 217 from 10 posting lists.
Index: Time to delete doc 217: 1610
Deleting doc 218 from 6 posting lists.
Index: Time to delete doc 218: 1182
Deleting doc 219 from 9 posting lists.
Index: Time to delete doc 219: 2091
Deleting doc 220 from 12 posting lists.
Index: Time to delete doc 220: 3067
Deleting doc 221 from 9 posting lists.
Index: Time to delete doc 221: 2066
Deleting doc 222 from 8 posting lists.
Index: Time to delete doc 222: 1555
Deleting doc 223 from 7 posting lists.
Index: Time to delete doc 223: 1656
Deleting doc 224 from 8 posting lists.
Index: Time to delete doc 224: 1641
Deleting doc 225 from 13 posting lists.
Index: Time to delete doc 225: 1875
Deleting doc 226 from 9 posting lists.
Index: Time to delete doc 226: 1998
Deleting doc 227 from 3 posting lists.
Index: Time to delete doc 227: 499
Deleting doc 228 from 13 posting lists.
Index: Time to delete doc 228: 3025
Deleting doc 229 from 14 posting lists.
Index: Time to delete doc 229: 3379
Deleting doc 230 from 10 posting lists.
Index: Time to delete doc 230: 1596
Deleting doc 231 from 11 posting lists.
Index: Time to delete doc 231: 2049
Deleting doc 232 from 18 posting lists.
Index: Time to delete doc 232: 3757
Deleting doc 233 from 7 posting lists.
Index: Time to delete doc 233: 1473
Deleting doc 234 from 6 posting lists.
Index: Time to delete doc 234: 1053
Deleting doc 235 from 13 posting lists.
Index: Time to delete doc 235: 2373
Deleting doc 236 from 11 posting lists.
Index: Time to delete doc 236: 2106
Deleting doc 237 from 8 posting lists.
Index: Time to delete doc 237: 1315
Deleting doc 238 from 13 posting lists.
Index: Time to delete doc 238: 2247
Deleting doc 239 from 15 posting lists.
Index: Time to delete doc 239: 3195
Deleting doc 240 from 12 posting lists.
Index: Time to delete doc 240: 3549
Deleting doc 241 from 23 posting lists.
Index: Time to delete doc 241: 4989
Deleting doc 242 from 21 posting lists.
Index: Time to delete doc 242: 6632
Deleting doc 243 from 19 posting lists.
Index: Time to delete doc 243: 4545
Deleting doc 244 from 18 posting lists.
Index: Time to delete doc 244: 5275
Deleting doc 245 from 16 posting lists.
Index: Time to delete doc 245: 3694
Deleting doc 246 from 23 posting lists.
Index: Time to delete doc 246: 5905
Deleting doc 247 from 13 posting lists.
Index: Time to delete doc 247: 3104
Deleting doc 248 from 17 posting lists.
Index: Time to delete doc 248: 3859
Deleting doc 249 from 10 posting lists.
Index: Time to delete doc 249: 3145
Deleting doc 250 from 15 posting lists.
Index: Time to delete doc 250: 4152
Deleting doc 251 from 10 posting lists.
Index: Time to delete doc 251: 1685
Deleting doc 252 from 6 posting lists.
Index: Time to delete doc 252: 1052
Deleting doc 253 from 9 posting lists.
Index: Time to delete doc 253: 1740
Deleting doc 254 from 11 posting lists.
Index: Time to delete doc 254: 2072
Deleting doc 255 from 7 posting lists.
Index: Time to delete doc 255: 1531
Deleting doc 256 from 14 posting lists.
Index: Time to delete doc 256: 3840
Deleting doc 257 from 13 posting lists.
Index: Time to delete doc 257: 2559
Deleting doc 258 from 14 posting lists.
Index: Time to delete doc 258: 2958
Deleting doc 259 from 3 posting lists.
Index: Time to delete doc 259: 229
Deleting doc 260 from 3 posting lists.
Index: Time to delete doc 260: 239
Deleting doc 261 from 1 posting lists.
Index: Time to delete doc 261: 79
Deleting doc 262 from 4 posting lists.
Index: Time to delete doc 262: 220
Deleting doc 263 from 7 posting lists.
Index: Time to delete doc 263: 888
Deleting doc 264 from 4 posting lists.
Index: Time to delete doc 264: 260
Deleting doc 265 from 3 posting lists.
Index: Time to delete doc 265: 167
Deleting doc 266 from 3 posting lists.
Index: Time to delete doc 266: 231
Deleting doc 267 from 5 posting lists.
Index: Time to delete doc 267: 598
Deleting doc 268 from 4 posting lists.
Index: Time to delete doc 268: 260
Deleting doc 269 from 14 posting lists.
Index: Time to delete doc 269: 2770
Deleting doc 270 from 16 posting lists.
Index: Time to delete doc 270: 3597
Deleting doc 271 from 16 posting lists.
Index: Time to delete doc 271: 4303
Deleting doc 272 from 16 posting lists.
Index: Time to delete doc 272: 3541
Deleting doc 273 from 16 posting lists.
Index: Time to delete doc 273: 3355
Deleting doc 274 from 9 posting lists.
Index: Time to delete doc 274: 1860
Deleting doc 275 from 10 posting lists.
Index: Time to delete doc 275: 1536
Deleting doc 276 from 9 posting lists.
Index: Time to delete doc 276: 1431
Deleting doc 277 from 10 posting lists.
Index: Time to delete doc 277: 2291
Deleting doc 278 from 12 posting lists.
Index: Time to delete doc 278: 2190
Deleting doc 279 from 4 posting lists.
Index: Time to delete doc 279: 632
Deleting doc 280 from 5 posting lists.
Index: Time to delete doc 280: 914
Deleting doc 281 from 13 posting lists.
Index: Time to delete doc 281: 3745
Deleting doc 282 from 9 posting lists.
Index: Time to delete doc 282: 1521
Deleting doc 283 from 4 posting lists.
Index: Time to delete doc 283: 907
Deleting doc 284 from 10 posting lists.
Index: Time to delete doc 284: 1767
Deleting doc 285 from 5 posting lists.
Index: Time to delete doc 285: 786
Deleting doc 286 from 6 posting lists.
Index: Time to delete doc 286: 1498
Deleting doc 287 from 8 posting lists.
Index: Time to delete doc 287: 1516
Deleting doc 288 from 7 posting lists.
Index: Time to delete doc 288: 1566
Deleting doc 289 from 12 posting lists.
Index: Time to delete doc 289: 2559
Deleting doc 290 from 12 posting lists.
Index: Time to delete doc 290: 2219
Deleting doc 291 from 6 posting lists.
Index: Time to delete doc 291: 984
Deleting doc 292 from 28 posting lists.
Index: Time to delete doc 292: 7263
Deleting doc 293 from 6 posting lists.
Index: Time to delete doc 293: 1180
Deleting doc 294 from 23 posting lists.
Index: Time to delete doc 294: 7408
Deleting doc 295 from 8 posting lists.
Index: Time to delete doc 295: 1713
Deleting doc 296 from 17 posting lists.
Index: Time to delete doc 296: 4316
Deleting doc 297 from 11 posting lists.
Index: Time to delete doc 297: 2379
Deleting doc 298 from 6 posting lists.
Index: Time to delete doc 298: 846
Deleting doc 299 from 5 posting lists.
Index: Time to delete doc 299: 1004
Deleting doc 300 from 4 posting lists.
Index: Time to delete doc 300: 933
Deleting doc 301 from 4 posting lists.
Index: Time to delete doc 301: 682
Deleting doc 302 from 18 posting lists.
Index: Time to delete doc 302: 5938
Deleting doc 303 from 14 posting lists.
Index: Time to delete doc 303: 3294
Deleting doc 304 from 5 posting lists.
Index: Time to delete doc 304: 1194
Deleting doc 305 from 7 posting lists.
Index: Time to delete doc 305: 1900
Deleting doc 306 from 6 posting lists.
Index: Time to delete doc 306: 1334
Deleting doc 307 from 5 posting lists.
Index: Time to delete doc 307: 1111
Deleting doc 308 from 7 posting lists.
Index: Time to delete doc 308: 1392
Deleting doc 309 from 9 posting lists.
Index: Time to delete doc 309: 1860
Deleting doc 310 from 12 posting lists.
Index: Time to delete doc 310: 2111
Deleting doc 311 from 6 posting lists.
Index: Time to delete doc 311: 1300
Deleting doc 312 from 2 posting lists.
Index: Time to delete doc 312: 405
Deleting doc 313 from 5 posting lists.
Index: Time to delete doc 313: 990
Deleting doc 314 from 13 posting lists.
Index: Time to delete doc 314: 3228
Deleting doc 315 from 4 posting lists.
Index: Time to delete doc 315: 792
Deleting doc 316 from 8 posting lists.
Index: Time to delete doc 316: 813
Deleting doc 317 from 6 posting lists.
Index: Time to delete doc 317: 1073
Deleting doc 318 from 15 posting lists.
Index: Time to delete doc 318: 3430
Deleting doc 319 from 15 posting lists.
Index: Time to delete doc 319: 3217
Deleting doc 320 from 8 posting lists.
Index: Time to delete doc 320: 1159
Deleting doc 321 from 7 posting lists.
Index: Time to delete doc 321: 604
Deleting doc 322 from 14 posting lists.
Index: Time to delete doc 322: 3153
Deleting doc 323 from 23 posting lists.
Index: Time to delete doc 323: 5028
Deleting doc 324 from 18 posting lists.
Index: Time to delete doc 324: 3531
Deleting doc 325 from 14 posting lists.
Index: Time to delete doc 325: 2711
Deleting doc 326 from 19 posting lists.
Index: Time to delete doc 326: 3215
Deleting doc 327 from 15 posting lists.
Index: Time to delete doc 327: 3282
Deleting doc 328 from 20 posting lists.
Index: Time to delete doc 328: 4741
Deleting doc 329 from 14 posting lists.
Index: Time to delete doc 329: 3102
Deleting doc 330 from 15 posting lists.
Index: Time to delete doc 330: 3806
Deleting doc 331 from 11 posting lists.
Index: Time to delete doc 331: 2987
Deleting doc 332 from 8 posting lists.
Index: Time to delete doc 332: 1242
Deleting doc 333 from 17 posting lists.
Index: Time to delete doc 333: 3753
Deleting doc 334 from 9 posting lists.
Index: Time to delete doc 334: 2275
Deleting doc 335 from 10 posting lists.
Index: Time to delete doc 335: 1775
Deleting doc 336 from 8 posting lists.
Index: Time to delete doc 336: 1164
Deleting doc 337 from 10 posting lists.
Index: Time to delete doc 337: 2279
Deleting doc 338 from 7 posting lists.
Index: Time to delete doc 338: 1235
Deleting doc 339 from 5 posting lists.
Index: Time to delete doc 339: 908
Deleting doc 340 from 4 posting lists.
Index: Time to delete doc 340: 666
Deleting doc 341 from 23 posting lists.
Index: Time to delete doc 341: 4296
Deleting doc 342 from 5 posting lists.
Index: Time to delete doc 342: 898
Deleting doc 343 from 6 posting lists.
Index: Time to delete doc 343: 1124
Deleting doc 344 from 4 posting lists.
Index: Time to delete doc 344: 731
Deleting doc 345 from 12 posting lists.
Index: Time to delete doc 345: 2302
Deleting doc 346 from 5 posting lists.
Index: Time to delete doc 346: 947
Deleting doc 347 from 12 posting lists.
Index: Time to delete doc 347: 1333
Deleting doc 348 from 10 posting lists.
Index: Time to delete doc 348: 2011
Deleting doc 349 from 5 posting lists.
Index: Time to delete doc 349: 1059
Deleting doc 350 from 5 posting lists.
Index: Time to delete doc 350: 995
Deleting doc 351 from 9 posting lists.
Index: Time to delete doc 351: 2073
Deleting doc 352 from 5 posting lists.
Index: Time to delete doc 352: 1184
Deleting doc 353 from 12 posting lists.
Index: Time to delete doc 353: 2662
Deleting doc 354 from 7 posting lists.
Index: Time to delete doc 354: 1689
Deleting doc 355 from 7 posting lists.
Index: Time to delete doc 355: 1906
Deleting doc 356 from 8 posting lists.
Index: Time to delete doc 356: 2115
Deleting doc 357 from 6 posting lists.
Index: Time to delete doc 357: 1370
Deleting doc 358 from 12 posting lists.
Index: Time to delete doc 358: 2962
Deleting doc 359 from 7 posting lists.
Index: Time to delete doc 359: 889
Deleting doc 360 from 21 posting lists.
Index: Time to delete doc 360: 4368
Deleting doc 361 from 6 posting lists.
Index: Time to delete doc 361: 1059
Deleting doc 362 from 5 posting lists.
Index: Time to delete doc 362: 679
Deleting doc 363 from 8 posting lists.
Index: Time to delete doc 363: 1149
Deleting doc 364 from 12 posting lists.
Index: Time to delete doc 364: 2171
Deleting doc 365 from 5 posting lists.
Index: Time to delete doc 365: 600
Deleting doc 366 from 6 posting lists.
Index: Time to delete doc 366: 506
Deleting doc 367 from 15 posting lists.
Index: Time to delete doc 367: 1964
Deleting doc 368 from 6 posting lists.
Index: Time to delete doc 368: 1070
Deleting doc 369 from 9 posting lists.
Index: Time to delete doc 369: 1133
Deleting doc 370 from 8 posting lists.
Index: Time to delete doc 370: 1510
Deleting doc 371 from 11 posting lists.
Index: Time to delete doc 371: 2075
Deleting doc 372 from 7 posting lists.
Index: Time to delete doc 372: 1633
Deleting doc 373 from 10 posting lists.
Index: Time to delete doc 373: 1687
Deleting doc 374 from 14 posting lists.
Index: Time to delete doc 374: 3415
Deleting doc 375 from 10 posting lists.
Index: Time to delete doc 375: 1718
Deleting doc 376 from 17 posting lists.
Index: Time to delete doc 376: 3843
Deleting doc 377 from 10 posting lists.
Index: Time to delete doc 377: 1947
Deleting doc 378 from 10 posting lists.
Index: Time to delete doc 378: 1785
Deleting doc 379 from 17 posting lists.
Index: Time to delete doc 379: 4468
Deleting doc 380 from 14 posting lists.
Index: Time to delete doc 380: 3213
Deleting doc 381 from 32 posting lists.
Index: Time to delete doc 381: 8109
Deleting doc 382 from 8 posting lists.
Index: Time to delete doc 382: 1624
Deleting doc 383 from 24 posting lists.
Index: Time to delete doc 383: 5063
Deleting doc 384 from 18 posting lists.
Index: Time to delete doc 384: 12812
Deleting doc 385 from 16 posting lists.
Index: Time to delete doc 385: 4146
Deleting doc 386 from 23 posting lists.
Index: Time to delete doc 386: 4287
Deleting doc 387 from 13 posting lists.
Index: Time to delete doc 387: 3104
Deleting doc 388 from 23 posting lists.
Index: Time to delete doc 388: 3587
Deleting doc 389 from 14 posting lists.
Index: Time to delete doc 389: 3885
Deleting doc 390 from 7 posting lists.
Index: Time to delete doc 390: 820
Deleting doc 391 from 22 posting lists.
Index: Time to delete doc 391: 4967
Deleting doc 392 from 26 posting lists.
Index: Time to delete doc 392: 6637
Deleting doc 393 from 22 posting lists.
Index: Time to delete doc 393: 4915
Deleting doc 394 from 18 posting lists.
Index: Time to delete doc 394: 4002
Deleting doc 395 from 30 posting lists.
Index: Time to delete doc 395: 8068
Deleting doc 396 from 16 posting lists.
Index: Time to delete doc 396: 3341
Deleting doc 397 from 16 posting lists.
Index: Time to delete doc 397: 3145
Deleting doc 398 from 19 posting lists.
Index: Time to delete doc 398: 4473
Deleting doc 399 from 2 posting lists.
Index: Time to delete doc 399: 197
Deleting doc 400 from 4 posting lists.
Index: Time to delete doc 400: 487
Deleting doc 401 from 5 posting lists.
Index: Time to delete doc 401: 492
Deleting doc 402 from 6 posting lists.
Index: Time to delete doc 402: 1038
Deleting doc 403 from 3 posting lists.
Index: Time to delete doc 403: 213
Deleting doc 404 from 3 posting lists.
Index: Time to delete doc 404: 413
Deleting doc 405 from 5 posting lists.
Index: Time to delete doc 405: 439
Deleting doc 406 from 5 posting lists.
Index: Time to delete doc 406: 458
Deleting doc 407 from 2 posting lists.
Index: Time to delete doc 407: 178
Deleting doc 408 from 1 posting lists.
Index: Time to delete doc 408: 89
Deleting doc 409 from 24 posting lists.
Index: Time to delete doc 409: 6813
Deleting doc 410 from 15 posting lists.
Index: Time to delete doc 410: 3238
Deleting doc 411 from 11 posting lists.
Index: Time to delete doc 411: 2102
Deleting doc 412 from 20 posting lists.
Index: Time to delete doc 412: 4782
Deleting doc 413 from 11 posting lists.
Index: Time to delete doc 413: 1732
Deleting doc 414 from 13 posting lists.
Index: Time to delete doc 414: 2723
Deleting doc 415 from 7 posting lists.
Index: Time to delete doc 415: 1642
Deleting doc 416 from 16 posting lists.
Index: Time to delete doc 416: 3491
Deleting doc 417 from 8 posting lists.
Index: Time to delete doc 417: 1769
Deleting doc 418 from 19 posting lists.
Index: Time to delete doc 418: 5359
Deleting doc 419 from 20 posting lists.
Index: Time to delete doc 419: 5060
Deleting doc 420 from 13 posting lists.
Index: Time to delete doc 420: 3035
Deleting doc 421 from 7 posting lists.
Index: Time to delete doc 421: 1642
Deleting doc 422 from 8 posting lists.
Index: Time to delete doc 422: 1603
Deleting doc 423 from 5 posting lists.
Index: Time to delete doc 423: 620
Deleting doc 424 from 12 posting lists.
Index: Time to delete doc 424: 2635
Deleting doc 425 from 12 posting lists.
Index: Time to delete doc 425: 3012
Deleting doc 426 from 10 posting lists.
Index: Time to delete doc 426: 2490
Deleting doc 427 from 14 posting lists.
Index: Time to delete doc 427: 3244
Deleting doc 428 from 4 posting lists.
Index: Time to delete doc 428: 735
Deleting doc 429 from 29 posting lists.
Index: Time to delete doc 429: 7560
Deleting doc 430 from 7 posting lists.
Index: Time to delete doc 430: 1241
Deleting doc 431 from 4 posting lists.
Index: Time to delete doc 431: 582
Deleting doc 432 from 3 posting lists.
Index: Time to delete doc 432: 381
Deleting doc 433 from 13 posting lists.
Index: Time to delete doc 433: 2565
Deleting doc 434 from 3 posting lists.
Index: Time to delete doc 434: 420
Deleting doc 435 from 21 posting lists.
Index: Time to delete doc 435: 4808
Deleting doc 436 from 22 posting lists.
Index: Time to delete doc 436: 4043
Deleting doc 437 from 21 posting lists.
Index: Time to delete doc 437: 4597
Deleting doc 438 from 7 posting lists.
Index: Time to delete doc 438: 1223
Deleting doc 439 from 3 posting lists.
Index: Time to delete doc 439: 566
Deleting doc 440 from 6 posting lists.
Index: Time to delete doc 440: 1003
Deleting doc 441 from 9 posting lists.
Index: Time to delete doc 441: 1305
Deleting doc 442 from 5 posting lists.
Index: Time to delete doc 442: 894
Deleting doc 443 from 2 posting lists.
Index: Time to delete doc 443: 393
Deleting doc 444 from 6 posting lists.
Index: Time to delete doc 444: 1383
Deleting doc 445 from 3 posting lists.
Index: Time to delete doc 445: 506
Deleting doc 446 from 9 posting lists.
Index: Time to delete doc 446: 2009
Deleting doc 447 from 7 posting lists.
Index: Time to delete doc 447: 1420
Deleting doc 448 from 11 posting lists.
Index: Time to delete doc 448: 2411
Deleting doc 449 from 7 posting lists.
Index: Time to delete doc 449: 1050
Deleting doc 450 from 5 posting lists.
Index: Time to delete doc 450: 869
Deleting doc 451 from 16 posting lists.
Index: Time to delete doc 451: 3465
Deleting doc 452 from 13 posting lists.
Index: Time to delete doc 452: 2245
Deleting doc 453 from 14 posting lists.
Index: Time to delete doc 453: 2709
Deleting doc 454 from 21 posting lists.
Index: Time to delete doc 454: 4273
Deleting doc 455 from 8 posting lists.
Index: Time to delete doc 455: 1576
Deleting doc 456 from 4 posting lists.
Index: Time to delete doc 456: 581
Deleting doc 457 from 13 posting lists.
Index: Time to delete doc 457: 2811
Deleting doc 458 from 12 posting lists.
Index: Time to delete doc 458: 3169
Deleting doc 459 from 13 posting lists.
Index: Time to delete doc 459: 1860
Deleting doc 460 from 5 posting lists.
Index: Time to delete doc 460: 479
Deleting doc 461 from 16 posting lists.
Index: Time to delete doc 461: 3554
Deleting doc 462 from 3 posting lists.
Index: Time to delete doc 462: 388
Deleting doc 463 from 2 posting lists.
Index: Time to delete doc 463: 292
Deleting doc 464 from 3 posting lists.
Index: Time to delete doc 464: 360
Deleting doc 465 from 2 posting lists.
Index: Time to delete doc 465: 273
Deleting doc 466 from 5 posting lists.
Index: Time to delete doc 466: 730
Deleting doc 467 from 3 posting lists.
Index: Time to delete doc 467: 454
Deleting doc 468 from 6 posting lists.
Index: Time to delete doc 468: 1034
Deleting doc 469 from 9 posting lists.
Index: Time to delete doc 469: 1601
Deleting doc 470 from 7 posting lists.
Index: Time to delete doc 470: 1311
Deleting doc 471 from 9 posting lists.
Index: Time to delete doc 471: 1603
Deleting doc 472 from 8 posting lists.
Index: Time to delete doc 472: 1774
Deleting doc 473 from 17 posting lists.
Index: Time to delete doc 473: 4465
Deleting doc 474 from 7 posting lists.
Index: Time to delete doc 474: 1356
Deleting doc 475 from 7 posting lists.
Index: Time to delete doc 475: 1024
Deleting doc 476 from 9 posting lists.
Index: Time to delete doc 476: 2002
Deleting doc 477 from 9 posting lists.
Index: Time to delete doc 477: 1799
Deleting doc 478 from 10 posting lists.
Index: Time to delete doc 478: 1954
Deleting doc 479 from 11 posting lists.
Index: Time to delete doc 479: 1956
Deleting doc 480 from 6 posting lists.
Index: Time to delete doc 480: 893
Deleting doc 481 from 10 posting lists.
Index: Time to delete doc 481: 1794
Deleting doc 482 from 12 posting lists.
Index: Time to delete doc 482: 2474
Deleting doc 483 from 5 posting lists.
Index: Time to delete doc 483: 718
Deleting doc 484 from 6 posting lists.
Index: Time to delete doc 484: 884
Deleting doc 485 from 9 posting lists.
Index: Time to delete doc 485: 1928
Deleting doc 486 from 7 posting lists.
Index: Time to delete doc 486: 1319
Deleting doc 487 from 5 posting lists.
Index: Time to delete doc 487: 567
Deleting doc 488 from 5 posting lists.
Index: Time to delete doc 488: 725
Deleting doc 489 from 8 posting lists.
Index: Time to delete doc 489: 2162
Deleting doc 490 from 16 posting lists.
Index: Time to delete doc 490: 3497
Deleting doc 491 from 10 posting lists.
Index: Time to delete doc 491: 2808
Deleting doc 492 from 8 posting lists.
Index: Time to delete doc 492: 942
Deleting doc 493 from 6 posting lists.
Index: Time to delete doc 493: 1269
Deleting doc 494 from 4 posting lists.
Index: Time to delete doc 494: 879
Deleting doc 495 from 3 posting lists.
Index: Time to delete doc 495: 614
Deleting doc 496 from 17 posting lists.
Index: Time to delete doc 496: 3564
Deleting doc 497 from 8 posting lists.
Index: Time to delete doc 497: 2126
Deleting doc 498 from 0 posting lists.
Index: Time to delete doc 498: 1
Deleting doc 499 from 3 posting lists.
Index: Time to delete doc 499: 411
Deleting doc 500 from 4 posting lists.
Index: Time to delete doc 500: 750
Deleting doc 501 from 4 posting lists.
Index: Time to delete doc 501: 667
Deleting doc 502 from 5 posting lists.
Index: Time to delete doc 502: 773
Deleting doc 503 from 3 posting lists.
Index: Time to delete doc 503: 460
Deleting doc 504 from 9 posting lists.
Index: Time to delete doc 504: 1345
Deleting doc 505 from 2 posting lists.
Index: Time to delete doc 505: 331
Deleting doc 506 from 13 posting lists.
Index: Time to delete doc 506: 2496
Deleting doc 507 from 8 posting lists.
Index: Time to delete doc 507: 1128
Deleting doc 508 from 6 posting lists.
Index: Time to delete doc 508: 905
Deleting doc 509 from 14 posting lists.
Index: Time to delete doc 509: 4197
Deleting doc 510 from 13 posting lists.
Index: Time to delete doc 510: 3053
Deleting doc 511 from 14 posting lists.
Index: Time to delete doc 511: 4761
Deleting doc 512 from 15 posting lists.
Index: Time to delete doc 512: 4340
Deleting doc 513 from 10 posting lists.
Index: Time to delete doc 513: 2458
Deleting doc 514 from 10 posting lists.
Index: Time to delete doc 514: 2276
Deleting doc 515 from 7 posting lists.
Index: Time to delete doc 515: 1417
Deleting doc 516 from 15 posting lists.
Index: Time to delete doc 516: 4307
Deleting doc 517 from 9 posting lists.
Index: Time to delete doc 517: 2072
Deleting doc 518 from 14 posting lists.
Index: Time to delete doc 518: 3023
Deleting doc 519 from 3 posting lists.
Index: Time to delete doc 519: 195
Deleting doc 520 from 4 posting lists.
Index: Time to delete doc 520: 415
Deleting doc 521 from 5 posting lists.
Index: Time to delete doc 521: 445
Deleting doc 522 from 6 posting lists.
Index: Time to delete doc 522: 688
Deleting doc 523 from 4 posting lists.
Index: Time to delete doc 523: 254
Deleting doc 524 from 2 posting lists.
Index: Time to delete doc 524: 102
Deleting doc 525 from 4 posting lists.
Index: Time to delete doc 525: 519
Deleting doc 526 from 9 posting lists.
Index: Time to delete doc 526: 1631
Deleting doc 527 from 3 posting lists.
Index: Time to delete doc 527: 167
Deleting doc 528 from 5 posting lists.
Index: Time to delete doc 528: 436
Deleting doc 529 from 11 posting lists.
Index: Time to delete doc 529: 3632
Deleting doc 530 from 13 posting lists.
Index: Time to delete doc 530: 3303
Deleting doc 531 from 10 posting lists.
Index: Time to delete doc 531: 1894
Deleting doc 532 from 9 posting lists.
Index: Time to delete doc 532: 2091
Deleting doc 533 from 6 posting lists.
Index: Time to delete doc 533: 1576
Deleting doc 534 from 18 posting lists.
Index: Time to delete doc 534: 5144
Deleting doc 535 from 19 posting lists.
Index: Time to delete doc 535: 5849
Deleting doc 536 from 12 posting lists.
Index: Time to delete doc 536: 3054
Deleting doc 537 from 11 posting lists.
Index: Time to delete doc 537: 3402
Deleting doc 538 from 11 posting lists.
Index: Time to delete doc 538: 3129
Deleting doc 539 from 6 posting lists.
Index: Time to delete doc 539: 899
Deleting doc 540 from 11 posting lists.
Index: Time to delete doc 540: 2548
Deleting doc 541 from 0 posting lists.
Index: Time to delete doc 541: 1
Deleting doc 542 from 1 posting lists.
Index: Time to delete doc 542: 214
Deleting doc 543 from 6 posting lists.
Index: Time to delete doc 543: 1323
Deleting doc 544 from 0 posting lists.
Index: Time to delete doc 544: 1
Deleting doc 545 from 3 posting lists.
Index: Time to delete doc 545: 533
Deleting doc 546 from 8 posting lists.
Index: Time to delete doc 546: 1197
Deleting doc 547 from 11 posting lists.
Index: Time to delete doc 547: 2307
Deleting doc 548 from 7 posting lists.
Index: Time to delete doc 548: 1301
Deleting doc 549 from 18 posting lists.
Index: Time to delete doc 549: 4152
Deleting doc 550 from 16 posting lists.
Index: Time to delete doc 550: 4297
Deleting doc 551 from 16 posting lists.
Index: Time to delete doc 551: 3944
Deleting doc 552 from 9 posting lists.
Index: Time to delete doc 552: 1412
Deleting doc 553 from 17 posting lists.
Index: Time to delete doc 553: 3792
Deleting doc 554 from 16 posting lists.
Index: Time to delete doc 554: 2986
Deleting doc 555 from 10 posting lists.
Index: Time to delete doc 555: 2093
Deleting doc 556 from 13 posting lists.
Index: Time to delete doc 556: 2469
Deleting doc 557 from 9 posting lists.
Index: Time to delete doc 557: 1640
Deleting doc 558 from 9 posting lists.
Index: Time to delete doc 558: 2095
Deleting doc 559 from 12 posting lists.
Index: Time to delete doc 559: 2968
Deleting doc 560 from 8 posting lists.
Index: Time to delete doc 560: 1907
Deleting doc 561 from 9 posting lists.
Index: Time to delete doc 561: 2029
Deleting doc 562 from 11 posting lists.
Index: Time to delete doc 562: 2931
Deleting doc 563 from 13 posting lists.
Index: Time to delete doc 563: 2584
Deleting doc 564 from 7 posting lists.
Index: Time to delete doc 564: 1371
Deleting doc 565 from 10 posting lists.
Index: Time to delete doc 565: 2426
Deleting doc 566 from 12 posting lists.
Index: Time to delete doc 566: 3222
Deleting doc 567 from 8 posting lists.
Index: Time to delete doc 567: 1894
Deleting doc 568 from 15 posting lists.
Index: Time to delete doc 568: 2629
Deleting doc 569 from 16 posting lists.
Index: Time to delete doc 569: 3985
Deleting doc 570 from 6 posting lists.
Index: Time to delete doc 570: 858
Deleting doc 571 from 6 posting lists.
Index: Time to delete doc 571: 1232
Deleting doc 572 from 12 posting lists.
Index: Time to delete doc 572: 2014
Deleting doc 573 from 6 posting lists.
Index: Time to delete doc 573: 893
Deleting doc 574 from 4 posting lists.
Index: Time to delete doc 574: 568
Deleting doc 575 from 6 posting lists.
Index: Time to delete doc 575: 989
Deleting doc 576 from 5 posting lists.
Index: Time to delete doc 576: 805
Deleting doc 577 from 5 posting lists.
Index: Time to delete doc 577: 467
Deleting doc 578 from 6 posting lists.
Index: Time to delete doc 578: 1100
Deleting doc 579 from 25 posting lists.
Index: Time to delete doc 579: 7040
Deleting doc 580 from 7 posting lists.
Index: Time to delete doc 580: 1453
Deleting doc 581 from 8 posting lists.
Index: Time to delete doc 581: 1365
Deleting doc 582 from 10 posting lists.
Index: Time to delete doc 582: 2462
Deleting doc 583 from 9 posting lists.
Index: Time to delete doc 583: 2403
Deleting doc 584 from 16 posting lists.
Index: Time to delete doc 584: 3066
Deleting doc 585 from 18 posting lists.
Index: Time to delete doc 585: 4457
Deleting doc 586 from 19 posting lists.
Index: Time to delete doc 586: 4694
Deleting doc 587 from 12 posting lists.
Index: Time to delete doc 587: 2707
Deleting doc 588 from 19 posting lists.
Index: Time to delete doc 588: 6194
Deleting doc 589 from 9 posting lists.
Index: Time to delete doc 589: 1967
Deleting doc 590 from 9 posting lists.
Index: Time to delete doc 590: 2006
Deleting doc 591 from 12 posting lists.
Index: Time to delete doc 591: 3058
Deleting doc 592 from 8 posting lists.
Index: Time to delete doc 592: 1279
Deleting doc 593 from 6 posting lists.
Index: Time to delete doc 593: 951
Deleting doc 594 from 13 posting lists.
Index: Time to delete doc 594: 2370
Deleting doc 595 from 6 posting lists.
Index: Time to delete doc 595: 908
Deleting doc 596 from 12 posting lists.
Index: Time to delete doc 596: 2233
Deleting doc 597 from 13 posting lists.
Index: Time to delete doc 597: 2781
Deleting doc 598 from 7 posting lists.
Index: Time to delete doc 598: 987
Deleting doc 599 from 17 posting lists.
Index: Time to delete doc 599: 2734
Deleting doc 600 from 20 posting lists.
Index: Time to delete doc 600: 4281
Deleting doc 601 from 26 posting lists.
Index: Time to delete doc 601: 7162
Deleting doc 602 from 28 posting lists.
Index: Time to delete doc 602: 6337
Deleting doc 603 from 20 posting lists.
Index: Time to delete doc 603: 4813
Deleting doc 604 from 27 posting lists.
Index: Time to delete doc 604: 7854
Deleting doc 605 from 10 posting lists.
Index: Time to delete doc 605: 1885
Deleting doc 606 from 18 posting lists.
Index: Time to delete doc 606: 5207
Deleting doc 607 from 12 posting lists.
Index: Time to delete doc 607: 1748
Deleting doc 608 from 16 posting lists.
Index: Time to delete doc 608: 3129
Deleting doc 609 from 4 posting lists.
Index: Time to delete doc 609: 899
Deleting doc 610 from 5 posting lists.
Index: Time to delete doc 610: 615
Deleting doc 611 from 1 posting lists.
Index: Time to delete doc 611: 117
Deleting doc 612 from 4 posting lists.
Index: Time to delete doc 612: 631
Deleting doc 613 from 3 posting lists.
Index: Time to delete doc 613: 210
Deleting doc 614 from 3 posting lists.
Index: Time to delete doc 614: 230
Deleting doc 615 from 3 posting lists.
Index: Time to delete doc 615: 264
Deleting doc 616 from 1 posting lists.
Index: Time to delete doc 616: 104
Deleting doc 617 from 5 posting lists.
Index: Time to delete doc 617: 432
Deleting doc 618 from 5 posting lists.
Index: Time to delete doc 618: 447
Deleting doc 619 from 21 posting lists.
Index: Time to delete doc 619: 4352
Deleting doc 620 from 23 posting lists.
Index: Time to delete doc 620: 3887
Deleting doc 621 from 21 posting lists.
Index: Time to delete doc 621: 3961
Deleting doc 622 from 12 posting lists.
Index: Time to delete doc 622: 1983
Deleting doc 623 from 18 posting lists.
Index: Time to delete doc 623: 4522
Deleting doc 624 from 7 posting lists.
Index: Time to delete doc 624: 1018
Deleting doc 625 from 10 posting lists.
Index: Time to delete doc 625: 1797
Deleting doc 626 from 7 posting lists.
Index: Time to delete doc 626: 928
Deleting doc 627 from 19 posting lists.
Index: Time to delete doc 627: 5270
Deleting doc 628 from 18 posting lists.
Index: Time to delete doc 628: 3137
Deleting doc 629 from 4 posting lists.
Index: Time to delete doc 629: 764
Deleting doc 630 from 6 posting lists.
Index: Time to delete doc 630: 1104
Deleting doc 631 from 2 posting lists.
Index: Time to delete doc 631: 273
Deleting doc 632 from 5 posting lists.
Index: Time to delete doc 632: 844
Deleting doc 633 from 19 posting lists.
Index: Time to delete doc 633: 4173
Deleting doc 634 from 14 posting lists.
Index: Time to delete doc 634: 3171
Deleting doc 635 from 8 posting lists.
Index: Time to delete doc 635: 1797
Deleting doc 636 from 12 posting lists.
Index: Time to delete doc 636: 2303
Deleting doc 637 from 11 posting lists.
Index: Time to delete doc 637: 3497
Deleting doc 638 from 6 posting lists.
Index: Time to delete doc 638: 1158
Deleting doc 639 from 8 posting lists.
Index: Time to delete doc 639: 1450
Deleting doc 640 from 7 posting lists.
Index: Time to delete doc 640: 1349
Deleting doc 641 from 5 posting lists.
Index: Time to delete doc 641: 1120
Deleting doc 642 from 6 posting lists.
Index: Time to delete doc 642: 974
Deleting doc 643 from 10 posting lists.
Index: Time to delete doc 643: 2076
Deleting doc 644 from 10 posting lists.
Index: Time to delete doc 644: 1596
Deleting doc 645 from 7 posting lists.
Index: Time to delete doc 645: 1159
Deleting doc 646 from 9 posting lists.
Index: Time to delete doc 646: 2152
Deleting doc 647 from 5 posting lists.
Index: Time to delete doc 647: 1230
Deleting doc 648 from 6 posting lists.
Index: Time to delete doc 648: 1352
Deleting doc 649 from 7 posting lists.
Index: Time to delete doc 649: 1122
Deleting doc 650 from 9 posting lists.
Index: Time to delete doc 650: 1888
Deleting doc 651 from 8 posting lists.
Index: Time to delete doc 651: 1312
Deleting doc 652 from 4 posting lists.
Index: Time to delete doc 652: 384
Deleting doc 653 from 10 posting lists.
Index: Time to delete doc 653: 1608
Deleting doc 654 from 16 posting lists.
Index: Time to delete doc 654: 3011
Deleting doc 655 from 7 posting lists.
Index: Time to delete doc 655: 1190
Deleting doc 656 from 9 posting lists.
Index: Time to delete doc 656: 1558
Deleting doc 657 from 6 posting lists.
Index: Time to delete doc 657: 880
Deleting doc 658 from 6 posting lists.
Index: Time to delete doc 658: 1007
Deleting doc 659 from 22 posting lists.
Index: Time to delete doc 659: 5817
Deleting doc 660 from 34 posting lists.
Index: Time to delete doc 660: 12226
Deleting doc 661 from 21 posting lists.
Index: Time to delete doc 661: 5492
Deleting doc 662 from 25 posting lists.
Index: Time to delete doc 662: 5231
Deleting doc 663 from 16 posting lists.
Index: Time to delete doc 663: 3038
Deleting doc 664 from 17 posting lists.
Index: Time to delete doc 664: 4154
Deleting doc 665 from 17 posting lists.
Index: Time to delete doc 665: 3258
Deleting doc 666 from 12 posting lists.
Index: Time to delete doc 666: 2633
Deleting doc 667 from 14 posting lists.
Index: Time to delete doc 667: 2934
Deleting doc 668 from 21 posting lists.
Index: Time to delete doc 668: 4611
Deleting doc 669 from 2 posting lists.
Index: Time to delete doc 669: 249
Deleting doc 670 from 7 posting lists.
Index: Time to delete doc 670: 1525
Deleting doc 671 from 10 posting lists.
Index: Time to delete doc 671: 1975
Deleting doc 672 from 4 posting lists.
Index: Time to delete doc 672: 658
Deleting doc 673 from 5 posting lists.
Index: Time to delete doc 673: 612
Deleting doc 674 from 12 posting lists.
Index: Time to delete doc 674: 2981
Deleting doc 675 from 5 posting lists.
Index: Time to delete doc 675: 999
Deleting doc 676 from 8 posting lists.
Index: Time to delete doc 676: 1698
Deleting doc 677 from 2 posting lists.
Index: Time to delete doc 677: 211
Deleting doc 678 from 9 posting lists.
Index: Time to delete doc 678: 1513
Deleting doc 679 from 8 posting lists.
Index: Time to delete doc 679: 1880
Deleting doc 680 from 10 posting lists.
Index: Time to delete doc 680: 2396
Deleting doc 681 from 15 posting lists.
Index: Time to delete doc 681: 4128
Deleting doc 682 from 15 posting lists.
Index: Time to delete doc 682: 3927
Deleting doc 683 from 11 posting lists.
Index: Time to delete doc 683: 2425
Deleting doc 684 from 17 posting lists.
Index: Time to delete doc 684: 4477
Deleting doc 685 from 10 posting lists.
Index: Time to delete doc 685: 2004
Deleting doc 686 from 13 posting lists.
Index: Time to delete doc 686: 3168
Deleting doc 687 from 18 posting lists.
Index: Time to delete doc 687: 4261
Deleting doc 688 from 5 posting lists.
Index: Time to delete doc 688: 1194
Deleting doc 689 from 6 posting lists.
Index: Time to delete doc 689: 1288
Deleting doc 690 from 5 posting lists.
Index: Time to delete doc 690: 1183
Deleting doc 691 from 7 posting lists.
Index: Time to delete doc 691: 1544
Deleting doc 692 from 5 posting lists.
Index: Time to delete doc 692: 851
Deleting doc 693 from 3 posting lists.
Index: Time to delete doc 693: 505
Deleting doc 694 from 2 posting lists.
Index: Time to delete doc 694: 324
Deleting doc 695 from 3 posting lists.
Index: Time to delete doc 695: 487
Deleting doc 696 from 5 posting lists.
Index: Time to delete doc 696: 990
Deleting doc 697 from 6 posting lists.
Index: Time to delete doc 697: 1370
Deleting doc 698 from 9 posting lists.
Index: Time to delete doc 698: 2336
Deleting doc 699 from 20 posting lists.
Index: Time to delete doc 699: 6541
Deleting doc 700 from 5 posting lists.
Index: Time to delete doc 700: 1194
Deleting doc 701 from 10 posting lists.
Index: Time to delete doc 701: 2371
Deleting doc 702 from 6 posting lists.
Index: Time to delete doc 702: 1327
Deleting doc 703 from 14 posting lists.
Index: Time to delete doc 703: 3430
Deleting doc 704 from 13 posting lists.
Index: Time to delete doc 704: 3451
Deleting doc 705 from 7 posting lists.
Index: Time to delete doc 705: 1324
Deleting doc 706 from 9 posting lists.
Index: Time to delete doc 706: 2349
Deleting doc 707 from 5 posting lists.
Index: Time to delete doc 707: 1034
Deleting doc 708 from 5 posting lists.
Index: Time to delete doc 708: 1429
Deleting doc 709 from 13 posting lists.
Index: Time to delete doc 709: 3305
Deleting doc 710 from 14 posting lists.
Index: Time to delete doc 710: 3031
Deleting doc 711 from 12 posting lists.
Index: Time to delete doc 711: 2551
Deleting doc 712 from 14 posting lists.
Index: Time to delete doc 712: 2823
Deleting doc 713 from 16 posting lists.
Index: Time to delete doc 713: 3394
Deleting doc 714 from 14 posting lists.
Index: Time to delete doc 714: 4105
Deleting doc 715 from 11 posting lists.
Index: Time to delete doc 715: 2261
Deleting doc 716 from 7 posting lists.
Index: Time to delete doc 716: 1573
Deleting doc 717 from 9 posting lists.
Index: Time to delete doc 717: 1983
Deleting doc 718 from 10 posting lists.
Index: Time to delete doc 718: 1869
Deleting doc 719 from 16 posting lists.
Index: Time to delete doc 719: 3486
Deleting doc 720 from 7 posting lists.
Index: Time to delete doc 720: 1670
Deleting doc 721 from 6 posting lists.
Index: Time to delete doc 721: 912
Deleting doc 722 from 22 posting lists.
Index: Time to delete doc 722: 4376
Deleting doc 723 from 12 posting lists.
Index: Time to delete doc 723: 3445
Deleting doc 724 from 7 posting lists.
Index: Time to delete doc 724: 1768
Deleting doc 725 from 5 posting lists.
Index: Time to delete doc 725: 1046
Deleting doc 726 from 6 posting lists.
Index: Time to delete doc 726: 873
Deleting doc 727 from 10 posting lists.
Index: Time to delete doc 727: 3134
Deleting doc 728 from 6 posting lists.
Index: Time to delete doc 728: 818
Deleting doc 729 from 7 posting lists.
Index: Time to delete doc 729: 1360
Deleting doc 730 from 7 posting lists.
Index: Time to delete doc 730: 1047
Deleting doc 731 from 9 posting lists.
Index: Time to delete doc 731: 2287
Deleting doc 732 from 10 posting lists.
Index: Time to delete doc 732: 2646
Deleting doc 733 from 7 posting lists.
Index: Time to delete doc 733: 1457
Deleting doc 734 from 11 posting lists.
Index: Time to delete doc 734: 2574
Deleting doc 735 from 14 posting lists.
Index: Time to delete doc 735: 3598
Deleting doc 736 from 6 posting lists.
Index: Time to delete doc 736: 1248
Deleting doc 737 from 8 posting lists.
Index: Time to delete doc 737: 981
Deleting doc 738 from 12 posting lists.
Index: Time to delete doc 738: 2314
Deleting doc 739 from 30 posting lists.
Index: Time to delete doc 739: 5625
Deleting doc 740 from 41 posting lists.
Index: Time to delete doc 740: 10484
Deleting doc 741 from 31 posting lists.
Index: Time to delete doc 741: 6230
Deleting doc 742 from 39 posting lists.
Index: Time to delete doc 742: 9758
Deleting doc 743 from 27 posting lists.
Index: Time to delete doc 743: 5704
Deleting doc 744 from 35 posting lists.
Index: Time to delete doc 744: 8035
Deleting doc 745 from 22 posting lists.
Index: Time to delete doc 745: 4950
Deleting doc 746 from 35 posting lists.
Index: Time to delete doc 746: 8035
Deleting doc 747 from 27 posting lists.
Index: Time to delete doc 747: 6598
Deleting doc 748 from 34 posting lists.
Index: Time to delete doc 748: 10148
Deleting doc 749 from 4 posting lists.
Index: Time to delete doc 749: 590
Deleting doc 750 from 0 posting lists.
Index: Time to delete doc 750: 1
Deleting doc 751 from 2 posting lists.
Index: Time to delete doc 751: 403
Deleting doc 752 from 3 posting lists.
Index: Time to delete doc 752: 609
Deleting doc 753 from 1 posting lists.
Index: Time to delete doc 753: 185
Deleting doc 754 from 7 posting lists.
Index: Time to delete doc 754: 1222
Deleting doc 755 from 2 posting lists.
Index: Time to delete doc 755: 383
Deleting doc 756 from 5 posting lists.
Index: Time to delete doc 756: 1026
Deleting doc 757 from 1 posting lists.
Index: Time to delete doc 757: 184
Deleting doc 758 from 3 posting lists.
Index: Time to delete doc 758: 494
Deleting doc 759 from 3 posting lists.
Index: Time to delete doc 759: 325
Deleting doc 760 from 4 posting lists.
Index: Time to delete doc 760: 503
Deleting doc 761 from 2 posting lists.
Index: Time to delete doc 761: 240
Deleting doc 762 from 6 posting lists.
Index: Time to delete doc 762: 1357
Deleting doc 763 from 3 posting lists.
Index: Time to delete doc 763: 250
Deleting doc 764 from 3 posting lists.
Index: Time to delete doc 764: 432
Deleting doc 765 from 2 posting lists.
Index: Time to delete doc 765: 200
Deleting doc 766 from 5 posting lists.
Index: Time to delete doc 766: 707
Deleting doc 767 from 6 posting lists.
Index: Time to delete doc 767: 1431
Deleting doc 768 from 2 posting lists.
Index: Time to delete doc 768: 149
Deleting doc 769 from 4 posting lists.
Index: Time to delete doc 769: 860
Deleting doc 770 from 7 posting lists.
Index: Time to delete doc 770: 1368
Deleting doc 771 from 7 posting lists.
Index: Time to delete doc 771: 1438
Deleting doc 772 from 8 posting lists.
Index: Time to delete doc 772: 1508
Deleting doc 773 from 7 posting lists.
Index: Time to delete doc 773: 1830
Deleting doc 774 from 16 posting lists.
Index: Time to delete doc 774: 3675
Deleting doc 775 from 9 posting lists.
Index: Time to delete doc 775: 1798
Deleting doc 776 from 5 posting lists.
Index: Time to delete doc 776: 1047
Deleting doc 777 from 6 posting lists.
Index: Time to delete doc 777: 1157
Deleting doc 778 from 3 posting lists.
Index: Time to delete doc 778: 534
Deleting doc 779 from 6 posting lists.
Index: Time to delete doc 779: 1542
Deleting doc 780 from 3 posting lists.
Index: Time to delete doc 780: 776
Deleting doc 781 from 9 posting lists.
Index: Time to delete doc 781: 1939
Deleting doc 782 from 12 posting lists.
Index: Time to delete doc 782: 2373
Deleting doc 783 from 9 posting lists.
Index: Time to delete doc 783: 2228
Deleting doc 784 from 9 posting lists.
Index: Time to delete doc 784: 2206
Deleting doc 785 from 5 posting lists.
Index: Time to delete doc 785: 1378
Deleting doc 786 from 2 posting lists.
Index: Time to delete doc 786: 454
Deleting doc 787 from 5 posting lists.
Index: Time to delete doc 787: 846
Deleting doc 788 from 7 posting lists.
Index: Time to delete doc 788: 1340
Deleting doc 789 from 3 posting lists.
Index: Time to delete doc 789: 461
Deleting doc 790 from 4 posting lists.
Index: Time to delete doc 790: 651
Deleting doc 791 from 7 posting lists.
Index: Time to delete doc 791: 1055
Deleting doc 792 from 7 posting lists.
Index: Time to delete doc 792: 1052
Deleting doc 793 from 8 posting lists.
Index: Time to delete doc 793: 1712
Deleting doc 794 from 6 posting lists.
Index: Time to delete doc 794: 1435
Deleting doc 795 from 4 posting lists.
Index: Time to delete doc 795: 824
Deleting doc 796 from 15 posting lists.
Index: Time to delete doc 796: 2904
Deleting doc 797 from 7 posting lists.
Index: Time to delete doc 797: 1332
Deleting doc 798 from 8 posting lists.
Index: Time to delete doc 798: 1543
Deleting doc 799 from 22 posting lists.
Index: Time to delete doc 799: 5320
Deleting doc 800 from 14 posting lists.
Index: Time to delete doc 800: 3593
Deleting doc 801 from 11 posting lists.
Index: Time to delete doc 801: 2385
Deleting doc 802 from 17 posting lists.
Index: Time to delete doc 802: 4413
Deleting doc 803 from 9 posting lists.
Index: Time to delete doc 803: 2179
Deleting doc 804 from 9 posting lists.
Index: Time to delete doc 804: 1775
Deleting doc 805 from 18 posting lists.
Index: Time to delete doc 805: 4381
Deleting doc 806 from 13 posting lists.
Index: Time to delete doc 806: 2671
Deleting doc 807 from 8 posting lists.
Index: Time to delete doc 807: 1501
Deleting doc 808 from 14 posting lists.
Index: Time to delete doc 808: 3313
Deleting doc 809 from 2 posting lists.
Index: Time to delete doc 809: 373
Deleting doc 810 from 11 posting lists.
Index: Time to delete doc 810: 1915
Deleting doc 811 from 2 posting lists.
Index: Time to delete doc 811: 115
Deleting doc 812 from 7 posting lists.
Index: Time to delete doc 812: 1299
Deleting doc 813 from 6 posting lists.
Index: Time to delete doc 813: 500
Deleting doc 814 from 2 posting lists.
Index: Time to delete doc 814: 108
Deleting doc 815 from 3 posting lists.
Index: Time to delete doc 815: 232
Deleting doc 816 from 7 posting lists.
Index: Time to delete doc 816: 633
Deleting doc 817 from 15 posting lists.
Index: Time to delete doc 817: 3344
Deleting doc 818 from 4 posting lists.
Index: Time to delete doc 818: 474
Deleting doc 819 from 8 posting lists.
Index: Time to delete doc 819: 1634
Deleting doc 820 from 10 posting lists.
Index: Time to delete doc 820: 2551
Deleting doc 821 from 5 posting lists.
Index: Time to delete doc 821: 748
Deleting doc 822 from 9 posting lists.
Index: Time to delete doc 822: 1482
Deleting doc 823 from 4 posting lists.
Index: Time to delete doc 823: 696
Deleting doc 824 from 15 posting lists.
Index: Time to delete doc 824: 3462
Deleting doc 825 from 8 posting lists.
Index: Time to delete doc 825: 1835
Deleting doc 826 from 6 posting lists.
Index: Time to delete doc 826: 992
Deleting doc 827 from 7 posting lists.
Index: Time to delete doc 827: 1545
Deleting doc 828 from 0 posting lists.
Index: Time to delete doc 828: 1
Deleting doc 829 from 9 posting lists.
Index: Time to delete doc 829: 1786
Deleting doc 830 from 11 posting lists.
Index: Time to delete doc 830: 1931
Deleting doc 831 from 17 posting lists.
Index: Time to delete doc 831: 4174
Deleting doc 832 from 7 posting lists.
Index: Time to delete doc 832: 1491
Deleting doc 833 from 14 posting lists.
Index: Time to delete doc 833: 3033
Deleting doc 834 from 9 posting lists.
Index: Time to delete doc 834: 1566
Deleting doc 835 from 6 posting lists.
Index: Time to delete doc 835: 871
Deleting doc 836 from 5 posting lists.
Index: Time to delete doc 836: 1017
Deleting doc 837 from 17 posting lists.
Index: Time to delete doc 837: 3465
Deleting doc 838 from 10 posting lists.
Index: Time to delete doc 838: 2155
Deleting doc 839 from 12 posting lists.
Index: Time to delete doc 839: 1713
Deleting doc 840 from 17 posting lists.
Index: Time to delete doc 840: 4288
Deleting doc 841 from 15 posting lists.
Index: Time to delete doc 841: 3119
Deleting doc 842 from 21 posting lists.
Index: Time to delete doc 842: 5221
Deleting doc 843 from 17 posting lists.
Index: Time to delete doc 843: 3643
Deleting doc 844 from 7 posting lists.
Index: Time to delete doc 844: 1435
Deleting doc 845 from 18 posting lists.
Index: Time to delete doc 845: 4625
Deleting doc 846 from 19 posting lists.
Index: Time to delete doc 846: 4692
Deleting doc 847 from 18 posting lists.
Index: Time to delete doc 847: 4223
Deleting doc 848 from 17 posting lists.
Index: Time to delete doc 848: 3643
Deleting doc 849 from 4 posting lists.
Index: Time to delete doc 849: 756
Deleting doc 850 from 11 posting lists.
Index: Time to delete doc 850: 2387
Deleting doc 851 from 8 posting lists.
Index: Time to delete doc 851: 2120
Deleting doc 852 from 4 posting lists.
Index: Time to delete doc 852: 661
Deleting doc 853 from 5 posting lists.
Index: Time to delete doc 853: 710
Deleting doc 854 from 10 posting lists.
Index: Time to delete doc 854: 1750
Deleting doc 855 from 8 posting lists.
Index: Time to delete doc 855: 1547
Deleting doc 856 from 6 posting lists.
Index: Time to delete doc 856: 1093
Deleting doc 857 from 6 posting lists.
Index: Time to delete doc 857: 880
Deleting doc 858 from 12 posting lists.
Index: Time to delete doc 858: 2358
Deleting doc 859 from 0 posting lists.
Index: Time to delete doc 859: 1
Deleting doc 860 from 3 posting lists.
Index: Time to delete doc 860: 455
Deleting doc 861 from 1 posting lists.
Index: Time to delete doc 861: 120
Deleting doc 862 from 3 posting lists.
Index: Time to delete doc 862: 400
Deleting doc 863 from 1 posting lists.
Index: Time to delete doc 863: 103
Deleting doc 864 from 3 posting lists.
Index: Time to delete doc 864: 477
Deleting doc 865 from 7 posting lists.
Index: Time to delete doc 865: 1557
Deleting doc 866 from 4 posting lists.
Index: Time to delete doc 866: 800
Deleting doc 867 from 13 posting lists.
Index: Time to delete doc 867: 2671
Deleting doc 868 from 4 posting lists.
Index: Time to delete doc 868: 974
Deleting doc 869 from 7 posting lists.
Index: Time to delete doc 869: 1565
Deleting doc 870 from 8 posting lists.
Index: Time to delete doc 870: 1450
Deleting doc 871 from 4 posting lists.
Index: Time to delete doc 871: 531
Deleting doc 872 from 14 posting lists.
Index: Time to delete doc 872: 2573
Deleting doc 873 from 10 posting lists.
Index: Time to delete doc 873: 2114
Deleting doc 874 from 8 posting lists.
Index: Time to delete doc 874: 1753
Deleting doc 875 from 11 posting lists.
Index: Time to delete doc 875: 2091
Deleting doc 876 from 4 posting lists.
Index: Time to delete doc 876: 849
Deleting doc 877 from 3 posting lists.
Index: Time to delete doc 877: 523
Deleting doc 878 from 9 posting lists.
Index: Time to delete doc 878: 1721
Deleting doc 879 from 8 posting lists.
Index: Time to delete doc 879: 2182
Deleting doc 880 from 4 posting lists.
Index: Time to delete doc 880: 388
Deleting doc 881 from 3 posting lists.
Index: Time to delete doc 881: 316
Deleting doc 882 from 3 posting lists.
Index: Time to delete doc 882: 233
Deleting doc 883 from 1 posting lists.
Index: Time to delete doc 883: 100
Deleting doc 884 from 6 posting lists.
Index: Time to delete doc 884: 671
Deleting doc 885 from 14 posting lists.
Index: Time to delete doc 885: 1733
Deleting doc 886 from 5 posting lists.
Index: Time to delete doc 886: 792
Deleting doc 887 from 9 posting lists.
Index: Time to delete doc 887: 962
Deleting doc 888 from 10 posting lists.
Index: Time to delete doc 888: 2451
Deleting doc 889 from 3 posting lists.
Index: Time to delete doc 889: 342
Deleting doc 890 from 5 posting lists.
Index: Time to delete doc 890: 801
Deleting doc 891 from 6 posting lists.
Index: Time to delete doc 891: 924
Deleting doc 892 from 8 posting lists.
Index: Time to delete doc 892: 1750
Deleting doc 893 from 2 posting lists.
Index: Time to delete doc 893: 274
Deleting doc 894 from 7 posting lists.
Index: Time to delete doc 894: 1247
Deleting doc 895 from 7 posting lists.
Index: Time to delete doc 895: 1334
Deleting doc 896 from 7 posting lists.
Index: Time to delete doc 896: 1367
Deleting doc 897 from 10 posting lists.
Index: Time to delete doc 897: 2146
Deleting doc 898 from 12 posting lists.
Index: Time to delete doc 898: 2360
Deleting doc 899 from 9 posting lists.
Index: Time to delete doc 899: 1685
Deleting doc 900 from 2 posting lists.
Index: Time to delete doc 900: 189
Deleting doc 901 from 5 posting lists.
Index: Time to delete doc 901: 621
Deleting doc 902 from 2 posting lists.
Index: Time to delete doc 902: 234
Deleting doc 903 from 7 posting lists.
Index: Time to delete doc 903: 946
Deleting doc 904 from 6 posting lists.
Index: Time to delete doc 904: 704
Deleting doc 905 from 3 posting lists.
Index: Time to delete doc 905: 254
Deleting doc 906 from 2 posting lists.
Index: Time to delete doc 906: 140
Deleting doc 907 from 3 posting lists.
Index: Time to delete doc 907: 440
Deleting doc 908 from 13 posting lists.
Index: Time to delete doc 908: 1982
Deleting doc 909 from 11 posting lists.
Index: Time to delete doc 909: 1977
Deleting doc 910 from 7 posting lists.
Index: Time to delete doc 910: 1357
Deleting doc 911 from 21 posting lists.
Index: Time to delete doc 911: 3865
Deleting doc 912 from 6 posting lists.
Index: Time to delete doc 912: 957
Deleting doc 913 from 12 posting lists.
Index: Time to delete doc 913: 2350
Deleting doc 914 from 16 posting lists.
Index: Time to delete doc 914: 2531
Deleting doc 915 from 21 posting lists.
Index: Time to delete doc 915: 4987
Deleting doc 916 from 7 posting lists.
Index: Time to delete doc 916: 1465
Deleting doc 917 from 13 posting lists.
Index: Time to delete doc 917: 2330
Deleting doc 918 from 17 posting lists.
Index: Time to delete doc 918: 3058
Deleting doc 919 from 10 posting lists.
Index: Time to delete doc 919: 2038
Deleting doc 920 from 15 posting lists.
Index: Time to delete doc 920: 3104
Deleting doc 921 from 9 posting lists.
Index: Time to delete doc 921: 1385
Deleting doc 922 from 6 posting lists.
Index: Time to delete doc 922: 779
Deleting doc 923 from 14 posting lists.
Index: Time to delete doc 923: 2691
Deleting doc 924 from 13 posting lists.
Index: Time to delete doc 924: 2546
Deleting doc 925 from 5 posting lists.
Index: Time to delete doc 925: 954
Deleting doc 926 from 7 posting lists.
Index: Time to delete doc 926: 1224
Deleting doc 927 from 9 posting lists.
Index: Time to delete doc 927: 2163
Deleting doc 928 from 16 posting lists.
Index: Time to delete doc 928: 2603
Deleting doc 929 from 12 posting lists.
Index: Time to delete doc 929: 2123
Deleting doc 930 from 12 posting lists.
Index: Time to delete doc 930: 2528
Deleting doc 931 from 18 posting lists.
Index: Time to delete doc 931: 4097
Deleting doc 932 from 16 posting lists.
Index: Time to delete doc 932: 3103
Deleting doc 933 from 11 posting lists.
Index: Time to delete doc 933: 1636
Deleting doc 934 from 11 posting lists.
Index: Time to delete doc 934: 2311
Deleting doc 935 from 10 posting lists.
Index: Time to delete doc 935: 2537
Deleting doc 936 from 16 posting lists.
Index: Time to delete doc 936: 2845
Deleting doc 937 from 11 posting lists.
Index: Time to delete doc 937: 2045
Deleting doc 938 from 1 posting lists.
Index: Time to delete doc 938: 137
Deleting doc 939 from 6 posting lists.
Index: Time to delete doc 939: 922
Deleting doc 940 from 8 posting lists.
Index: Time to delete doc 940: 1336
Deleting doc 941 from 8 posting lists.
Index: Time to delete doc 941: 1348
Deleting doc 942 from 5 posting lists.
Index: Time to delete doc 942: 1086
Deleting doc 943 from 5 posting lists.
Index: Time to delete doc 943: 761
Deleting doc 944 from 8 posting lists.
Index: Time to delete doc 944: 1482
Deleting doc 945 from 3 posting lists.
Index: Time to delete doc 945: 607
Deleting doc 946 from 4 posting lists.
Index: Time to delete doc 946: 651
Deleting doc 947 from 1 posting lists.
Index: Time to delete doc 947: 124
Deleting doc 948 from 15 posting lists.
Index: Time to delete doc 948: 3658
Deleting doc 949 from 13 posting lists.
Index: Time to delete doc 949: 3209
Deleting doc 950 from 10 posting lists.
Index: Time to delete doc 950: 2369
Deleting doc 951 from 17 posting lists.
Index: Time to delete doc 951: 4726
Deleting doc 952 from 12 posting lists.
Index: Time to delete doc 952: 2110
Deleting doc 953 from 12 posting lists.
Index: Time to delete doc 953: 2210
Deleting doc 954 from 12 posting lists.
Index: Time to delete doc 954: 1786
Deleting doc 955 from 25 posting lists.
Index: Time to delete doc 955: 5643
Deleting doc 956 from 24 posting lists.
Index: Time to delete doc 956: 5396
Deleting doc 957 from 17 posting lists.
Index: Time to delete doc 957: 5145
Deleting doc 958 from 9 posting lists.
Index: Time to delete doc 958: 1888
Deleting doc 959 from 13 posting lists.
Index: Time to delete doc 959: 3836
Deleting doc 960 from 11 posting lists.
Index: Time to delete doc 960: 3537
Deleting doc 961 from 7 posting lists.
Index: Time to delete doc 961: 1977
Deleting doc 962 from 13 posting lists.
Index: Time to delete doc 962: 3703
Deleting doc 963 from 10 posting lists.
Index: Time to delete doc 963: 2024
Deleting doc 964 from 15 posting lists.
Index: Time to delete doc 964: 2769
Deleting doc 965 from 11 posting lists.
Index: Time to delete doc 965: 1929
Deleting doc 966 from 13 posting lists.
Index: Time to delete doc 966: 2764
Deleting doc 967 from 2 posting lists.
Index: Time to delete doc 967: 294
Deleting doc 968 from 13 posting lists.
Index: Time to delete doc 968: 2999
Deleting doc 969 from 11 posting lists.
Index: Time to delete doc 969: 2139
Deleting doc 970 from 10 posting lists.
Index: Time to delete doc 970: 1396
Deleting doc 971 from 12 posting lists.
Index: Time to delete doc 971: 2347
Deleting doc 972 from 7 posting lists.
Index: Time to delete doc 972: 1604
Deleting doc 973 from 6 posting lists.
Index: Time to delete doc 973: 724
Deleting doc 974 from 6 posting lists.
Index: Time to delete doc 974: 949
Deleting doc 975 from 3 posting lists.
Index: Time to delete doc 975: 367
Deleting doc 976 from 2 posting lists.
Index: Time to delete doc 976: 354
Deleting doc 977 from 12 posting lists.
Index: Time to delete doc 977: 2403
Deleting doc 978 from 4 posting lists.
Index: Time to delete doc 978: 726
Deleting doc 979 from 10 posting lists.
Index: Time to delete doc 979: 2280
Deleting doc 980 from 20 posting lists.
Index: Time to delete doc 980: 5178
Deleting doc 981 from 11 posting lists.
Index: Time to delete doc 981: 2046
Deleting doc 982 from 8 posting lists.
Index: Time to delete doc 982: 1324
Deleting doc 983 from 12 posting lists.
Index: Time to delete doc 983: 2040
Deleting doc 984 from 16 posting lists.
Index: Time to delete doc 984: 3296
Deleting doc 985 from 11 posting lists.
Index: Time to delete doc 985: 2279
Deleting doc 986 from 16 posting lists.
Index: Time to delete doc 986: 3534
Deleting doc 987 from 5 posting lists.
Index: Time to delete doc 987: 1211
Deleting doc 988 from 16 posting lists.
Index: Time to delete doc 988: 2619
Deleting doc 989 from 10 posting lists.
Index: Time to delete doc 989: 2366
Deleting doc 990 from 6 posting lists.
Index: Time to delete doc 990: 1097
Deleting doc 991 from 4 posting lists.
Index: Time to delete doc 991: 639
Deleting doc 992 from 8 posting lists.
Index: Time to delete doc 992: 1515
Deleting doc 993 from 2 posting lists.
Index: Time to delete doc 993: 426
Deleting doc 994 from 5 posting lists.
Index: Time to delete doc 994: 978
Deleting doc 995 from 11 posting lists.
Index: Time to delete doc 995: 2476
Deleting doc 996 from 9 posting lists.
Index: Time to delete doc 996: 1882
Deleting doc 997 from 8 posting lists.
Index: Time to delete doc 997: 1857
Deleting doc 998 from 6 posting lists.
Index: Time to delete doc 998: 700
Deleting doc 999 from 16 posting lists.
Index: Time to delete doc 999: 3843
Time 2216 microsecs per delete_document
2216073
Writing results to ./splade_cocondenser_msmarco_2025-12-12_03:50:00/results_recall_90...
Results written successfully
Query for subsection 'recall_90' executed successfully.
Metric of the run: RR@10: 0.014648997134670487
Metric of the gt : RR@10: 0.38280017737754163
