0	5888273	1	9.79538
0	7936543	2	10.2466
0	6927784	3	10.3469
0	3193298	4	10.4319
0	6048780	5	10.5135
0	6927780	6	11.0896
0	4154570	7	13.533
0	7010278	8	13.8561
0	8227274	9	14.047
0	6579497	10	14.8718
1	3580422	1	8.34456
1	7561309	2	8.86555
1	7614235	3	9.12873
1	2174547	4	9.34848
1	5215518	5	10.248
1	5217208	6	10.5426
1	4066534	7	13.4431
1	2031293	8	13.9466
1	7503339	9	14.493
1	6285818	10	15.8144
2	7336960	1	4.65569
2	1625159	2	4.67698
2	2586002	3	4.70734
2	1141811	4	4.72673
2	357917	5	4.94004
2	3337386	6	5.21977
2	6702589	7	5.45144
2	3176640	8	6.2965
2	3987295	9	6.3868
2	3860827	10	13.1546
3	3782601	1	7.81293
3	3730999	2	9.63135
3	3435638	3	9.84869
3	179027	4	11.555
3	633653	5	11.9567
3	4853767	6	12.8029
3	1389801	7	13.3233
3	3284825	8	13.6884
3	2042722	9	15.8597
3	7860348	10	17.6872
4	6155243	1	7.95236
4	2182583	2	8.00911
4	1246141	3	8.09022
4	7510327	4	8.20493
4	1337733	5	8.20759
4	1695438	6	8.48621
4	2307787	7	8.64433
4	4238511	8	8.7299
4	579546	9	8.9278
4	1568096	10	9.48594
5	5711515	1	8.83949
5	703449	2	9.20829
5	4983993	3	10.57
5	2446771	4	10.6653
5	7268735	5	10.913
5	7615541	6	11.1156
5	5720337	7	12.059
5	541605	8	12.5155
5	541610	9	12.8111
5	6172078	10	14.0062
6	5879665	1	4.35633
6	6313275	2	4.43315
6	2681531	3	4.7009
6	4649048	4	4.80913
6	4491175	5	5.65003
6	6185475	6	5.7789
6	6325279	7	6.06043
6	1553837	8	7.94022
6	6865256	9	8.80746
6	6094850	10	8.87881
7	2574452	1	6.52013
7	7757514	2	6.53612
7	578078	3	6.99085
7	3958789	4	7.14081
7	4235875	5	7.36163
7	2334380	6	7.36521
7	3323849	7	7.4533
7	1642726	8	7.641
7	8186767	9	12.9472
7	655038	10	13.0378
8	6542695	1	8.00691
8	3590806	2	8.01941
8	7901136	3	8.44509
8	5947114	4	8.67355
8	1105611	5	8.80404
8	5844773	6	8.85628
8	1151867	7	8.90209
8	1996022	8	9.6475
8	7510232	9	14.3435
8	7159801	10	15.0904
9	6287871	1	8.96882
9	5245498	2	9.11849
9	765277	3	9.32161
9	7370246	4	9.32207
9	2064487	5	9.71836
9	8523778	6	10.4288
9	4596066	7	10.6452
9	1186843	8	12.76
9	7018502	9	14.509
9	1707919	10	16.475
10	7105674	1	6.69943
10	7681706	2	6.70291
10	2658032	3	7.26441
10	3809686	4	8.15455
10	1171146	5	8.24729
10	1166900	6	8.76412
10	1112983	7	10.4026
10	6532533	8	12.8004
10	583149	9	13.4402
10	7280912	10	17.6794
11	4363549	1	12.5343
11	2005413	2	12.8969
11	3453579	3	13.4582
11	1397543	4	13.6571
11	7777220	5	14.149
11	3361867	6	14.2383
11	3080161	7	15.7942
11	6862360	8	18.5513
11	6862357	9	19.282
11	7777222	10	19.3888
12	7219353	1	7.29593
12	4596066	2	7.53089
12	2931287	3	7.53491
12	8134379	4	7.53864
12	458673	5	8.12918
12	765277	6	8.34527
12	711172	7	8.68083
12	3744658	8	9.15765
12	8523778	9	9.51726
12	8158557	10	13.5375
13	2615405	1	6.96197
13	693184	2	7.06257
13	3199746	3	7.41245
13	7573979	4	7.47104
13	3574802	5	7.61121
13	6582119	6	7.71548
13	7222035	7	8.44147
13	8259984	8	8.60665
13	2627933	9	8.90524
13	7993704	10	9.43105
14	6287871	1	8.18902
14	883691	2	8.29503
14	1707919	3	9.63758
14	2064487	4	9.88674
14	6882951	5	10.0112
14	711172	6	10.1566
14	4596066	7	10.5866
14	765277	8	11.2714
14	8523778	9	12.055
14	3744658	10	18.9144
15	5049460	1	8.85905
15	7763538	2	9.30167
15	400880	3	9.45063
15	7931372	4	9.65392
15	7065295	5	10.2011
15	1488695	6	11.2366
15	2287017	7	11.4816
15	3898996	8	11.8727
15	5895471	9	11.9109
15	4910569	10	12.9013
16	8600279	1	5.96057
16	1382402	2	6.01398
16	7765847	3	6.18922
16	6900353	4	6.53007
16	690906	5	6.89182
16	7757226	6	6.92277
16	7059170	7	6.95518
16	3541331	8	7.90884
16	2482786	9	7.96244
16	2198032	10	10.7354
17	1506126	1	7.62334
17	7968901	2	7.72195
17	3960610	3	8.06879
17	2946097	4	8.51697
17	1959347	5	8.58819
17	1344611	6	8.66518
17	143926	7	10.2652
17	3889430	8	10.5922
17	7631434	9	11.3249
17	128485	10	13.0831
18	6492602	1	6.6846
18	787791	2	6.87789
18	948577	3	7.15242
18	426972	4	7.16439
18	3957984	5	7.944
18	5670685	6	8.77378
18	2624305	7	9.22024
18	7271187	8	10.3923
18	5553172	9	12.1338
18	1988005	10	14.2021
19	883691	1	8.65957
19	7018502	2	8.81309
19	6882951	3	8.84418
19	3744658	4	9.62535
19	1707919	5	10.1537
19	711172	6	10.2913
19	2064487	7	10.5084
19	4596066	8	11.0019
19	765277	9	12.3993
19	8523778	10	12.7249
20	7018502	1	7.9875
20	765277	2	8.05234
20	3744658	3	8.42272
20	1707919	4	8.47139
20	7730342	5	8.57279
20	8523778	6	8.84013
20	4596066	7	8.89757
20	4184814	8	10.8255
20	6287871	9	12.1553
20	2299526	10	12.6155
21	4636914	1	5.9442
21	1502519	2	5.95194
21	5441736	3	6.29531
21	8440080	4	8.34857
21	755087	5	8.42842
21	297909	6	9.93294
21	1429515	7	10.74
21	7928279	8	11.8084
21	7008027	9	12.4779
21	3462138	10	14.0142
22	4833255	1	5.49934
22	1996182	2	5.57722
22	5151987	3	5.69071
22	3620905	4	6.56964
22	8433553	5	6.82619
22	6126082	6	6.90799
22	44453	7	7.37475
22	44445	8	7.37605
22	4907705	9	8.26795
22	4986904	10	9.165
23	2175628	1	11.3674
23	7318406	2	11.7321
23	5846837	3	11.9481
23	6157085	4	12.6279
23	2601173	5	12.7212
23	8233659	6	13.2863
23	148373	7	14.0106
23	6604530	8	14.4427
23	4065604	9	18.3457
23	5942740	10	20.9961
24	3217300	1	11.1865
24	3977975	2	11.6651
24	3858543	3	13.6535
24	4642029	4	14.7659
24	6910359	5	15.5421
24	6373187	6	15.5875
24	875483	7	16.9646
24	7743090	8	17.9404
24	5127815	9	18.5046
24	7743089	10	20.9291
25	3892291	1	8.45948
25	6170485	2	8.48967
25	6127301	3	8.92584
25	5473664	4	9.08905
25	2470374	5	9.28327
25	461544	6	9.3185
25	4370440	7	10.9209
25	2846021	8	10.965
25	62702	9	11.9839
25	3421417	10	13.0985
26	12081	1	6.42569
26	6023588	2	6.54649
26	8077	3	6.6507
26	6615189	4	6.99832
26	6026004	5	7.94925
26	5613998	6	8.12777
26	5445077	7	8.16973
26	4328559	8	8.57689
26	1136690	9	8.60309
26	7768224	10	9.65017
27	8294681	1	5.8477
27	3836269	2	5.98533
27	1775119	3	6.0693
27	3794824	4	6.34673
27	7261805	5	6.62087
27	3865380	6	7.35115
27	4920800	7	7.52968
27	3403776	8	7.61615
27	8351926	9	9.29727
27	2673777	10	9.65053
28	1633893	1	9.81587
28	6758155	2	9.91093
28	1273723	3	10.9913
28	1740857	4	11.1515
28	1726452	5	12.1991
28	6875159	6	12.7649
28	5545191	7	13.6815
28	5650175	8	13.9936
28	6242638	9	15.1735
28	1841069	10	16.2787
29	4700222	1	10.11
29	256425	2	10.1444
29	338149	3	10.2913
29	162513	4	10.7081
29	201674	5	10.833
29	7851338	6	10.8751
29	3854858	7	11.258
29	1704910	8	11.5701
29	3466489	9	13.6018
29	1864569	10	16.6001
30	5892427	1	10.7616
30	5039357	2	10.9105
30	2543300	3	11.0101
30	5531995	4	11.0989
30	7223518	5	11.4276
30	5049472	6	11.4855
30	3018687	7	11.5956
30	4557480	8	13.1521
30	486307	9	14.0208
30	609531	10	14.7718
31	7987901	1	8.90191
31	1965458	2	8.95709
31	4412865	3	8.95864
31	3973120	4	9.20148
31	5336734	5	9.26792
31	5757122	6	9.27435
31	7681042	7	10.4506
31	4611818	8	10.5568
31	2013913	9	10.7609
31	5938789	10	13.5876
32	7615371	1	6.56048
32	5461185	2	6.62199
32	2163589	3	7.06646
32	3514169	4	7.72877
32	2775246	5	10.8077
32	6891353	6	11.7184
32	8250729	7	11.9792
32	8391521	8	15.4864
32	5394496	9	16.927
32	8391520	10	17.5452
33	3075161	1	6.81453
33	5379518	2	7.14244
33	2550214	3	7.43104
33	1167555	4	7.77992
33	2344697	5	7.98633
33	603649	6	10.4693
33	1339361	7	10.8171
33	1650119	8	11.9045
33	1339362	9	12.688
33	2182299	10	18.0355
34	3917276	1	8.2672
34	5705044	2	8.85226
34	350571	3	8.86607
34	1010994	4	9.68634
34	5235015	5	9.91616
34	5457388	6	10.1409
34	3904127	7	11.9176
34	2034649	8	12.4293
34	159924	9	15.6611
34	3740785	10	16.0776
35	4259461	1	11.5899
35	1912320	2	11.804
35	8029237	3	12.0071
35	5801685	4	12.267
35	3402734	5	12.7628
35	5151134	6	13.7001
35	6235138	7	13.9132
35	252639	8	13.9577
35	4312640	9	14.4341
35	3859435	10	15.1351
36	4794335	1	9.25236
36	5986789	2	9.38676
36	3733712	3	9.41388
36	4161441	4	9.5172
36	7087916	5	10.2358
36	2281399	6	10.6022
36	4252124	7	10.9074
36	3699617	8	11.5963
36	4118367	9	12.7756
36	4118361	10	14.6378
37	603308	1	10.1609
37	2762768	2	10.1827
37	1799793	3	10.4332
37	3282008	4	10.6989
37	1477691	5	10.7009
37	1077246	6	11.425
37	6563208	7	11.4562
37	4195021	8	11.7577
37	1617251	9	12.8603
37	1391714	10	13.2985
38	1958922	1	8.25299
38	7803659	2	8.49353
38	4991624	3	8.97559
38	6671747	4	10.3303
38	3979680	5	10.9952
38	2796875	6	11.8235
38	5793615	7	12.369
38	3103935	8	13.4926
38	5407854	9	14.5125
38	6671746	10	16.7406
39	6723287	1	11.0392
39	4537672	2	11.1138
39	5297359	3	11.4342
39	4185486	4	11.5881
39	7364296	5	11.6037
39	5841019	6	12.6324
39	1225052	7	13.1481
39	3028160	8	14.4584
39	369871	9	14.5735
39	5767809	10	14.5856
40	3369723	1	6.00015
40	4692877	2	6.00044
40	7918732	3	6.11281
40	3718667	4	6.45431
40	6564127	5	6.52835
40	528573	6	7.20048
40	678861	7	7.39146
40	2098189	8	7.76445
40	245084	9	8.75473
40	2980266	10	14.0212
41	2794601	1	5.93588
41	3558985	2	6.0546
41	5352047	3	6.68244
41	6988971	4	7.61124
41	3720605	5	7.88843
41	5817138	6	10.2284
41	3058469	7	12.6543
41	8011088	8	12.9189
41	4773430	9	13.7089
41	3195446	10	14.9909
42	3027365	1	4.4152
42	3263949	2	4.42391
42	7642322	3	4.60045
42	16004	4	4.6017
42	8039075	5	4.86719
42	3691219	6	5.04377
42	2264182	7	5.047
42	508729	8	5.75608
42	6581414	9	6.87711
42	7809791	10	9.48277
43	5631942	1	6.14465
43	7748188	2	6.14619
43	2441615	3	6.19002
43	1292071	4	6.87506
43	5393345	5	7.51444
43	2271046	6	7.58105
43	1789840	7	7.60428
43	6074981	8	8.56461
43	5073264	9	9.99733
43	2851175	10	17.1155
44	2351991	1	6.48277
44	6040714	2	6.62972
44	5892002	3	6.96368
44	6591739	4	7.14128
44	4656340	5	9.19389
44	2885692	6	9.24633
44	2169996	7	9.49666
44	5653245	8	9.6414
44	8152704	9	10.8267
44	8300532	10	10.9679
45	2201601	1	3.93347
45	8546840	2	3.93915
45	3605708	3	4.04554
45	5044370	4	4.98366
45	919022	5	5.37327
45	7450000	6	6.19778
45	4154058	7	6.31462
45	2069270	8	6.55041
45	8057083	9	6.90872
45	5040295	10	9.53075
46	8077	1	7.20025
46	4731157	2	7.36402
46	6615189	3	7.58531
46	6023588	4	8.36887
46	5445077	5	8.3806
46	5613998	6	8.5594
46	6026004	7	8.6063
46	1136690	8	8.69762
46	4328559	9	8.73921
46	7768224	10	9.67262
47	3393365	1	5.84691
47	8130019	2	5.86011
47	599599	3	6.19275
47	5244737	4	6.37521
47	98168	5	6.5685
47	8632309	6	7.45935
47	5270674	7	7.67738
47	4720699	8	7.68846
47	5527119	9	10.1094
47	7172581	10	10.9462
48	610479	1	5.87885
48	5910850	2	7.06696
48	2520221	3	7.27207
48	1478374	4	9.19265
48	44557	5	9.19919
48	2520219	6	11.416
48	3148001	7	11.965
48	1377838	8	12.2528
48	7538850	9	13.276
48	7227550	10	13.5134
49	5523145	1	8.63466
49	7039031	2	8.71509
49	4097148	3	8.71836
49	904757	4	9.29694
49	1063321	5	9.56964
49	1692199	6	9.89628
49	4854144	7	11.1916
49	5018152	8	11.4014
49	1724253	9	14.1196
49	1412905	10	17.7128
50	759824	1	8.73253
50	3803712	2	8.81651
50	3894687	3	9.43693
50	1481858	4	9.83377
50	6323480	5	12.2116
50	5735318	6	12.7698
50	3739224	7	13.1144
50	4636186	8	13.1655
50	7617276	9	14.8722
50	6834128	10	22.7208
51	957992	1	9.0605
51	7505837	2	9.44863
51	8083542	3	10.8849
51	7161806	4	11.9015
51	8514867	5	12.7465
51	1379230	6	12.9346
51	2633255	7	14.1316
51	3348571	8	14.5284
51	3222223	9	15.1481
51	4451953	10	15.7375
52	7945818	1	8.17792
52	7227870	2	8.25415
52	82634	3	8.54534
52	1027039	4	8.89339
52	4448341	5	9.10979
52	2727149	6	9.11085
52	4398403	7	9.4786
52	6522789	8	9.68144
52	6371165	9	10.0933
52	6480204	10	10.5191
53	4731157	1	7.48984
53	8077	2	8.20658
53	6023588	3	9.34095
53	6615189	4	9.45169
53	6026004	5	9.6571
53	4328559	6	9.99791
53	5445077	7	10.0413
53	1136690	8	10.0739
53	5613998	9	10.9381
53	7768224	10	11.9824
54	610731	1	6.31481
54	8147684	2	6.41621
54	3908732	3	7.92933
54	6262049	4	8.87071
54	5234294	5	9.31031
54	3247914	6	9.31756
54	4183504	7	9.63144
54	5474171	8	16.931
54	2184163	9	21.0675
54	2592807	10	21.0862
55	2473224	1	9.57273
55	6753302	2	9.70358
55	7071312	3	10.4191
55	7704651	4	10.5504
55	5130063	5	10.8379
55	2135760	6	10.9403
55	1898385	7	10.9601
55	6448488	8	11.0117
55	7433128	9	11.6083
55	8125677	10	12.1935
56	5238536	1	10.104
56	367867	2	11.7424
56	4382552	3	13.6008
56	8042814	4	14.0761
56	8042819	5	14.0983
56	4431310	6	14.1492
56	7744752	7	14.3013
56	382441	8	15.7952
56	5334045	9	20.2121
56	3132728	10	23.6803
57	5314582	1	6.92052
57	6023588	2	7.32392
57	8077	3	7.68622
57	6615189	4	7.78317
57	5445077	5	8.44966
57	5613998	6	8.73104
57	4328559	7	8.9605
57	7768224	8	9.54768
57	1136690	9	10.9754
57	6026004	10	12.692
58	6037504	1	9.36757
58	282279	2	10.6101
58	5198621	3	10.6878
58	7960291	4	11.0825
58	5929017	5	11.1906
58	6422563	6	11.6957
58	2772930	7	12.8638
58	5281134	8	13.8577
58	5281137	9	14.5813
58	3205775	10	16.3595
59	2218867	1	6.48084
59	3044278	2	6.85148
59	3003867	3	7.32246
59	1880757	4	7.58137
59	3418258	5	7.66398
59	339939	6	7.86028
59	6018450	7	8.67652
59	936354	8	9.20268
59	5787972	9	9.40275
59	135041	10	9.65822
60	1101362	1	8.76966
60	5612254	2	8.87155
60	830565	3	9.1321
60	7849356	4	9.22894
60	5888687	5	9.65358
60	3835771	6	9.85558
60	450211	7	10.5945
60	8001339	8	11.0617
60	137331	9	12.2334
60	894953	10	12.6889
61	98952	1	5.65094
61	1995052	2	5.87094
61	2830946	3	7.63484
61	3054115	4	8.20828
61	6199476	5	8.59161
61	2164542	6	8.86216
61	5334774	7	10.7138
61	5334775	8	10.7148
61	4531729	9	10.9944
61	63199	10	22.5929
62	7664073	1	7.32392
62	6873721	2	7.34184
62	3017039	3	7.82921
62	730922	4	8.24566
62	8508524	5	8.54411
62	2549852	6	8.79704
62	460610	7	9.26699
62	2135994	8	9.61747
62	4434064	9	10.6076
62	8027648	10	24.1902
63	7264483	1	5.73298
63	2130346	2	5.73454
63	4042332	3	5.95355
63	5731369	4	6.25897
63	3505205	5	6.68602
63	2264657	6	6.74404
63	8040241	7	6.87706
63	6942549	8	8.56196
63	8635063	9	9.0649
63	2662294	10	11.4054
64	4731157	1	6.81105
64	8077	2	7.25125
64	6023588	3	7.3767
64	6615189	4	7.45313
64	6026004	5	8.18053
64	4328559	6	8.66661
64	5613998	7	8.76705
64	1136690	8	8.82125
64	5445077	9	8.86362
64	7768224	10	10.7066
65	3047251	1	7.39628
65	8298623	2	7.51909
65	5656757	3	7.90133
65	4984992	4	7.96751
65	1769922	5	8.56201
65	7943072	6	8.60552
65	5269936	7	9.33454
65	3627888	8	10.1132
65	2226136	9	13.217
65	7802994	10	13.2425
66	413736	1	8.36928
66	7768717	2	9.43047
66	6799651	3	9.51448
66	4337808	4	9.6021
66	4670227	5	10.8314
66	2329993	6	12.2869
66	8434039	7	12.8627
66	3302666	8	14.7253
66	7768722	9	15.735
66	3953613	10	16.2806
67	989706	1	8.35547
67	790057	2	8.39538
67	5924197	3	8.56808
67	746799	4	8.62562
67	1508705	5	9.67999
67	541085	6	10.0379
67	5306740	7	10.2295
67	4854297	8	10.3658
67	6228358	9	10.6782
67	5237343	10	10.9488
68	543207	1	6.57379
68	7929716	2	6.84848
68	6737558	3	7.00862
68	4521923	4	7.95773
68	3354500	5	8.01766
68	6234170	6	8.11926
68	6877931	7	8.14141
68	6930858	8	8.17134
68	4561541	9	9.33464
68	5639659	10	13.1287
69	2654186	1	7.9739
69	7443723	2	8.2423
69	2993036	3	8.81776
69	3773518	4	8.97393
69	1603331	5	9.04647
69	3497584	6	9.34125
69	3533944	7	9.52272
69	122416	8	9.63658
69	796039	9	12.1491
69	1649615	10	13.4836
70	4663617	1	6.5177
70	3394488	2	6.6806
70	4689588	3	6.80835
70	6991075	4	7.65006
70	915785	5	9.2015
70	915787	6	9.29957
70	6998243	7	9.88015
70	1964595	8	11.2897
70	4638774	9	11.8061
70	6188471	10	14.1446
71	5906715	1	5.96466
71	1230953	2	7.30808
71	158851	3	8.16072
71	5781375	4	8.40312
71	158849	5	8.75373
71	3043753	6	12.8882
71	6206349	7	13.0853
71	6944320	8	14.2327
71	7831244	9	15.889
71	782554	10	22.32
72	3371817	1	6.86935
72	1870206	2	7.23219
72	432567	3	7.36475
72	1044336	4	7.39741
72	2060970	5	7.41356
72	7327752	6	7.63374
72	265680	7	7.99354
72	3886646	8	8.28081
72	7183718	9	19.7241
72	7183716	10	23.2397
73	4895563	1	6.85354
73	498515	2	6.87043
73	7728446	3	7.06344
73	5383998	4	7.18281
73	1051423	5	8.2484
73	7015521	6	9.78604
73	7483708	7	10.3065
73	5881566	8	11.6502
73	7183697	9	17.3424
73	7183696	10	18.0727
74	5536326	1	7.98924
74	5303502	2	8.30227
74	1029963	3	8.46668
74	5536322	4	8.54107
74	1835257	5	8.97198
74	1386988	6	9.28685
74	2519451	7	10.1547
74	6542969	8	12.2889
74	3484928	9	12.3347
74	4468966	10	12.5539
75	7266052	1	9.58795
75	7616510	2	9.68611
75	5420823	3	10.8137
75	4562589	4	11.0391
75	364051	5	11.7677
75	3696641	6	12.1857
75	2230329	7	13.4682
75	5730192	8	13.75
75	5789082	9	13.8885
75	4342693	10	16.1638
76	4017707	1	9.71153
76	8227391	2	9.83754
76	3390543	3	9.83981
76	2516575	4	9.9317
76	6207087	5	10.1997
76	2060486	6	10.3249
76	6872097	7	10.4035
76	6872095	8	10.5319
76	8013152	9	10.7806
76	5009857	10	13.8262
77	4000881	1	10.077
77	5837432	2	10.1609
77	5059415	3	10.3052
77	1074391	4	10.3486
77	8608030	5	10.6686
77	4246914	6	19.3563
77	3527173	7	20.1009
77	6859349	8	22.0373
77	2407520	9	22.0373
77	3956593	10	22.1286
78	3605457	1	4.1972
78	784153	2	4.28211
78	4392534	3	4.4416
78	1914865	4	4.47766
78	1914860	5	4.48002
78	2961936	6	4.6689
78	2961928	7	4.70975
78	3172626	8	4.91224
78	2802900	9	5.24042
78	3853447	10	6.91659
79	2485558	1	7.69955
79	5759392	2	7.77906
79	6846347	3	7.81669
79	134252	4	7.91703
79	2239019	5	8.06391
79	8295589	6	8.22974
79	8390134	7	8.88669
79	5408615	8	9.63002
79	2546589	9	11.7419
79	2546585	10	11.9003
80	1694298	1	8.32933
80	3863303	2	8.52499
80	2388610	3	8.81305
80	346748	4	8.84941
80	3433186	5	8.87645
80	1408400	6	9.83184
80	7095633	7	10.5513
80	5107307	8	12.7161
80	1974451	9	16.8797
80	1974446	10	17.0501
81	578722	1	6.59838
81	4946371	2	6.75756
81	2378300	3	7.46612
81	2246053	4	8.05381
81	3752032	5	8.9809
81	7557343	6	9.41274
81	3831362	7	9.48418
81	6223973	8	9.51426
81	1340137	9	9.56759
81	191730	10	10.3998
82	1940022	1	9.15757
82	1284135	2	9.26709
82	2444139	3	9.4772
82	673502	4	9.5192
82	2444147	5	9.87954
82	374654	6	10.4784
82	8499284	7	10.6469
82	8000238	8	10.7465
82	6528867	9	12.0546
82	2938878	10	15.999
83	5437564	1	8.87611
83	8224369	2	9.17032
83	959132	3	9.3116
83	3322616	4	9.54553
83	3578568	5	9.58595
83	711894	6	10.0808
83	725605	7	10.1425
83	5970481	8	13.1853
83	5102006	9	14.0474
83	3870861	10	17.0042
84	735494	1	7.80039
84	999684	2	8.04659
84	6676315	3	8.26013
84	590569	4	8.2987
84	1945746	5	8.69354
84	1027124	6	8.75677
84	7298764	7	9.40833
84	5012458	8	9.63634
84	1758911	9	20.0656
84	7183229	10	21.6193
85	2989108	1	8.44374
85	369758	2	8.45568
85	2227223	3	8.64541
85	1158238	4	9.05117
85	7556045	5	9.5774
85	1289314	6	10.1552
85	6484265	7	10.2538
85	1158235	8	10.2889
85	708472	9	12.1589
85	6160125	10	14.2645
86	6010900	1	7.37538
86	1447045	2	7.45474
86	5410625	3	7.47127
86	798125	4	7.58249
86	3755482	5	7.73053
86	5410629	6	8.04886
86	4147642	7	8.56469
86	2813814	8	8.6141
86	4565729	9	10.021
86	3675914	10	11.6235
87	3537280	1	4.85494
87	2762476	2	4.88558
87	266483	3	4.96008
87	3922448	4	5.64057
87	759722	5	5.75862
87	6733318	6	6.86877
87	6733320	7	6.89283
87	3477643	8	7.92172
87	3204041	9	8.97049
87	2391080	10	23.8804
88	2315465	1	8.41437
88	6015472	2	8.44618
88	5272630	3	9.15285
88	8296544	4	9.46658
88	8220610	5	9.51299
88	6512366	6	10.0266
88	6054701	7	11.1506
88	761871	8	20.2571
88	737998	9	21.8721
88	1782421	10	23.8043
89	4044048	1	8.25547
89	6937122	2	10.5281
89	7755124	3	10.6885
89	5298574	4	10.8542
89	1949647	5	11.0014
89	2410055	6	11.194
89	2195693	7	11.2163
89	6305378	8	13.059
89	3143718	9	13.9475
89	2662310	10	15.4482
90	7472483	1	7.4646
90	1451821	2	8.34697
90	4250235	3	8.6858
90	2872022	4	9.00506
90	7461936	5	9.59577
90	6932111	6	10.3519
90	2939846	7	10.4052
90	5511125	8	10.9033
90	4620314	9	11.6299
90	3638232	10	20.0781
91	7299409	1	4.40256
91	4627082	2	4.4096
91	691001	3	4.5181
91	4201581	4	4.58285
91	2579340	5	4.73255
91	3890927	6	4.74802
91	5095380	7	4.89399
91	2317623	8	5.47503
91	548612	9	6.04758
91	7616468	10	6.32298
92	3044766	1	8.72283
92	5036647	2	9.41258
92	2050835	3	9.71349
92	7067657	4	10.7389
92	5362439	5	10.8665
92	4370922	6	11.5029
92	6122147	7	11.9978
92	2374603	8	13.5751
92	2845032	9	15.8309
92	4238396	10	21.422
93	4111391	1	8.3362
93	5061366	2	8.44294
93	7669703	3	8.59409
93	800729	4	8.67484
93	6866874	5	8.72862
93	159035	6	9.25805
93	4685647	7	9.72541
93	8018767	8	9.94396
93	1649726	9	13.1174
93	1970747	10	13.1687
94	3127742	1	9.38148
94	2554942	2	9.40241
94	6296060	3	10.3851
94	2536410	4	11.6619
94	437232	5	11.6804
94	7909869	6	13.1035
94	1454510	7	13.1082
94	2332818	8	14.8614
94	7416365	9	15.0186
94	3881436	10	20.5585
95	2584148	1	8.9045
95	647143	2	8.99337
95	8220787	3	9.32842
95	2468371	4	10.841
95	6899788	5	11.0423
95	6667503	6	11.5477
95	6667500	7	11.8373
95	3090709	8	12.4318
95	7956314	9	12.8431
95	2807574	10	14.1663
96	3162761	1	7.39365
96	7909523	2	7.70301
96	8197607	3	7.90502
96	2097824	4	8.19751
96	3402529	5	8.20384
96	8223521	6	9.41592
96	5491017	7	10.1125
96	8547828	8	11.1643
96	3599990	9	11.1874
96	7899041	10	11.2958
97	1779010	1	6.90299
97	1968210	2	7.39882
97	8044844	3	7.51679
97	1124814	4	7.85827
97	5220483	5	7.89633
97	6087025	6	8.14051
97	82800	7	8.43909
97	353483	8	8.7784
97	3505308	9	10.5531
97	2817768	10	12.282
98	5879065	1	7.25344
98	6701727	2	7.30798
98	4008338	3	7.34364
98	8370581	4	7.34694
98	7779739	5	7.43178
98	4050135	6	7.46387
98	5315329	7	9.39306
98	5210072	8	10.2429
98	6607920	9	13.0149
98	6607924	10	13.1888
99	4019797	1	7.16685
99	4420935	2	7.1703
99	4490201	3	7.39681
99	2350736	4	7.43069
99	4499007	5	7.43844
99	2951768	6	7.51155
99	3922831	7	8.72642
99	1218474	8	8.84988
99	3167411	9	15.2772
99	7744645	10	21.2032
100	5674848	1	11.2598
100	2251612	2	11.542
100	1033145	3	11.6542
100	2213442	4	11.729
100	5427477	5	11.9292
100	7837115	6	13.0635
100	4006075	7	13.0747
100	3459760	8	13.3367
100	8454042	9	16.1059
100	7920084	10	21.3653
101	2337733	1	8.58133
101	5894838	2	9.2001
101	5110387	3	10.0102
101	3657282	4	10.2428
101	7233411	5	10.531
101	2922631	6	11.7785
101	2196812	7	12.3645
101	5669810	8	15.1368
101	7088752	9	17.8342
101	761579	10	17.97
102	2740664	1	9.34217
102	41103	2	11.1889
102	4686882	3	11.2409
102	54202	4	11.4028
102	6960949	5	11.6883
102	6843413	6	11.7479
102	1238195	7	15.3835
102	181271	8	22.8229
102	3236962	9	23.4346
102	7182096	10	23.8721
103	8445390	1	7.61862
103	3020376	2	7.65809
103	6995420	3	8.19011
103	5414500	4	9.02265
103	349570	5	9.18328
103	1044619	6	10.2196
103	6595664	7	12.1744
103	7371547	8	12.397
103	3012784	9	14.0879
103	7562446	10	14.2243
104	7360153	1	10.0562
104	6224909	2	10.149
104	366980	3	10.2468
104	4594713	4	10.2812
104	7222891	5	10.2957
104	5971184	6	10.7534
104	6782271	7	10.8066
104	5018532	8	12.2822
104	5018537	9	12.7549
104	4923933	10	13.8524
105	4381304	1	12.2744
105	1452232	2	12.4662
105	7390651	3	12.5357
105	7924993	4	12.6135
105	4884217	5	12.731
105	754477	6	12.9121
105	3056988	7	13.1025
105	2614806	8	13.3363
105	412543	9	17.1169
105	8517524	10	20.0315
106	3466078	1	7.90444
106	5248574	2	8.12519
106	7537319	3	8.19117
106	4591916	4	8.20948
106	5538069	5	8.27494
106	8595403	6	9.4832
106	3818102	7	9.94914
106	527983	8	9.98759
106	8452159	9	10.3194
106	1568305	10	10.9686
107	5314582	1	6.42509
107	8077	2	6.99199
107	6615189	3	7.21137
107	6026004	4	7.82736
107	5445077	5	7.89531
107	1136690	6	8.01388
107	5613998	7	8.16099
107	6023588	8	8.32237
107	4328559	9	8.33072
107	7768224	10	9.08954
108	3347709	1	8.19612
108	6465812	2	8.42055
108	5448506	3	8.60295
108	5598640	4	9.64255
108	4043247	5	10.1416
108	850251	6	10.2814
108	850249	7	10.6424
108	6698161	8	12.1062
108	3008657	9	12.8991
108	1534520	10	15.9375
109	7833875	1	9.5087
109	4564173	2	9.52506
109	795368	3	9.55052
109	7083183	4	9.9127
109	2559815	5	10.1148
109	8246187	6	10.2102
109	5011298	7	10.4332
109	3975900	8	12.973
109	3709701	9	13.1104
109	1233047	10	14.8611
110	7768401	1	10.4747
110	543631	2	10.5192
110	826018	3	10.5197
110	6029731	4	11.1228
110	8039337	5	11.2895
110	1053084	6	11.518
110	7130423	7	12.9379
110	1896063	8	13.0117
110	4364562	9	13.0765
110	3358058	10	14.2456
111	5377572	1	5.87069
111	8463060	2	6.08781
111	5712189	3	6.1258
111	4127794	4	6.1258
111	2669660	5	6.60307
111	3169245	6	7.41963
111	3825955	7	9.00958
111	5254246	8	9.16188
111	4121674	9	10.7678
111	6351872	10	12.2334
112	8551372	1	8.78692
112	346923	2	8.85121
112	5268579	3	9.01317
112	3113994	4	9.97603
112	8560260	5	10.3308
112	8560256	6	10.38
112	5190066	7	11.5875
112	4943284	8	13.6128
112	233879	9	17.6315
112	7642186	10	19.8171
113	3665788	1	4.62239
113	4854036	2	5.68281
113	6365948	3	5.82788
113	4864440	4	6.10351
113	1261564	5	7.1498
113	4365801	6	7.93394
113	8366649	7	8.5225
113	7725949	8	8.57084
113	7889258	9	19.371
113	7889263	10	19.5071
114	4753115	1	6.22306
114	3751744	2	6.28809
114	6224147	3	6.33427
114	2372793	4	6.3686
114	5882384	5	6.38429
114	491646	6	6.83473
114	115809	7	7.77092
114	619941	8	8.35271
114	5252991	9	9.50031
114	4006970	10	9.90992
115	3695086	1	8.2466
115	4833925	2	8.56907
115	2073316	3	8.66032
115	1618489	4	8.68558
115	6576103	5	8.6944
115	6720436	6	9.75126
115	2667347	7	10.1116
115	3085934	8	12.1271
115	3185487	9	12.7968
115	7416726	10	18.6545
116	2752949	1	6.50511
116	7930072	2	6.63046
116	2921050	3	6.72932
116	7400386	4	7.177
116	4524901	5	7.45759
116	4403412	6	7.79531
116	7534455	7	8.04951
116	5513493	8	10.5432
116	5933476	9	15.8642
116	3912471	10	25.6939
117	7792838	1	8.44526
117	6936914	2	8.50751
117	6611588	3	8.86985
117	5907656	4	8.97753
117	795409	5	9.03206
117	4901806	6	9.43687
117	405202	7	9.91579
117	4808340	8	10.7869
117	4677	9	11.9374
117	662319	10	12.025
118	7311830	1	8.40613
118	8245524	2	8.49027
118	7603394	3	8.59223
118	1168745	4	8.64517
118	3233792	5	8.76273
118	6210030	6	9.26546
118	675984	7	9.34617
118	4134127	8	11.5448
118	6480002	9	12.4481
118	4278617	10	12.6621
119	6716596	1	6.92577
119	4351952	2	7.34586
119	4897981	3	7.40896
119	6344234	4	7.58521
119	893360	5	7.62474
119	510695	6	8.12235
119	4729366	7	8.40756
119	2916056	8	9.65476
119	5831943	9	12.4135
119	8067466	10	12.427
120	6396399	1	9.54308
120	3067612	2	9.55474
120	1642013	3	10.0307
120	2274945	4	10.249
120	848167	5	13.657
120	4070368	6	13.7637
120	6201981	7	14.3383
120	1119609	8	15.7756
120	4657400	9	17.0993
120	5208810	10	18.5636
121	8258841	1	5.33926
121	7740061	2	6.63147
121	6552265	3	6.88552
121	7559089	4	7.05071
121	4099380	5	7.94053
121	1360712	6	13.2179
121	2394529	7	13.5312
121	6140014	8	14.3224
121	1886310	9	17.9279
121	1886311	10	19.7976
122	3198606	1	13.1484
122	7013995	2	13.2443
122	8198906	3	13.2754
122	4491588	4	13.4325
122	1070440	5	14.1023
122	776980	6	15.16
122	8383030	7	15.2315
122	4491586	8	17.0982
122	2830021	9	17.4982
122	1175366	10	19.2772
123	7220525	1	4.95587
123	6637678	2	5.41067
123	3737546	3	5.46703
123	7255822	4	7.62147
123	7255821	5	7.64991
123	618414	6	10.2845
123	1520520	7	10.3206
123	2769910	8	11.2536
123	7881153	9	11.3627
123	6163528	10	11.5914
124	3898496	1	5.01242
124	8116777	2	5.06442
124	1580572	3	5.22863
124	7593308	4	5.63006
124	1537347	5	5.71146
124	1239605	6	6.50878
124	5219880	7	7.33466
124	8505211	8	7.38445
124	6506369	9	8.05784
124	7864772	10	27.4752
125	4890889	1	8.4478
125	4332969	2	8.50748
125	457160	3	8.55237
125	1459586	4	9.44
125	6339666	5	9.67337
125	2632540	6	12.0159
125	2924112	7	12.5069
125	7785728	8	12.754
125	8222529	9	18.6358
125	6868675	10	22.5224
126	6396481	1	9.09119
126	7433344	2	9.20496
126	914266	3	9.24212
126	6213275	4	9.27951
126	4488388	5	9.48209
126	8581577	6	9.5039
126	7973333	7	9.52058
126	1628993	8	10.1444
126	2964036	9	14.2606
126	1916838	10	15.8449
127	1808415	1	7.97921
127	579719	2	8.27284
127	7663987	3	8.28611
127	8051058	4	8.35844
127	5909496	5	8.7773
127	278767	6	9.05143
127	17711	7	9.89038
127	6387469	8	9.92354
127	451660	9	11.687
127	4160995	10	11.8737
128	1255049	1	9.5336
128	2043240	2	9.59842
128	2972536	3	9.63333
128	8553079	4	9.76644
128	950389	5	9.76758
128	2038219	6	9.83474
128	5433633	7	10.7961
128	8124974	8	12.1923
128	4019998	9	12.6742
128	1086124	10	13.8497
129	65573	1	9.34524
129	6978794	2	9.49887
129	5946164	3	9.56925
129	7813443	4	10.0012
129	6707827	5	11.5132
129	3898005	6	12.1124
129	5969261	7	13.6129
129	4169922	8	16.3609
129	1421715	9	23.9957
129	4369199	10	24.0743
130	8333659	1	6.47866
130	5992437	2	6.90018
130	1420483	3	7.02233
130	5435697	4	7.63994
130	8058443	5	8.42608
130	6174182	6	8.4603
130	4844977	7	8.56448
130	7788217	8	8.76904
130	6979964	9	10.1953
130	8485172	10	14.475
131	4046261	1	6.83891
131	6713416	2	7.0583
131	3094277	3	7.28045
131	8319525	4	7.32074
131	322387	5	7.35663
131	4786656	6	7.48828
131	1989473	7	7.58566
131	4746063	8	8.65454
131	7247346	9	8.96648
131	6053658	10	9.76257
132	1432986	1	9.23031
132	4667428	2	9.96674
132	753588	3	11.1059
132	8054144	4	11.2699
132	7338180	5	11.2748
132	5112570	6	13.1743
132	998740	7	13.9703
132	6494220	8	17.3451
132	3418987	9	17.9184
132	8003314	10	18.0826
133	399367	1	12.0319
133	3475308	2	12.1874
133	218837	3	12.244
133	8303347	4	12.4487
133	8114892	5	12.8446
133	6195358	6	12.8721
133	4650640	7	13.3175
133	8115251	8	13.4745
133	6503376	9	14.0846
133	3872437	10	21.2709
134	6468822	1	6.53457
134	4587425	2	6.67079
134	2062224	3	6.68588
134	7689840	4	6.71746
134	1590257	5	7.61114
134	2287209	6	7.72412
134	4535423	7	7.94588
134	6104315	8	8.13087
134	6261763	9	11.403
134	1745206	10	15.4462
135	2436387	1	9.74472
135	3233889	2	9.9648
135	2883036	3	10.1261
135	6497735	4	10.1363
135	42916	5	11.225
135	6042271	6	12.2908
135	7748369	7	12.5384
135	638254	8	13.4041
135	2684832	9	13.7553
135	6061096	10	14.0983
136	5480555	1	7.09057
136	7762545	2	7.21936
136	8497777	3	7.41367
136	8606321	4	7.41367
136	5617408	5	7.45867
136	7215282	6	8.03683
136	574031	7	9.28038
136	6855355	8	10.501
136	2879086	9	10.9404
136	1759298	10	11.4387
137	4731157	1	10.1887
137	8077	2	10.9881
137	6677512	3	11.1324
137	3047615	4	11.242
137	4754521	5	11.3483
137	2617345	6	11.3757
137	504245	7	11.437
137	1760243	8	11.5246
137	2914562	9	12.8292
137	8626618	10	13.1947
138	7910719	1	6.69322
138	2016155	2	6.85588
138	7371547	3	7.12153
138	2829545	4	7.12898
138	3064141	5	7.67993
138	5414504	6	7.71482
138	884506	7	7.79148
138	1044619	8	10.0508
138	5414500	9	10.9048
138	644051	10	17.3135
139	6088168	1	10.2257
139	4272808	2	10.2902
139	3026587	3	10.3456
139	4168116	4	10.5846
139	6750696	5	10.7315
139	5098175	6	10.9143
139	3650349	7	10.9898
139	6265262	8	11.0946
139	2842799	9	12.9649
139	2638715	10	14.3107
140	4731157	1	6.51201
140	8077	2	6.91788
140	5445077	3	7.31758
140	6615189	4	7.63081
140	4328559	5	7.92784
140	1136690	6	8.26877
140	7768224	7	8.3489
140	6026004	8	8.47919
140	6023588	9	9.01569
140	5613998	10	9.63928
141	727492	1	10.3899
141	7553001	2	11.0353
141	4457287	3	11.1748
141	8065657	4	11.4229
141	304535	5	12.0498
141	988390	6	12.5465
141	8570777	7	13.1382
141	6256600	8	13.7968
141	7018881	9	16.2388
141	74618	10	16.4369
142	3237612	1	6.41973
142	3899106	2	6.5382
142	8329948	3	6.60982
142	4289928	4	6.61897
142	8107760	5	6.91281
142	5456658	6	6.9141
142	3540026	7	6.94898
142	3438354	8	8.0236
142	7289647	9	8.05064
142	7581256	10	29.2885
143	135655	1	6.38334
143	7518453	2	6.99735
143	3906987	3	7.11535
143	7494608	4	7.16589
143	7691944	5	8.18982
143	7553603	6	8.25487
143	363886	7	8.332
143	5238193	8	9.33956
143	7436007	9	15.1711
143	2573081	10	15.4822
144	2379524	1	9.53259
144	7174939	2	9.72385
144	7215504	3	9.94788
144	3144100	4	10.225
144	5433020	5	10.3687
144	580841	6	10.4572
144	8067409	7	10.474
144	7165524	8	10.5529
144	4354679	9	10.9146
144	1429502	10	11.0481
145	121286	1	8.5491
145	3479894	2	8.58102
145	8132060	3	8.82038
145	1140528	4	8.87545
145	3389290	5	11.2575
145	4643816	6	11.7892
145	2474547	7	12.7771
145	7432498	8	13.1358
145	508910	9	13.4582
145	4327301	10	13.7954
146	5556463	1	9.38114
146	4303953	2	9.84499
146	8193535	3	10.3657
146	2477233	4	10.7909
146	3119532	5	11.4275
146	4433406	6	11.5316
146	8395265	7	11.9946
146	4593523	8	12.0539
146	5152521	9	12.4291
146	319714	10	12.8686
147	4731157	1	6.38139
147	8077	2	7.24156
147	6615189	3	7.42981
147	5445077	4	7.63396
147	6023588	5	7.93661
147	1136690	6	8.03355
147	6026004	7	8.23326
147	4328559	8	8.72214
147	7768224	9	8.80259
147	5613998	10	9.11285
148	1836449	1	8.87619
148	6810085	2	9.24983
148	7406308	3	9.47625
148	4793209	4	9.84978
148	1124500	5	9.99176
148	261020	6	10.089
148	2877404	7	10.1601
148	261023	8	10.2427
148	1649408	9	10.8068
148	7179316	10	28.2654
149	8407051	1	5.57713
149	1846427	2	5.78992
149	7272107	3	5.79279
149	6914064	4	5.79546
149	8539737	5	6.3414
149	2509363	6	8.15138
149	3718726	7	8.67607
149	6573940	8	9.02325
149	6493553	9	10.8573
149	7683724	10	13.0939
150	4803990	1	7.30253
150	4231539	2	7.95199
150	1444701	3	8.25317
150	3774167	4	8.57504
150	674269	5	8.70786
150	5146172	6	10.2581
150	7572233	7	11.4884
150	1349408	8	13.7053
150	3014996	9	14.0334
150	789952	10	15.7576
151	4635279	1	5.24345
151	5527301	2	5.40217
151	7883170	3	5.54625
151	6559319	4	5.98807
151	8088505	5	6.78678
151	4870525	6	6.79856
151	8529345	7	6.89461
151	7431337	8	7.04161
151	4009147	9	8.58192
151	2779831	10	11.4788
152	4737876	1	5.74379
152	3318711	2	5.98124
152	4532135	3	6.11214
152	584799	4	6.31387
152	1990858	5	6.53141
152	8465869	6	6.77195
152	4602074	7	6.93042
152	5294756	8	7.91149
152	1830808	9	8.74124
152	4412608	10	14.0281
153	4731157	1	6.46436
153	5445077	2	7.87099
153	4328559	3	7.93722
153	1136690	4	8.09414
153	8077	5	8.13402
153	6026004	6	8.14487
153	7768224	7	8.46657
153	6615189	8	10.2039
153	5613998	9	11.6751
153	6023588	10	11.9355
154	1667185	1	2.37377
154	8276300	2	2.56976
154	5833671	3	3.05082
154	5155884	4	3.06115
154	2031489	5	3.38415
154	7995155	6	3.78638
154	4889085	7	4.76628
154	5388418	8	5.5721
154	4468717	9	7.88781
154	516346	10	8.8811
155	8233487	1	8.90461
155	2705610	2	8.91792
155	4133858	3	9.00944
155	8578952	4	9.09101
155	4288025	5	9.55985
155	1127934	6	11.1417
155	146460	7	12.1871
155	7619963	8	13.0884
155	3113638	9	14.6084
155	8339116	10	15.1919
156	618006	1	14.506
156	7131707	2	14.5693
156	5696686	3	14.688
156	942679	4	14.8953
156	5970801	5	14.9706
156	45524	6	15.052
156	7010941	7	15.0995
156	2085279	8	15.4657
156	7688266	9	15.9811
156	5621890	10	17.3921
157	8132332	1	12.9666
157	1808854	2	13.3926
157	2149632	3	13.4433
157	8064448	4	13.4908
157	6094243	5	13.4909
157	3208210	6	13.5561
157	7710100	7	15.3764
157	1546263	8	17.8868
157	482833	9	18.2383
157	1408852	10	20.4135
158	4731157	1	7.40566
158	8077	2	7.77468
158	6026004	3	7.98436
158	5445077	4	8.135
158	6615189	5	8.22851
158	4328559	6	8.39916
158	7768224	7	9.51891
158	6023588	8	9.60151
158	5613998	9	11.1644
158	1136690	10	12.385
159	2689468	1	8.68328
159	2656213	2	8.93993
159	3723956	3	9.28526
159	7280400	4	9.46118
159	5630902	5	9.62341
159	1351731	6	10.2849
159	1932349	7	12.6104
159	6307384	8	14.7233
159	2050823	9	16.5978
159	7949299	10	23.1356
160	8156794	1	8.38056
160	1251239	2	8.4079
160	3912402	3	11.5455
160	4575741	4	15.7322
160	7654890	5	17.4985
160	8185824	6	18.996
160	2072369	7	20.5873
160	4966189	8	21.507
160	979208	9	22.0754
160	270459	10	23.6364
161	2101942	1	9.1207
161	3271829	2	9.18604
161	1755809	3	9.41897
161	7444832	4	9.63986
161	1803725	5	10.0031
161	6840181	6	10.4894
161	2110533	7	10.9764
161	7595001	8	11.5073
161	921144	9	12.2255
161	4320244	10	18.4923
162	4101080	1	8.63719
162	2217566	2	9.09229
162	989248	3	9.10089
162	2936775	4	9.32035
162	7483848	5	9.68645
162	1685183	6	10.0599
162	4886063	7	10.5033
162	2098006	8	10.9712
162	2928718	9	11.0959
162	872933	10	12.375
163	509334	1	9.88311
163	727499	2	10.8965
163	7856026	3	11.4633
163	5609448	4	11.5828
163	1380916	5	11.9063
163	3283803	6	12.5427
163	329362	7	14.3503
163	3834087	8	15.3127
163	6924948	9	20.0244
163	1852180	10	20.6901
164	5962985	1	8.08049
164	5974182	2	8.25
164	5112361	3	8.37829
164	5595467	4	8.5854
164	4176103	5	8.64373
164	1714063	6	8.81402
164	977982	7	9.78921
164	1890909	8	9.96902
164	5269475	9	11.4058
164	2549803	10	13.5564
165	1212394	1	10.3592
165	7649499	2	10.3933
165	1645363	3	10.4169
165	1873067	4	10.4192
165	1906093	5	10.487
165	4890446	6	11.234
165	7539827	7	11.3926
165	4880697	8	11.4364
165	8580240	9	15.624
165	309362	10	16.7012
166	8208646	1	5.76751
166	4337244	2	6.22757
166	8327803	3	6.71988
166	5435102	4	6.7889
166	7867642	5	7.6329
166	3205316	6	8.12884
166	3570579	7	8.24161
166	4203151	8	8.28069
166	8391390	9	9.85854
166	6863664	10	10.414
167	106576	1	7.18126
167	2596120	2	7.21159
167	1504892	3	7.41064
167	5492751	4	7.62034
167	7136314	5	7.85942
167	1021229	6	8.41009
167	7075199	7	8.89802
167	2059414	8	9.65617
167	2381099	9	9.65652
167	7059816	10	20.7417
168	5152111	1	10.005
168	92182	2	10.3732
168	6771109	3	10.6226
168	6781781	4	10.8106
168	5622020	5	11.6727
168	7659491	6	12.3673
168	2267328	7	12.4992
168	3419207	8	12.5187
168	5240196	9	12.6717
168	5912902	10	12.9045
169	7659491	1	11.2598
169	5270240	2	11.2828
169	92182	3	11.34
169	6781781	4	11.5638
169	706980	5	11.816
169	2267328	6	11.8899
169	2207871	7	11.8927
169	5240196	8	12.6061
169	3419207	9	13.9126
169	5912902	10	14.5185
170	4033517	1	11.6974
170	4456981	2	11.7589
170	7308031	3	11.8191
170	2128913	4	12.1397
170	7459803	5	12.3014
170	6535906	6	12.5849
170	5249080	7	12.9529
170	6843915	8	13.0623
170	8118859	9	17.8005
170	1292769	10	21.9098
171	7312899	1	7.26205
171	5286189	2	7.29147
171	4970153	3	7.42552
171	8033621	4	7.55148
171	4475242	5	7.61768
171	7884678	6	7.6353
171	5696460	7	7.93259
171	4399784	8	7.97024
171	8518864	9	8.1721
171	168424	10	10.3138
172	4368908	1	11.0791
172	5354023	2	11.2543
172	8076704	3	11.9934
172	3879536	4	12.1768
172	6396280	5	12.5507
172	302198	6	12.8972
172	7040647	7	13.5588
172	1896570	8	13.819
172	5354015	9	16.7377
172	7040646	10	21.8615
173	1104362	1	8.24496
173	7667484	2	8.89292
173	5120385	3	9.22617
173	4148483	4	9.56289
173	7735167	5	10.6593
173	1167080	6	11.1094
173	8465146	7	11.2482
173	5289812	8	12.1115
173	3843616	9	12.5537
173	6976801	10	14.6676
174	2110091	1	9.16449
174	2009027	2	9.49385
174	2988409	3	9.53079
174	1425754	4	9.64464
174	3893343	5	9.9456
174	4171829	6	10.5627
174	300004	7	10.6549
174	4233464	8	11.1095
174	8139713	9	14.7971
174	8245028	10	15.3727
175	6164311	1	9.95437
175	181278	2	9.9807
175	5885205	3	10.3556
175	6226630	4	10.58
175	1724052	5	10.6682
175	5727054	6	11.1307
175	1287552	7	11.9879
175	4523850	8	13.6578
175	1792955	9	15.4124
175	5091595	10	16.5403
176	764501	1	8.75656
176	4883290	2	9.3095
176	6919329	3	9.33245
176	252532	4	10.1507
176	1740588	5	10.5308
176	1636616	6	10.942
176	698293	7	11.0411
176	5774789	8	11.5433
176	1300077	9	16.61
176	5688982	10	22.1668
177	7057234	1	8.55769
177	5464535	2	8.73719
177	3307745	3	8.80362
177	7599088	4	9.57968
177	3039768	5	11.485
177	424335	6	12.2021
177	3267617	7	12.7895
177	2854902	8	12.9588
177	2854907	9	14.8891
177	1887831	10	15.4094
178	526094	1	9.54714
178	3468109	2	9.92573
178	8500646	3	10.4001
178	7968900	4	11.0775
178	6721390	5	11.7814
178	2004676	6	13.2548
178	1730583	7	13.9163
178	7955908	8	16.5858
178	3265289	9	17.7431
178	4426317	10	18.2733
179	1816291	1	6.27289
179	2184774	2	6.36462
179	1606185	3	6.41119
179	4301082	4	6.47429
179	1062213	5	7.0434
179	7349279	6	7.0927
179	4341381	7	7.47402
179	2769655	8	8.04013
179	503840	9	9.50344
179	7748520	10	9.65195
180	7418754	1	9.46466
180	7418757	2	9.58676
180	2525758	3	10.0351
180	7418755	4	10.1122
180	3166739	5	10.156
180	1300751	6	10.2789
180	3943162	7	10.4239
180	2525753	8	10.9042
180	5005924	9	11.4164
180	6298252	10	12.584
181	4189482	1	9.66827
181	5935212	2	9.67383
181	775386	3	10.0803
181	397469	4	10.0814
181	7787144	5	10.9913
181	8534203	6	11.1585
181	3310234	7	12.085
181	6584188	8	13.0548
181	3896724	9	14.3977
181	729619	10	14.4522
182	4534318	1	10.6142
182	6313515	2	10.9694
182	5564288	3	11.1912
182	4627073	4	11.4889
182	2228022	5	11.9787
182	8107664	6	11.9829
182	5081319	7	12.2787
182	5081318	8	12.4361
182	19970	9	13.2423
182	2065805	10	13.7168
183	980421	1	10.3724
183	5613341	2	10.5286
183	7864	3	10.5893
183	4421327	4	11.0635
183	484872	5	11.2198
183	8529074	6	11.8076
183	3114066	7	11.8195
183	2232474	8	13.8392
183	3275086	9	17.5133
183	5223242	10	21.0849
184	2829060	1	5.43697
184	591600	2	5.75187
184	84683	3	6.10028
184	3235103	4	6.10644
184	4791194	5	6.56622
184	4186574	6	6.58136
184	8341331	7	6.98678
184	3654518	8	8.00008
184	5310731	9	8.5489
184	157072	10	9.24564
185	7585979	1	5.21057
185	5001950	2	5.28769
185	6037083	3	5.43965
185	1950889	4	5.64997
185	7056311	5	5.66827
185	1357316	6	6.25998
185	1453409	7	7.24592
185	2177414	8	8.00167
185	4475115	9	8.1276
185	5542409	10	9.99549
186	1672198	1	6.98153
186	860711	2	7.28482
186	7370843	3	7.41446
186	5745034	4	7.43223
186	958805	5	7.60316
186	6300493	6	7.64898
186	3066436	7	8.92463
186	2399363	8	9.09049
186	7894032	9	9.50422
186	4158937	10	14.1303
187	1267021	1	5.98562
187	2862844	2	6.91353
187	3500976	3	7.01551
187	5369077	4	7.25199
187	3356148	5	7.56577
187	8116419	6	9.84286
187	8632455	7	9.9595
187	5101906	8	12.9266
187	8632461	9	13.0275
187	8100855	10	14.9131
188	3450749	1	5.58388
188	4645742	2	5.68385
188	5892835	3	6.39293
188	2843788	4	6.89366
188	6815753	5	7.7253
188	7158432	6	7.9685
188	3021167	7	9.37076
188	8247102	8	11.5248
188	2732079	9	14.2461
188	520530	10	14.8455
189	2539045	1	8.60104
189	5066900	2	8.92635
189	7823377	3	9.04507
189	2967019	4	9.33774
189	7532359	5	9.41867
189	8114178	6	10.1675
189	3607809	7	10.8054
189	268998	8	12.524
189	7914070	9	20.3218
189	5568168	10	21.2474
190	2864632	1	9.01365
190	6589394	2	9.4514
190	6734323	3	9.49912
190	2176536	4	10.4695
190	1616590	5	10.5642
190	1308492	6	10.7718
190	1338126	7	11.6584
190	4483650	8	12.4613
190	7445421	9	13.9465
190	7494498	10	15.5935
191	2753169	1	5.50549
191	4002378	2	5.60144
191	6814992	3	5.62381
191	5815830	4	5.67483
191	5210278	5	7.18934
191	1467177	6	7.20932
191	2491510	7	9.93631
191	3190667	8	11.0446
191	1508278	9	11.3895
191	7048353	10	11.8451
192	3790963	1	8.27489
192	541146	2	8.5851
192	8395353	3	8.75039
192	5562986	4	9.00707
192	4645045	5	9.00718
192	5389887	6	9.41939
192	3227909	7	9.43446
192	942863	8	9.52918
192	937122	9	12.5599
192	1716034	10	12.6568
193	5352509	1	13.7055
193	7786800	2	14.0497
193	2923884	3	15.7888
193	2883182	4	15.8017
193	2784776	5	16.0601
193	5143095	6	16.1498
193	6091632	7	17.1347
193	6096351	8	17.2027
193	6091629	9	17.4098
193	44023	10	20.2198
194	138243	1	8.20984
194	1827065	2	8.35781
194	7241971	3	8.5229
194	8457486	4	8.5671
194	6572563	5	8.81145
194	7358769	6	9.54311
194	5674760	7	11.7023
194	3650049	8	12.2899
194	2890223	9	17.7686
194	367531	10	23.0499
195	395239	1	7.46811
195	19169	2	7.7656
195	6500961	3	9.79789
195	328843	4	13.2799
195	7806456	5	16.7658
195	6680942	6	17.186
195	328845	7	19.4207
195	1548180	8	21.9101
195	2294369	9	23.6997
195	6802112	10	23.7166
196	7494974	1	8.22108
196	3555261	2	8.41817
196	1685621	3	8.97815
196	2572646	4	9.12257
196	7917011	5	9.90035
196	3709053	6	11.1446
196	5736952	7	11.4354
196	4419158	8	12.4437
196	7542967	9	27.0527
196	8334872	10	27.6059
197	8074388	1	6.11471
197	6796513	2	6.17243
197	4293165	3	6.21533
197	6587371	4	6.5031
197	1164828	5	6.64198
197	5554770	6	6.80317
197	672538	7	6.85828
197	404986	8	6.92602
197	6342605	9	8.7606
197	5085539	10	9.7463
198	2422395	1	11.0793
198	6789196	2	11.8791
198	7616300	3	12.2318
198	2754292	4	12.9272
198	2007923	5	13.3876
198	107654	6	13.5001
198	7054590	7	14.2809
198	1417674	8	18.2947
198	725982	9	19.9121
198	725978	10	19.9625
199	6615189	1	6.75821
199	5445077	2	7.15033
199	6026004	3	7.19748
199	6677512	4	7.25383
199	8077	5	7.26304
199	1136690	6	7.27983
199	4328559	7	7.50734
199	6023588	8	7.84565
199	7768224	9	8.18811
199	5613998	10	8.22674
200	5396253	1	7.51903
200	6701317	2	7.95893
200	2313904	3	8.24488
200	6614012	4	8.89153
200	1309565	5	9.13321
200	8252655	6	9.87569
200	7399287	7	10.7345
200	1956052	8	11.618
200	7305460	9	14.868
200	4346829	10	19.1133
201	512374	1	6.75719
201	6403424	2	6.87394
201	1734454	3	7.21903
201	7916988	4	7.39608
201	7896962	5	7.40525
201	7912174	6	7.79445
201	4435103	7	7.86746
201	3848141	8	9.11007
201	4264090	9	11.9961
201	3022640	10	12.7395
202	463361	1	8.8849
202	563248	2	8.9574
202	2058112	3	9.11155
202	4124281	4	9.52739
202	3564775	5	9.91178
202	1639639	6	9.91837
202	4481656	7	10.3367
202	8111202	8	12.2917
202	1812632	9	13.005
202	4249808	10	14.9474
203	2919217	1	8.22815
203	1075926	2	8.37764
203	4335265	3	8.39401
203	4699610	4	8.83358
203	30770	5	9.13372
203	2962545	6	9.21623
203	3438430	7	9.23715
203	634579	8	10.4272
203	5365587	9	11.0724
203	3597006	10	12.7257
204	1179030	1	9.75462
204	4881501	2	9.98487
204	830796	3	10.0217
204	160123	4	10.0279
204	6062371	5	10.0508
204	6751344	6	10.0832
204	8015375	7	10.374
204	678398	8	12.3929
204	577870	9	14.4141
204	2237806	10	14.5879
205	6081448	1	7.06257
205	8359944	2	7.5234
205	2145290	3	7.7103
205	20151	4	8.09461
205	7153473	5	8.36581
205	4614935	6	8.76251
205	3554829	7	9.48082
205	2651007	8	11.113
205	3854845	9	12.4024
205	8410132	10	14.1256
206	3874166	1	6.68355
206	3000778	2	7.27629
206	624695	3	7.27629
206	3253806	4	8.08143
206	2249454	5	8.64932
206	3934413	6	8.65081
206	7021106	7	13.3917
206	643357	8	14.7854
206	5135612	9	19.4457
206	7597707	10	23.0988
207	8528383	1	7.00838
207	1415400	2	7.0865
207	3971598	3	7.21213
207	2684590	4	7.51474
207	3844459	5	7.90905
207	7767270	6	8.41087
207	7902630	7	8.73837
207	6393929	8	9.87734
207	7156228	9	11.0507
207	5379333	10	20.7376
208	7038034	1	7.08235
208	7216360	2	7.14035
208	906484	3	7.25736
208	1810158	4	7.49514
208	7572212	5	7.78418
208	6040133	6	8.18962
208	2035527	7	8.61127
208	7551086	8	10.5545
208	7835817	9	11.2523
208	7530608	10	13.5795
209	7966205	1	11.9835
209	144104	2	12.01
209	5954054	3	12.4518
209	2374827	4	13.5845
209	4564721	5	13.7162
209	6368312	6	13.8523
209	3863253	7	15.0487
209	8484783	8	16.2395
209	8421332	9	17.3061
209	3732740	10	17.4137
210	2536857	1	10.8675
210	3626196	2	10.9209
210	2074446	3	11.1957
210	2958935	4	11.3925
210	3095557	5	11.4238
210	3820004	6	12.1759
210	8450667	7	13.6238
210	1066691	8	14.4558
210	4909083	9	14.4583
210	250050	10	15.0258
211	523426	1	8.26568
211	5054311	2	8.54573
211	3283771	3	8.83728
211	4992573	4	9.00886
211	3437382	5	9.56382
211	6445883	6	9.92642
211	1892804	7	11.9898
211	2664383	8	13.6286
211	6891819	9	14.2034
211	7679989	10	15.2459
212	3414562	1	8.8633
212	6115224	2	9.06436
212	803233	3	9.10955
212	584092	4	9.23175
212	803232	5	9.32839
212	7953358	6	9.43166
212	914052	7	10.4655
212	8277859	8	11.0313
212	2047017	9	11.9174
212	4199936	10	12.6346
213	5189494	1	11.0752
213	7184111	2	11.2059
213	5148617	3	12.1436
213	4550172	4	12.4605
213	6124195	5	18.3681
213	6319277	6	18.4084
213	495558	7	21.6302
213	2617275	8	22.1187
213	6490648	9	22.2118
213	5850566	10	22.7393
214	4392534	1	3.8109
214	1914860	2	3.82995
214	1454903	3	4.09065
214	4580934	4	4.22017
214	4729503	5	4.4398
214	6641373	6	4.74276
214	2802900	7	4.81573
214	4606835	8	5.24341
214	2459289	9	5.26595
214	2975809	10	6.44159
215	3378151	1	7.73528
215	6123865	2	7.83461
215	6701502	3	9.72192
215	8376119	4	10.216
215	696081	5	10.6483
215	5134528	6	11.2318
215	3531694	7	12.2509
215	7965092	8	12.9121
215	3638918	9	13.8528
215	677939	10	14.7725
216	3336265	1	5.77694
216	2767760	2	5.77694
216	4726660	3	5.85571
216	4170435	4	5.9752
216	8115176	5	5.9752
216	3801646	6	6.22446
216	2009417	7	7.72963
216	1257416	8	8.55402
216	1257420	9	9.16166
216	2782138	10	12.7142
217	4253126	1	8.27329
217	283261	2	8.60856
217	6256583	3	8.92992
217	8540664	4	9.11946
217	4957628	5	10.4807
217	4402635	6	11.4127
217	2212603	7	12.3506
217	6777250	8	12.3754
217	4128641	9	13.1942
217	4932639	10	15.6952
218	7144455	1	6.6283
218	93634	2	6.90287
218	275331	3	6.97471
218	6290904	4	7.26794
218	7872797	5	7.67931
218	6006791	6	7.73701
218	3316771	7	8.78449
218	1414217	8	9.34917
218	6454267	9	12.0689
218	6862323	10	12.7999
219	2646743	1	10.8489
219	8249441	2	11.408
219	2312133	3	11.5197
219	4945644	4	12.9539
219	2728363	5	13.4216
219	3794855	6	13.4592
219	8533926	7	14.7056
219	1849500	8	19.1365
219	8192717	9	19.627
219	6027545	10	21.0214
220	7924730	1	11.1672
220	8246860	2	12.6735
220	7632592	3	13.2299
220	931821	4	13.4858
220	3174296	5	13.5219
220	931824	6	13.8108
220	6735119	7	14.7406
220	4485354	8	16.103
220	8320945	9	16.2706
220	1994394	10	16.389
221	5387766	1	7.93747
221	647143	2	7.98802
221	2807574	3	8.26605
221	8357081	4	8.35641
221	4761251	5	8.46111
221	7287923	6	8.56882
221	3090709	7	9.45584
221	860987	8	10.5343
221	6667500	9	11.1042
221	6667503	10	11.2196
222	4731157	1	9.10869
222	8077	2	9.3147
222	504245	3	9.84779
222	8626618	4	9.91085
222	2617345	5	9.92798
222	2914562	6	9.97525
222	6677512	7	10.4137
222	4754521	8	10.5541
222	1760243	9	10.7473
222	3047615	10	11.0019
223	6802250	1	8.70079
223	5244447	2	8.74934
223	4929453	3	8.99322
223	2885614	4	8.99837
223	3407970	5	9.05678
223	6157565	6	9.10424
223	7780462	7	9.22072
223	4989274	8	9.63994
223	6414175	9	9.94727
223	3769143	10	13.0943
224	8122305	1	8.57389
224	7496224	2	8.62145
224	394136	3	8.93689
224	673638	4	9.11116
224	8183175	5	9.29803
224	2722615	6	9.6151
224	3207354	7	10.4272
224	7162035	8	11.0901
224	7173398	9	11.7874
224	3313966	10	13.0247
225	8372034	1	4.16755
225	5210822	2	4.18314
225	7261929	3	4.3095
225	6435515	4	4.46468
225	7905806	5	4.62403
225	2802900	6	4.94711
225	1050847	7	5.21358
225	1591430	8	5.57601
225	5210745	9	5.99436
225	8570062	10	11.0802
226	1024753	1	10.0583
226	1413559	2	10.1237
226	2266213	3	10.169
226	4586905	4	10.1985
226	1352323	5	10.8573
226	507492	6	10.9507
226	471412	7	11.3535
226	2938250	8	15.0366
226	4586909	9	16.5174
226	5811558	10	16.6822
227	1360098	1	5.85616
227	6484316	2	6.46938
227	285925	3	6.62496
227	8028304	4	7.27669
227	6070522	5	7.32765
227	6496247	6	7.41621
227	6694184	7	12.138
227	7380279	8	12.2636
227	8332019	9	12.5163
227	7738802	10	13.0761
228	3562738	1	6.55994
228	6628462	2	7.17536
228	7568375	3	7.63089
228	4707730	4	8.08841
228	3023046	5	8.15964
228	4786513	6	9.01548
228	500726	7	10.497
228	6874131	8	10.9464
228	3222442	9	19.5332
228	1095403	10	19.794
229	89930	1	6.32548
229	2702770	2	6.5185
229	2148869	3	6.75154
229	3146335	4	7.11866
229	7876919	5	7.168
229	4007651	6	7.25444
229	6112439	7	7.89625
229	2127793	8	8.6987
229	8389753	9	8.96279
229	4540731	10	9.31189
230	5631942	1	7.47595
230	1803743	2	7.72194
230	7748188	3	8.01535
230	2851175	4	8.76288
230	5073264	5	8.78815
230	6659773	6	11.8107
230	2441615	7	12.3377
230	4904532	8	13.4879
230	6033654	9	13.74
230	3496105	10	15.701
231	3344263	1	7.63678
231	503885	2	7.6502
231	1104623	3	7.65289
231	3029069	4	7.70591
231	6927351	5	7.74009
231	6728760	6	7.84567
231	330875	7	8.20566
231	472936	8	9.16313
231	5371193	9	21.4049
231	7896429	10	21.547
232	4731157	1	10.3924
232	2617345	2	10.4359
232	504245	3	10.4458
232	1760243	4	10.7471
232	4754521	5	10.78
232	3047615	6	10.8359
232	2914562	7	11.2965
232	8077	8	11.4193
232	6677512	9	11.5924
232	8626618	10	12.0996
233	2302624	1	6.67625
233	383998	2	6.68898
233	2903327	3	6.7112
233	2217818	4	6.8054
233	2743638	5	7.14704
233	2771275	6	7.52853
233	7000043	7	10.9768
233	4221260	8	11.4833
233	2609513	9	11.803
233	3151553	10	14.6566
234	2784472	1	10.7462
234	1505255	2	11.1327
234	34041	3	11.7043
234	4479694	4	13.6476
234	3600299	5	14.8635
234	6460041	6	15.9081
234	8480767	7	16.1807
234	2824276	8	16.7445
234	6227119	9	17.7476
234	3248871	10	18.8418
235	1505255	1	11.6567
235	8370901	2	13.8452
235	34041	3	15.2378
235	6460041	4	15.7847
235	4479694	5	16.2778
235	3600299	6	16.7952
235	8480767	7	18.9437
235	2824276	8	20.158
235	3248871	9	20.6773
235	6227119	10	22.7271
236	4864630	1	7.40006
236	4940368	2	7.4288
236	8532392	3	7.62828
236	6791229	4	7.87423
236	3177607	5	7.89547
236	4535390	6	8.37471
236	3177606	7	9.38218
236	7459033	8	9.73382
236	5679761	9	10.2477
236	6023598	10	10.6437
237	8422312	1	7.1216
237	6232226	2	8.18548
237	4181748	3	8.50742
237	3121092	4	9.06425
237	3121083	5	9.07373
237	6774392	6	9.91371
237	7450142	7	10.269
237	3615845	8	11.6897
237	6228016	9	13.14
237	7328639	10	21.5853
238	4631864	1	7.64794
238	4898715	2	7.66044
238	5731543	3	7.85254
238	7164725	4	8.06914
238	3842524	5	8.70646
238	8465634	6	9.44929
238	1359806	7	9.8464
238	5188516	8	12.4631
238	1696043	9	14.3988
238	7684895	10	17.8403
239	234857	1	10.0942
239	2551788	2	10.6179
239	5822108	3	10.6601
239	1791183	4	10.8508
239	7426961	5	10.8575
239	7424498	6	10.9886
239	3558347	7	11.6105
239	5340831	8	16.729
239	608695	9	16.9308
239	5489646	10	19.8596
240	2919566	1	9.44731
240	847385	2	9.55847
240	4180752	3	10.422
240	5144319	4	10.9361
240	3571795	5	11.6772
240	2602950	6	13.0001
240	6855299	7	13.3567
240	4326672	8	15.2189
240	4275851	9	15.4233
240	1707976	10	15.4299
241	6869527	1	7.52901
241	58310	2	8.1192
241	6272409	3	8.61358
241	2604653	4	9.55118
241	2559579	5	9.95759
241	4747067	6	11.3024
241	3199404	7	11.6657
241	3530848	8	14.16
241	3530844	9	14.3096
241	3663560	10	14.9482
242	5555582	1	8.58094
242	70996	2	8.70502
242	5466370	3	9.1417
242	6957361	4	9.47912
242	2335588	5	9.65677
242	7034271	6	10.1208
242	7127670	7	12.0599
242	5336574	8	13.5331
242	2499719	9	14.1827
242	2298430	10	15.2726
243	3524510	1	8.8091
243	4041417	2	8.81546
243	631082	3	9.17058
243	5249897	4	9.59839
243	4883695	5	10.1779
243	4410778	6	10.4334
243	1670760	7	12.0005
243	1047595	8	12.2643
243	4883698	9	12.3331
243	4171790	10	12.68
244	784188	1	11.0553
244	7950453	2	11.1629
244	3259410	3	12.7026
244	1827922	4	13.809
244	5304749	5	15.3746
244	6098150	6	15.5164
244	7173600	7	17.5926
244	1975984	8	17.6822
244	5947626	9	19.9277
244	4317500	10	20.134
245	7318173	1	9.17977
245	242824	2	9.41484
245	5279014	3	10.7167
245	6105316	4	11.015
245	3984519	5	12.2403
245	1128002	6	14.3209
245	1119956	7	14.45
245	5813538	8	14.6526
245	4618130	9	15.1091
245	2622620	10	15.8582
246	3271695	1	8.12568
246	8618993	2	8.24722
246	6193861	3	8.92573
246	1043527	4	9.87513
246	4961905	5	10.4584
246	3634559	6	10.8922
246	95000	7	10.9587
246	1914391	8	11.5831
246	4785490	9	16.1719
246	486709	10	18.3047
247	2099092	1	8.26722
247	8489962	2	8.443
247	3961881	3	8.67723
247	3530262	4	9.5711
247	3524713	5	11.2704
247	1622642	6	11.391
247	3213428	7	11.938
247	4112693	8	12.608
247	4112695	9	12.7573
247	7734025	10	13.006
248	2900671	1	8.02554
248	5238304	2	8.06
248	7150205	3	8.389
248	2256369	4	9.07925
248	8382216	5	9.40544
248	7640105	6	9.74538
248	4114332	7	10.0714
248	3945304	8	10.4094
248	5990507	9	12.4813
248	8573929	10	12.7699
249	5610394	1	7.44889
249	7422371	2	7.69543
249	6797971	3	8.17748
249	4310651	4	8.28674
249	6444147	5	8.30883
249	327286	6	8.49035
249	155229	7	8.79045
249	8074194	8	9.36162
249	1202923	9	9.37327
249	6685068	10	9.46979
250	8504942	1	8.9848
250	1444718	2	9.01966
250	7093447	3	9.0748
250	7093445	4	9.56412
250	2291165	5	10.3559
250	1832239	6	10.6463
250	6531730	7	10.8657
250	1386432	8	12.4481
250	274764	9	12.6648
250	7336970	10	13.8224
251	7298319	1	6.46163
251	4254843	2	6.58211
251	2641006	3	6.97486
251	6621311	4	7.41082
251	7272801	5	7.44562
251	4473257	6	7.50903
251	4473251	7	7.87163
251	7173225	8	7.99642
251	2330370	9	8.18685
251	2703322	10	9.91386
252	3389290	1	9.34354
252	6216462	2	9.93741
252	8132060	3	11.0693
252	5894113	4	11.2288
252	2474547	5	11.6172
252	3838137	6	11.9093
252	3291248	7	11.9821
252	1140528	8	12.3506
252	2602128	9	12.5478
252	7432498	10	12.9782
253	5004194	1	5.3285
253	2646495	2	6.14524
253	207491	3	6.24802
253	5049355	4	6.78576
253	5083010	5	6.83418
253	3005716	6	6.92578
253	1857207	7	6.93708
253	7639455	8	7.09676
253	5747	9	9.59475
253	5452907	10	10.2324
254	6214582	1	11.538
254	399325	2	11.6886
254	155908	3	12.1341
254	2968142	4	12.6427
254	6876246	5	12.9942
254	2029423	6	13.8208
254	5304686	7	16.7198
254	1503132	8	16.8169
254	7976743	9	20.4904
254	5743210	10	21.0045
255	5109251	1	6.86244
255	6816062	2	7.12924
255	4963018	3	7.70046
255	3189661	4	8.24285
255	996320	5	8.75196
255	5004654	6	10.0978
255	1888536	7	10.6223
255	2166425	8	13.0355
255	8396464	9	13.17
255	612613	10	13.7389
256	399331	1	11.2925
256	2961728	2	12.2321
256	2061305	3	12.4376
256	579373	4	13.1576
256	7934448	5	13.4002
256	8056365	6	13.6022
256	2730478	7	13.6822
256	7557842	8	19.6616
256	5908643	9	19.7631
256	7557849	10	21.7236
257	7111385	1	6.75744
257	4743552	2	6.84317
257	4026813	3	6.9039
257	6561929	4	7.04214
257	5131588	5	7.09819
257	1652004	6	7.46427
257	170934	7	7.67773
257	8300288	8	7.76285
257	6335581	9	10.6061
257	5822989	10	11.9471
258	239047	1	8.86506
258	8637060	2	8.90786
258	2817161	3	9.00399
258	6841985	4	9.03234
258	994717	5	9.0403
258	4636549	6	9.27053
258	6949624	7	9.83548
258	7662109	8	9.95343
258	2164035	9	17.073
258	2032923	10	17.0801
259	5941902	1	6.76201
259	7246276	2	6.90521
259	7464355	3	7.25033
259	4495338	4	7.68562
259	8192026	5	7.72224
259	132883	6	7.818
259	2351672	7	7.86568
259	5952360	8	7.93351
259	4847937	9	8.83561
259	7835011	10	17.1641
260	2886045	1	6.45718
260	5622020	2	6.50195
260	6781781	3	6.64341
260	92182	4	6.87617
260	5240196	5	7.26998
260	1592524	6	7.67672
260	706980	7	7.95125
260	5912902	8	8.32321
260	3419207	9	8.51227
260	3062284	10	19.2853
261	4530871	1	8.1455
261	8420197	2	8.39369
261	157119	3	8.78844
261	1340555	4	8.90765
261	8410301	5	9.80898
261	7431577	6	9.87367
261	3441013	7	14.1518
261	7534949	8	14.4037
261	643938	9	17.4221
261	7172575	10	18.2572
262	3391993	1	6.60793
262	5214585	2	6.93704
262	5359433	3	7.43496
262	69730	4	7.85397
262	3906923	5	8.05106
262	2693172	6	8.30106
262	3484345	7	8.38349
262	4304877	8	8.74756
262	6843343	9	13.9506
262	6843344	10	14.0749
263	6183687	1	9.02426
263	7216235	2	9.04387
263	4039104	3	9.57536
263	6060748	4	9.80416
263	8326057	5	10.0621
263	8399459	6	10.0624
263	6437842	7	10.444
263	6220481	8	11.6077
263	5189872	9	12.7195
263	531858	10	13.4892
264	5149278	1	6.52525
264	1523380	2	7.81172
264	6916744	3	7.8448
264	2022885	4	8.24052
264	3600956	5	8.33228
264	5553080	6	8.52047
264	2780862	7	8.83476
264	4706895	8	10.4782
264	3982043	9	14.0636
264	1593876	10	14.195
265	2110814	1	7.99041
265	8229127	2	8.20278
265	2964627	3	8.41562
265	8513757	4	9.02879
265	1625222	5	9.16867
265	3828705	6	10.1223
265	6163229	7	11.3501
265	5214939	8	11.3592
265	4657338	9	11.6989
265	356197	10	12.0919
266	5228580	1	8.31039
266	2127208	2	8.3783
266	1457343	3	8.72168
266	1397916	4	8.88872
266	2204136	5	9.66887
266	7250939	6	11.3251
266	3586784	7	12.349
266	1530998	8	12.5116
266	1903664	9	18.0436
266	481241	10	19.5375
267	4781965	1	8.79241
267	1290792	2	8.87684
267	6757660	3	9.22442
267	2817189	4	9.40392
267	3070025	5	11.2941
267	3522116	6	11.783
267	2817192	7	11.9758
267	2741356	8	12.3542
267	571367	9	14.7861
267	7585038	10	17.7221
268	56433	1	9.03165
268	2310638	2	9.13458
268	7861657	3	9.38475
268	485172	4	9.67075
268	3013461	5	9.69547
268	4652910	6	9.92731
268	1057834	7	10.0552
268	8388311	8	11.175
268	3165186	9	11.2628
268	2741758	10	16.4668
269	2024177	1	11.9017
269	3217343	2	12.1594
269	1467150	3	12.4874
269	4495479	4	12.5143
269	4553651	5	12.8657
269	2916677	6	14.6088
269	2916680	7	16.9278
269	6178460	8	19.3338
269	2624001	9	23.3875
269	5109723	10	24.3915
270	4256122	1	8.30722
270	5164768	2	8.39626
270	4412246	3	9.43108
270	5705737	4	9.50937
270	6022321	5	10.3427
270	5628088	6	11.036
270	7862140	7	12.3074
270	3330037	8	12.5037
270	1818308	9	15.7837
270	4628581	10	22.3825
271	8544374	1	9.0455
271	8544375	2	9.72009
271	1448041	3	9.72862
271	1867608	4	10.9821
271	3883437	5	11.3119
271	2828732	6	11.8481
271	58551	7	13.2866
271	2405357	8	13.2899
271	279369	9	14.5259
271	3236243	10	16.0374
272	5156431	1	7.61531
272	2157235	2	8.03427
272	8543335	3	8.19023
272	5267555	4	8.2143
272	4627739	5	8.24763
272	5084387	6	9.47141
272	1040313	7	9.5517
272	3561316	8	10.0542
272	1558020	9	10.0775
272	8175515	10	10.6332
273	5179743	1	7.86028
273	5317439	2	8.07911
273	6215154	3	8.38704
273	2939328	4	8.67743
273	2950738	5	8.85188
273	6416835	6	8.86439
273	1284378	7	10.9102
273	8362516	8	10.9614
273	2411864	9	14.887
273	3275354	10	16.7132
274	1801555	1	11.0229
274	2669722	2	11.0369
274	6141673	3	11.1684
274	6001936	4	11.3106
274	3763152	5	11.9904
274	1265394	6	12.9091
274	5649800	7	13.3777
274	3441766	8	13.7515
274	1007719	9	14.8196
274	7382862	10	15.2852
275	3253320	1	9.93252
275	6166124	2	9.95319
275	50941	3	10.3037
275	8542128	4	10.6524
275	1886975	5	10.9974
275	2624886	6	11.379
275	4678476	7	11.3832
275	3112477	8	12.2671
275	2754732	9	14.2023
275	6715263	10	19.8482
276	4407464	1	10.8741
276	3283225	2	11.1864
276	2107160	3	11.9411
276	1397633	4	12.1335
276	567110	5	12.2052
276	1850796	6	12.383
276	4977644	7	12.9646
276	6477144	8	13.674
276	8336745	9	13.9754
276	407509	10	16.0538
277	7221118	1	10.5198
277	4875038	2	10.5938
277	3637897	3	10.7753
277	5143724	4	10.8381
277	7117681	5	10.9579
277	2494822	6	10.9737
277	7117686	7	13.2654
277	6635312	8	14.4548
277	3887018	9	17.286
277	7171680	10	29.399
278	2796210	1	6.88796
278	3121016	2	7.11718
278	4462043	3	7.70454
278	4233648	4	7.89299
278	2440423	5	8.29916
278	7226369	6	8.44503
278	7939393	7	9.74815
278	4378982	8	12.4215
278	4685750	9	12.6688
278	6278717	10	13.1286
279	6657838	1	9.62014
279	5295110	2	10.7796
279	3562626	3	11.1285
279	8174834	4	11.2106
279	2664726	5	12.6777
279	2556066	6	12.7309
279	8288687	7	13.1496
279	8112483	8	13.1698
279	47805	9	13.4753
279	2571382	10	15.9832
280	7599793	1	6.77364
280	4977779	2	6.79879
280	3381672	3	7.06562
280	2437245	4	7.0772
280	1828944	5	7.87755
280	4921533	6	8.1216
280	2076931	7	8.19129
280	246713	8	8.9507
280	7625272	9	12.6927
280	7625274	10	12.6938
281	4731157	1	10.3142
281	8077	2	10.7621
281	504245	3	10.9587
281	2914562	4	10.9673
281	2617345	5	10.9709
281	8626618	6	11.1991
281	1760243	7	11.7941
281	3047615	8	12.1994
281	6677512	9	15.0747
281	4754521	10	17.7413
282	2462377	1	9.30271
282	1022309	2	9.83532
282	7171966	3	9.87699
282	4635588	4	9.97659
282	4307002	5	10.1633
282	4299668	6	10.6674
282	8022365	7	11.0028
282	350334	8	13.4986
282	960772	9	17.3971
282	7171319	10	22.8113
283	3974248	1	7.20077
283	3894687	2	7.45585
283	2231355	3	7.73887
283	6834128	4	7.76499
283	759824	5	7.95207
283	3803712	6	8.00242
283	7566494	7	8.11304
283	1481858	8	10.2277
283	4636186	9	11.634
283	7617276	10	11.7126
284	5636034	1	5.8927
284	3049032	2	6.06798
284	4440987	3	6.14671
284	6080405	4	6.15494
284	7331406	5	6.22292
284	3648962	6	6.62515
284	7235689	7	6.6667
284	8493403	8	7.9375
284	8239070	9	8.0025
284	8493406	10	8.05128
285	1294876	1	11.4445
285	3772943	2	11.7597
285	3242829	3	12.1741
285	2020637	4	12.4888
285	89056	5	13.6483
285	6625716	6	13.9734
285	3958783	7	15.5682
285	5296877	8	16.7623
285	8468133	9	16.8746
285	5489019	10	22.8032
286	2723352	1	8.16691
286	7155001	2	8.75068
286	6232861	3	8.93793
286	5887034	4	9.15344
286	8520684	5	9.26193
286	5810116	6	10.1476
286	580613	7	10.8604
286	1591414	8	11.6725
286	531662	9	12.3031
286	531656	10	14.6649
287	4581381	1	7.28727
287	5008968	2	7.51263
287	5774392	3	8.12195
287	7275814	4	8.21263
287	3238401	5	8.84889
287	6790708	6	9.22704
287	1673374	7	10.224
287	4745544	8	10.3977
287	2701821	9	11.0439
287	3183540	10	13.0327
288	7902365	1	9.12984
288	98391	2	9.13238
288	2805827	3	9.61376
288	7008535	4	9.74362
288	5990397	5	10.0812
288	6852289	6	10.6256
288	5702621	7	10.8483
288	5542567	8	11.0621
288	7738442	9	12.797
288	615236	10	13.3715
289	6194126	1	6.79343
289	2791380	2	7.28781
289	809169	3	7.89084
289	4324372	4	7.89116
289	4337190	5	9.75491
289	6098048	6	10.7168
289	1803765	7	10.8879
289	5339075	8	11.5587
289	7412738	9	11.6509
289	2308139	10	11.9916
290	8291981	1	7.80312
290	8398291	2	7.82016
290	8392124	3	7.95221
290	7638715	4	8.78198
290	2823120	5	8.86333
290	2906726	6	9.77254
290	3755353	7	9.95658
290	363772	8	11.2893
290	2571085	9	12.9324
290	2571084	10	12.9561
291	695571	1	11.4354
291	5191523	2	11.7173
291	3205864	3	12.1088
291	5103739	4	12.4496
291	210226	5	12.6375
291	4230691	6	16.3304
291	533720	7	16.3386
291	3134285	8	18.3301
291	8111891	9	21.4594
291	1018717	10	21.5172
292	8362645	1	7.88249
292	1391969	2	8.73412
292	4253599	3	8.80705
292	2963730	4	9.05056
292	4783065	5	9.24275
292	8160941	6	9.45057
292	2406050	7	10.2718
292	8423483	8	10.4297
292	2531219	9	10.8652
292	197416	10	10.9993
293	6894566	1	10.7417
293	1947282	2	10.8634
293	8573334	3	11.258
293	6607306	4	11.3909
293	6361743	5	12.0693
293	192064	6	12.1232
293	4544113	7	12.2171
293	7630774	8	14.188
293	7630772	9	14.5834
293	5534602	10	15.015
294	8277859	1	6.75812
294	4199936	2	6.78737
294	2047017	3	7.35382
294	3994689	4	7.64444
294	3641952	5	8.38679
294	584092	6	9.49873
294	3220862	7	9.92744
294	914052	8	10.7655
294	803233	9	11.7628
294	803232	10	11.944
295	7764881	1	6.43998
295	8466343	2	6.46132
295	7052942	3	6.62837
295	730849	4	6.96377
295	6730583	5	7.1422
295	2650134	6	8.09171
295	5994611	7	8.23703
295	5469305	8	9.24717
295	8345490	9	11.9481
295	2237211	10	17.4523
296	6014805	1	6.61019
296	33398	2	6.66626
296	3088518	3	6.76343
296	5826002	4	6.84377
296	23856	5	6.97625
296	2405133	6	7.19302
296	8499747	7	7.7961
296	1778044	8	9.22643
296	4444498	9	10.2113
296	1778049	10	10.6544
297	4083043	1	8.01903
297	778523	2	8.19112
297	6335919	3	9.61868
297	7507717	4	9.81194
297	2538729	5	10.9004
297	7139119	6	11.3874
297	4120705	7	11.4829
297	4890257	8	11.8476
297	4374983	9	12.4864
297	955550	10	17.7523
298	7287085	1	5.82878
298	4536205	2	5.83176
298	4301997	3	6.01658
298	4044775	4	6.01842
298	8595001	5	6.21956
298	2177808	6	6.41209
298	6819177	7	6.66229
298	8493285	8	8.68859
298	2726611	9	8.70381
298	8493284	10	10.2512
299	8231295	1	6.66349
299	4291075	2	8.25865
299	3765990	3	8.50657
299	3527247	4	10.721
299	3364690	5	11.0737
299	6095898	6	12.9121
299	847371	7	13.0194
299	4793960	8	15.8396
299	678567	9	17.3351
299	4054888	10	18.1738
300	5089478	1	7.62274
300	1464590	2	7.62538
300	4878596	3	7.77488
300	6444519	4	8.31631
300	8217786	5	8.7656
300	3221626	6	8.97078
300	3249750	7	10.6958
300	3569003	8	10.7795
300	413810	9	18.1863
300	1475306	10	18.6323
301	2941725	1	9.48523
301	7900938	2	9.51618
301	1401629	3	9.65481
301	8276053	4	9.91929
301	1333569	5	10.2802
301	8375017	6	10.6508
301	7830215	7	11.3692
301	8470271	8	11.4697
301	8502819	9	17.2012
301	7491468	10	18.6876
302	6422563	1	7.76189
302	5198621	2	8.30036
302	5929017	3	8.33234
302	3205775	4	8.4114
302	2877962	5	9.11187
302	282279	6	9.41732
302	2772930	7	10.1872
302	5281134	8	10.4689
302	5281137	9	10.4939
302	6037504	10	12.5349
303	2029020	1	7.09987
303	6005760	2	7.16314
303	7963712	3	7.26519
303	8396487	4	7.32489
303	3383445	5	7.83313
303	3459811	6	7.86651
303	1853677	7	7.9106
303	3892432	8	8.6295
303	3114749	9	10.3762
303	5395708	10	10.5114
304	4754521	1	9.36325
304	6026004	2	9.49588
304	6023588	3	10.0364
304	8626618	4	10.0639
304	8077	5	10.2248
304	6677512	6	10.7186
304	3047615	7	11.2955
304	5613998	8	11.5819
304	1760243	9	11.6231
304	4731157	10	12.035
305	3596976	1	7.7318
305	5376130	2	7.90211
305	811369	3	7.96409
305	891025	4	8.04631
305	8467733	5	8.17768
305	1944945	6	8.63733
305	5173431	7	8.76207
305	8085676	8	9.53285
305	2812281	9	10.6273
305	4873351	10	10.8778
306	5887259	1	8.56027
306	2301037	2	8.66375
306	1969519	3	8.90159
306	7824439	4	10.3752
306	3958281	5	10.4268
306	6746749	6	10.5849
306	3098749	7	10.8567
306	1709435	8	12.5278
306	1959953	9	14.1504
306	4937092	10	14.6965
307	2259208	1	7.94602
307	4429621	2	7.99214
307	3630289	3	8.07569
307	6349245	4	8.41574
307	893423	5	8.52089
307	6216777	6	9.62812
307	3998115	7	10.8918
307	6898818	8	11.5736
307	4454040	9	14.5046
307	5102665	10	15.9223
308	1710405	1	9.33153
308	8317285	2	9.57671
308	4017517	3	10.003
308	1494230	4	10.6971
308	1407092	5	11.2387
308	1768353	6	11.5113
308	3748135	7	13.0265
308	6717637	8	13.2869
308	6717636	9	13.3642
308	1058224	10	14.1363
309	1059849	1	9.14166
309	6139237	2	9.1909
309	6177898	3	9.29917
309	1215340	4	9.44542
309	5981189	5	9.70107
309	6297630	6	9.87879
309	6806525	7	11.5333
309	381873	8	12.3573
309	381874	9	12.5902
309	6057980	10	13.3638
310	255706	1	7.62522
310	3225321	2	7.62668
310	4229809	3	8.17726
310	3266813	4	8.25657
310	4721953	5	9.57903
310	8135361	6	9.72221
310	8123298	7	9.73618
310	5900008	8	9.93737
310	6861172	9	10.617
310	3334755	10	10.6565
311	8626618	1	6.58753
311	8077	2	6.98843
311	6023588	3	7.58412
311	6615189	4	7.90983
311	6026004	5	8.1028
311	1136690	6	8.29046
311	4328559	7	8.45728
311	5445077	8	9.26786
311	5613998	9	9.7086
311	7768224	10	13.2702
312	2008197	1	10.5708
312	6001798	2	10.6136
312	6374892	3	11.2117
312	6707122	4	11.4362
312	3642596	5	11.7211
312	1713666	6	11.9643
312	5137742	7	12.4287
312	6045372	8	13.8334
312	750313	9	14.7735
312	1493811	10	20.0585
313	284246	1	7.44963
313	8461643	2	8.05865
313	7833182	3	8.30248
313	4037848	4	8.30344
313	450393	5	8.8259
313	4962637	6	9.06425
313	3989994	7	10.2352
313	189697	8	10.6482
313	5449891	9	11.1485
313	5449890	10	11.2029
314	4077078	1	9.60319
314	6265999	2	9.97807
314	107820	3	10.077
314	5502715	4	10.2859
314	5400733	5	10.326
314	5428464	6	10.8324
314	2444879	7	11.0576
314	51898	8	11.6655
314	51897	9	11.7813
314	3218929	10	14.8446
315	2683235	1	10.6143
315	1850674	2	10.7877
315	4258284	3	10.9671
315	3537083	4	11.2338
315	2685781	5	11.5412
315	3751332	6	11.9561
315	930008	7	12.4264
315	7771363	8	12.4819
315	6976361	9	13.4262
315	2631911	10	13.4596
316	5093747	1	9.00147
316	1021858	2	9.2206
316	1913234	3	9.79047
316	3965696	4	10.1189
316	2268976	5	10.2047
316	3644002	6	13.136
316	2916432	7	13.4544
316	3643995	8	13.9227
316	6728024	9	14.2735
316	6276292	10	14.3866
317	2945336	1	7.17608
317	1785088	2	7.31826
317	6341382	3	7.81327
317	4024529	4	8.4185
317	5417390	5	9.51714
317	2865585	6	9.59996
317	5166915	7	9.93652
317	3174855	8	10.2337
317	4366503	9	10.2847
317	3774548	10	11.5882
318	63618	1	9.37158
318	2518749	2	9.62583
318	8181701	3	10.2885
318	1115469	4	10.4085
318	5103851	5	11.006
318	8028374	6	11.0633
318	151466	7	12.0061
318	4482839	8	12.4594
318	5167633	9	12.6838
318	3508812	10	13.7095
319	1414888	1	9.12541
319	6817781	2	9.41815
319	8558725	3	9.88539
319	7363709	4	10.0105
319	5861734	5	10.3995
319	8444363	6	10.7519
319	717993	7	12.0614
319	6610502	8	13.0756
319	322792	9	13.4643
319	2877913	10	18.4084
320	1578439	1	9.74122
320	6501874	2	10.1097
320	5505850	3	12.3195
320	2514460	4	14.2536
320	7007571	5	14.9485
320	6649242	6	15.5723
320	7442431	7	15.6872
320	8153599	8	16.891
320	2557256	9	18.9011
320	143331	10	22.71
321	5797304	1	8.84285
321	4738344	2	9.00004
321	1881716	3	9.1405
321	19562	4	9.48844
321	2468144	5	9.6279
321	4474485	6	10.0817
321	5651776	7	10.131
321	4233911	8	12.5174
321	4233908	9	12.5996
321	2518850	10	24.0113
322	4731157	1	6.69831
322	6615189	2	7.03515
322	6026004	3	7.47213
322	5445077	4	7.51749
322	6023588	5	7.58669
322	1136690	6	7.62324
322	8077	7	7.82548
322	5613998	8	7.84814
322	4328559	9	8.27202
322	7768224	10	8.98619
323	7682232	1	5.78596
323	6878945	2	5.78596
323	6941469	3	6.05097
323	1264427	4	6.05509
323	7271153	5	6.2166
323	3357283	6	6.46941
323	37029	7	6.50237
323	4627720	8	6.68356
323	4789860	9	7.5727
323	4789856	10	7.70745
324	6615189	1	6.44605
324	6026004	2	6.46779
324	5445077	3	6.48569
324	1136690	4	6.56868
324	6023588	5	6.65639
324	4731157	6	6.81267
324	5613998	7	6.88023
324	4328559	8	7.38139
324	7768224	9	8.07284
324	8077	10	8.27465
325	6040601	1	9.75207
325	7168094	2	9.8659
325	7138771	3	10.4109
325	2266856	4	10.7225
325	1179493	5	11.9432
325	4636578	6	13.3045
325	6127446	7	13.4912
325	7288512	8	13.9657
325	8161534	9	17.4241
325	8254858	10	20.8604
326	4731157	1	6.34623
326	8077	2	6.84751
326	6023588	3	7.1947
326	6615189	4	7.59662
326	6026004	5	8.0524
326	1136690	6	8.31412
326	4328559	7	8.53498
326	5613998	8	8.57257
326	5445077	9	9.37499
326	7768224	10	11.4083
327	8478365	1	8.63365
327	4393451	2	8.83026
327	8033246	3	9.52655
327	7577974	4	10.0331
327	4426938	5	10.1955
327	499143	6	11.2518
327	5098543	7	11.5629
327	4953836	8	11.8567
327	1475303	9	14.0795
327	6998317	10	14.9756
328	6270087	1	5.13664
328	1148429	2	5.73677
328	1904297	3	6.19093
328	1904295	4	6.69512
328	3515017	5	7.93986
328	8252785	6	8.61612
328	2470143	7	15.0696
328	6492430	8	15.8185
328	1760970	9	16.1821
328	2533004	10	17.0805
329	6576683	1	7.03277
329	6964722	2	7.19551
329	77690	3	8.50935
329	5269789	4	10.4524
329	1013942	5	10.886
329	7825830	6	11.5546
329	7717375	7	12.351
329	5367506	8	12.431
329	2826246	9	16.9706
329	2826245	10	17.0525
330	4042121	1	8.08038
330	7880359	2	8.27615
330	4595756	3	8.5087
330	4895730	4	8.66597
330	5474186	5	8.67887
330	3471043	6	9.53123
330	8351556	7	9.91607
330	299348	8	10.1946
330	5339337	9	15.2241
330	512370	10	18.0874
331	305820	1	5.57441
331	2947861	2	5.96108
331	5051799	3	6.3276
331	1928714	4	6.41947
331	1418531	5	7.07677
331	34339	6	7.21339
331	544257	7	7.28602
331	3556480	8	7.46696
331	7696082	9	8.08183
331	2995101	10	20.6919
332	7720665	1	9.37103
332	7720664	2	9.37271
332	501470	3	9.56881
332	2141814	4	9.79182
332	7399992	5	10.1096
332	5707997	6	11.2476
332	5116022	7	12.1557
332	7996800	8	12.2212
332	419397	9	14.2065
332	5006655	10	21.911
333	4148442	1	10.5047
333	5355092	2	10.5298
333	5380557	3	10.9534
333	390893	4	11.0753
333	6386888	5	11.2323
333	4285805	6	11.295
333	1609692	7	11.4928
333	8581680	8	11.6763
333	5498292	9	12.014
333	2406292	10	13.2883
334	3090725	1	6.9685
334	3607658	2	7.25925
334	3065171	3	7.52159
334	7448773	4	7.58728
334	1470664	5	8.04287
334	4724328	6	8.53952
334	446285	7	9.13548
334	3621862	8	9.75703
334	386935	9	11.7428
334	1709287	10	13.1462
335	3434182	1	10.5729
335	256237	2	10.5872
335	105559	3	10.7079
335	313347	4	11.2047
335	5209815	5	12.4335
335	6713563	6	13.5315
335	5095100	7	13.649
335	5714580	8	13.7221
335	4169870	9	14.6199
335	5278429	10	14.7889
336	1288343	1	5.66715
336	1091266	2	6.31458
336	7587291	3	6.42563
336	1566290	4	6.84967
336	8386281	5	6.91562
336	5017099	6	7.46586
336	7577004	7	9.34267
336	4973455	8	9.76831
336	2537860	9	11.614
336	2564067	10	13.8671
337	2292495	1	11.0784
337	46889	2	11.1692
337	4813127	3	11.5805
337	7080711	4	12.0099
337	6040564	5	12.1781
337	3673610	6	13.2777
337	6956947	7	13.5313
337	2298275	8	13.7187
337	503532	9	15.0177
337	4309805	10	15.2594
338	7001337	1	11.7344
338	1238007	2	12.0876
338	5359683	3	12.416
338	8282312	4	12.9969
338	4252570	5	13.3169
338	385358	6	16.4094
338	5594959	7	17.8148
338	2272117	8	18.6851
338	6235597	9	18.9461
338	821855	10	20.0958
339	5067656	1	12.8051
339	7691925	2	12.8286
339	66747	3	13.4029
339	4383685	4	14.1442
339	949828	5	15.472
339	5467769	6	15.8352
339	8007655	7	16.657
339	4989122	8	17.6447
339	3498035	9	18.8736
339	7600152	10	20.9068
340	8208522	1	8.9456
340	4512593	2	9.59697
340	1098419	3	9.60201
340	4383831	4	9.83877
340	8183545	5	10.6304
340	8109466	6	10.9112
340	366586	7	11.1596
340	4481499	8	11.5112
340	6910433	9	13.2069
340	4362699	10	16.5334
341	3020939	1	6.9653
341	1210809	2	7.12083
341	7130298	3	7.22164
341	3419950	4	9.6666
341	4353060	5	9.99575
341	7665619	6	10.148
341	5062479	7	10.3221
341	1653138	8	10.5146
341	7936920	9	21.6654
341	5125754	10	23.4875
342	51293	1	7.18851
342	1293114	2	7.32604
342	5518872	3	7.35769
342	5138998	4	9.16708
342	1057937	5	9.59899
342	450082	6	10.7146
342	1917594	7	11.737
342	4397352	8	11.9771
342	1739285	9	12.8748
342	1739292	10	12.9223
343	6860458	1	6.20651
343	8360497	2	7.87726
343	6680275	3	8.17089
343	1640303	4	8.41743
343	296151	5	8.5043
343	392071	6	8.5886
343	5051582	7	10.1133
343	5797446	8	10.27
343	6267821	9	10.3496
343	1914744	10	10.8829
344	6512315	1	6.84192
344	8095786	2	7.04579
344	2107161	3	7.11853
344	4716181	4	7.13129
344	2107160	5	7.1873
344	6746918	6	7.91574
344	4977644	7	8.1531
344	5033267	8	8.93398
344	407509	9	9.03317
344	1397633	10	10.7537
345	5589503	1	9.08669
345	6542902	2	9.32879
345	6302198	3	9.39713
345	8297646	4	9.53069
345	8341661	5	9.6027
345	7452542	6	10.0331
345	210193	7	10.3103
345	376822	8	10.9507
345	2480484	9	14.2355
345	2225243	10	15.0057
346	2899344	1	8.51729
346	3841063	2	8.52508
346	4284435	3	8.70067
346	2156909	4	8.75781
346	3759844	5	9.08267
346	4307344	6	9.35215
346	3963285	7	10.0148
346	7403869	8	10.1069
346	6421300	9	10.8741
346	7817509	10	16.1327
347	2440503	1	8.78247
347	7321223	2	9.633
347	653174	3	9.76831
347	7098138	4	11.1036
347	1900614	5	11.6073
347	4340232	6	11.7323
347	653171	7	12.2963
347	4490061	8	13.4435
347	1234508	9	14.6384
347	7557592	10	16.1547
348	6980558	1	6.35485
348	5354548	2	6.61518
348	2015676	3	6.79814
348	3616528	4	6.92344
348	1748563	5	7.42672
348	6208369	6	7.83948
348	5994527	7	8.7904
348	122163	8	8.82187
348	3496757	9	8.87363
348	7873562	10	10.3152
349	6491517	1	9.16905
349	3684383	2	9.19162
349	3462395	3	9.73578
349	1867751	4	11.1715
349	5594079	5	13.351
349	5332904	6	16.2604
349	2221482	7	16.6353
349	122725	8	16.7323
349	1578919	9	17.726
349	952635	10	18.5693
350	6267579	1	10.3537
350	8096799	2	10.5534
350	2037453	3	10.6288
350	301725	4	10.9443
350	6163867	5	11.2425
350	460452	6	12.307
350	259456	7	12.4454
350	1281239	8	12.7477
350	8191668	9	13.2189
350	1543417	10	14.3524
351	1575358	1	6.57779
351	7311060	2	6.5808
351	1014287	3	6.84183
351	1915953	4	6.86133
351	3043671	5	7.49717
351	8421925	6	7.81492
351	7050276	7	8.8741
351	2770450	8	8.88107
351	6872422	9	9.31312
351	8273695	10	10.0834
352	6026004	1	7.36928
352	5445077	2	7.47446
352	1136690	3	7.57754
352	2914562	4	7.58028
352	2617345	5	7.7372
352	4328559	6	7.88712
352	5613998	7	7.9154
352	504245	8	8.31956
352	7768224	9	8.41597
352	8077	10	9.88568
353	7740000	1	6.59027
353	2451971	2	6.68378
353	7549450	3	7.0529
353	5589200	4	7.99565
353	4088605	5	8.06804
353	7693599	6	10.2969
353	6273546	7	10.5421
353	4356432	8	12.3309
353	29709	9	12.4817
353	7141441	10	12.5149
354	6986565	1	7.55903
354	8005276	2	7.56291
354	466453	3	7.89396
354	5751708	4	7.94066
354	1429083	5	8.76883
354	6115106	6	9.50656
354	1226384	7	9.90361
354	6115110	8	10.5564
354	2659315	9	11.0048
354	4392151	10	12.9181
355	7662109	1	9.14222
355	7637242	2	9.14859
355	1071702	3	9.29183
355	6841985	4	9.38964
355	2164035	5	9.63887
355	2032923	6	9.67824
355	6052660	7	10.6288
355	994717	8	12.9653
355	7645580	9	14.8698
355	7118874	10	16.4891
356	6738096	1	8.19168
356	2088760	2	8.35244
356	1678981	3	8.36863
356	6079124	4	8.59499
356	6934452	5	8.65409
356	1580566	6	8.69682
356	2630676	7	8.74953
356	2863336	8	9.12242
356	489421	9	10.0552
356	34597	10	11.3442
357	3824460	1	11.5173
357	4033548	2	12.1843
357	1090180	3	12.7978
357	1666296	4	12.9564
357	3533882	5	13.2312
357	313661	6	14.4572
357	4051120	7	15.3667
357	8203388	8	17.6039
357	5143120	9	17.9797
357	1417187	10	29.3398
358	2704556	1	9.18104
358	4942684	2	9.24509
358	3603402	3	9.24518
358	5178890	4	10.9977
358	5448069	5	11.0348
358	5562643	6	11.788
358	6354043	7	12.4985
358	8230341	8	14.8578
358	7518280	9	14.9737
358	2379265	10	15.7609
359	2832195	1	6.22674
359	1503487	2	6.51372
359	4159844	3	6.76997
359	6069319	4	6.95978
359	8120424	5	9.87152
359	548199	6	11.2706
359	7504079	7	11.4962
359	8425778	8	12.2985
359	429726	9	12.5684
359	4044384	10	17.2817
360	5239767	1	7.44502
360	685613	2	7.51766
360	2227340	3	7.63811
360	3796776	4	8.2837
360	8225132	5	8.77316
360	7572174	6	8.93855
360	285995	7	8.97475
360	5884035	8	9.51586
360	2907376	9	9.70356
360	2793227	10	10.0822
361	533116	1	6.22002
361	1054453	2	6.22491
361	4889440	3	6.29158
361	6159163	4	6.37962
361	313090	5	6.38725
361	1649753	6	6.57437
361	8258506	7	7.1631
361	1535694	8	7.86022
361	7708071	9	21.1739
361	1978668	10	21.4901
362	2893644	1	8.85072
362	8575257	2	9.31038
362	3983761	3	9.39996
362	3020983	4	9.85825
362	2089514	5	10.1093
362	7116649	6	10.3146
362	3437007	7	11.2095
362	6558706	8	11.6716
362	3488026	9	18.7585
362	2119719	10	19.7294
363	3932445	1	7.38311
363	8526182	2	7.5155
363	625095	3	7.80861
363	611500	4	8.01831
363	8493473	5	8.27716
363	5222634	6	8.48595
363	4358479	7	9.46311
363	5078208	8	9.51183
363	7761630	9	9.69443
363	4271888	10	10.028
364	975583	1	10.4278
364	1992120	2	10.5691
364	5769796	3	11.1108
364	4088471	4	11.1179
364	4189113	5	11.3565
364	2712595	6	11.5429
364	67876	7	11.7875
364	2411339	8	12.5161
364	7615069	9	13.1538
364	3522391	10	14.94
365	2684590	1	8.21439
365	3971598	2	8.42287
365	8528383	3	8.5442
365	6219020	4	8.89808
365	6821638	5	8.97092
365	1415400	6	9.51124
365	7902630	7	9.78496
365	3844459	8	9.9829
365	6393929	9	11.1768
365	7156228	10	11.9783
366	997627	1	6.26597
366	4378245	2	6.33741
366	1069650	3	6.63946
366	2900394	4	6.69052
366	4137135	5	6.98401
366	3835747	6	8.59886
366	2102931	7	8.75805
366	2212151	8	9.0249
366	4048719	9	12.1282
366	1670916	10	12.9105
367	8428685	1	3.84239
367	6973302	2	4.93566
367	1921899	3	6.08447
367	6441840	4	6.47046
367	6631647	5	7.10645
367	3019399	6	10.8745
367	4717575	7	11.9171
367	3703004	8	13.9403
367	1064066	9	13.9933
367	3979951	10	22.6627
368	1903082	1	8.79719
368	3616677	2	8.95845
368	5986796	3	9.0177
368	1200439	4	9.27245
368	4249795	5	9.28746
368	1211051	6	10.1417
368	1211053	7	10.1804
368	3854353	8	12.5525
368	940402	9	15.4683
368	2978239	10	17.9972
369	6189791	1	9.12475
369	8620667	2	9.55948
369	2664562	3	9.75164
369	1095335	4	9.79355
369	7165534	5	10.1145
369	1170060	6	10.137
369	2803992	7	12.7972
369	5585116	8	13.244
369	8107586	9	19.011
369	6714591	10	19.2455
370	7655906	1	4.58472
370	571856	2	4.6212
370	5911250	3	4.68489
370	1735953	4	4.87193
370	3370683	5	5.34156
370	1490246	6	6.34184
370	1490243	7	6.35095
370	5280757	8	6.36698
370	2649680	9	6.71714
370	7104998	10	8.15543
371	7136488	1	10.232
371	2962816	2	10.2329
371	8397228	3	10.4544
371	1924580	4	10.9018
371	8560206	5	12.5003
371	8497118	6	12.7958
371	8227935	7	12.8821
371	5231534	8	16.8862
371	8501434	9	16.9107
371	466143	10	17.5238
372	3509187	1	7.52287
372	2671466	2	7.57431
372	2751806	3	8.00224
372	8162837	4	8.30286
372	785521	5	8.33949
372	4008683	6	8.45111
372	8584254	7	8.58083
372	290746	8	8.84327
372	6514939	9	10.8391
372	7660568	10	14.1148
373	2377461	1	9.50052
373	6173277	2	9.56096
373	2713558	3	9.70036
373	6831222	4	9.90143
373	1543830	5	11.3523
373	4118438	6	12.1404
373	1487950	7	14.1331
373	5113568	8	15.1044
373	2801693	9	21.5634
373	3820520	10	22.9302
374	8571279	1	4.93522
374	1436806	2	4.93522
374	5855300	3	5.56434
374	4299335	4	5.78371
374	7814581	5	5.94632
374	4605721	6	6.03624
374	925896	7	6.73182
374	4893156	8	7.3991
374	5331052	9	7.49499
374	3717361	10	22.9703
375	8153155	1	8.27438
375	1014000	2	8.49487
375	822104	3	8.5886
375	2318537	4	8.64195
375	1317984	5	8.73373
375	6269321	6	8.74643
375	6430956	7	8.75908
375	6629896	8	9.64103
375	6160818	9	10.4047
375	7806925	10	12.1954
376	3756966	1	10.7452
376	7027259	2	10.7881
376	8208985	3	11.3399
376	3127617	4	12.0061
376	2196328	5	12.5944
376	7548464	6	12.8611
376	4794035	7	12.882
376	2509353	8	13.1117
376	3775349	9	13.1274
376	4984060	10	14.3418
377	1887401	1	6.69133
377	2677149	2	6.74566
377	1950372	3	6.87291
377	444090	4	7.00984
377	6322256	5	7.11147
377	2916891	6	7.11332
377	8607715	7	7.28137
377	2515980	8	8.3059
377	5621489	9	9.98747
377	5621495	10	10.556
378	3294223	1	10.2652
378	5326186	2	10.6118
378	530740	3	11.0406
378	7423209	4	11.1268
378	7472751	5	11.4045
378	6786576	6	11.7513
378	7469226	7	12.0641
378	4927293	8	12.8673
378	5495840	9	12.9173
378	4524433	10	14.5682
379	1291761	1	10.2484
379	4860443	2	10.4019
379	8173733	3	11.0023
379	4059373	4	11.7168
379	6177210	5	12.1494
379	6903088	6	12.2634
379	5199345	7	13.0236
379	7724757	8	13.576
379	7064829	9	14.1212
379	8637549	10	14.5511
380	5546077	1	10.2436
380	7825277	2	10.2518
380	3901647	3	10.2923
380	4079710	4	10.3711
380	6440673	5	10.8494
380	2759153	6	11.1716
380	4959927	7	11.6548
380	5126346	8	12.0218
380	7880170	9	12.4578
380	2438407	10	14.5703
381	1362827	1	7.14692
381	8320150	2	7.94452
381	7352547	3	7.99661
381	6502967	4	8.20216
381	1719144	5	8.931
381	2446317	6	9.58156
381	5900382	7	10.5391
381	580196	8	11.6905
381	1960311	9	14.2095
381	2652207	10	14.8765
382	1622789	1	6.72701
382	7329428	2	6.7626
382	6810007	3	6.82672
382	2399363	4	6.993
382	6300493	5	6.99804
382	1006123	6	7.15805
382	2963260	7	7.4017
382	3066436	8	8.09979
382	7894032	9	8.51836
382	742867	10	9.75472
383	6126192	1	9.57438
383	4845877	2	9.67206
383	2621980	3	9.74413
383	4799902	4	10.6327
383	4799895	5	11.7367
383	8141087	6	12.4475
383	7848576	7	12.4862
383	7500585	8	12.5271
383	3530019	9	14.0274
383	5311662	10	17.1465
384	3541181	1	6.40788
384	3697308	2	6.47781
384	2515787	3	8.20267
384	5200112	4	8.65921
384	5231313	5	9.19941
384	2654624	6	11.8376
384	6819323	7	12.5308
384	2972705	8	16.3825
384	2068590	9	18.9742
384	2272977	10	19.6076
385	4782898	1	8.61562
385	2527332	2	9.22727
385	4811693	3	9.37595
385	3396479	4	10.113
385	2242086	5	10.9719
385	253586	6	11.0123
385	2386728	7	11.093
385	204131	8	11.1577
385	1873803	9	11.77
385	4337336	10	12.5756
386	4269586	1	5.73865
386	3370380	2	5.74483
386	3826935	3	5.76716
386	7446482	4	6.04725
386	4259544	5	6.59708
386	2504071	6	6.88048
386	1219183	7	7.93926
386	5438113	8	8.63183
386	2190828	9	8.6498
386	358606	10	9.3455
387	2318537	1	7.72709
387	1317984	2	7.77268
387	799775	3	7.79217
387	6269321	4	7.82424
387	7806925	5	8.07901
387	6629896	6	8.10631
387	6160818	7	8.15232
387	6430956	8	8.44298
387	8153155	9	8.47252
387	822104	10	9.16895
388	1465477	1	9.21927
388	6904313	2	9.52864
388	7618408	3	9.76048
388	7352733	4	10.4758
388	1097051	5	10.6624
388	5086173	6	10.6725
388	7963234	7	10.8254
388	3779442	8	12.1073
388	1538988	9	13.2763
388	8570294	10	13.3249
389	6027613	1	5.58217
389	7868638	2	5.71981
389	5408418	3	5.94669
389	7009278	4	6.02389
389	1362666	5	6.23769
389	1660108	6	6.23983
389	3302801	7	6.49736
389	3302800	8	6.66881
389	7917826	9	7.39812
389	5005798	10	17.0505
390	5657893	1	6.12022
390	5994055	2	6.25723
390	1887401	3	6.34408
390	4851254	4	6.38575
390	444090	5	6.50591
390	5473377	6	6.53109
390	874515	7	6.70285
390	7349910	8	6.92132
390	2916891	9	6.93011
390	1950372	10	7.00689
391	3480992	1	6.46937
391	1669970	2	6.62656
391	7165524	3	6.69549
391	1371537	4	6.71944
391	7685673	5	6.72981
391	6349649	6	6.79908
391	3966223	7	7.18571
391	1076987	8	7.53141
391	7174939	9	7.9281
391	5433020	10	7.99147
392	2941818	1	7.10426
392	5342158	2	7.63871
392	3909491	3	7.84468
392	3909494	4	8.025
392	3950851	5	9.01021
392	3380329	6	9.09455
392	1129424	7	9.46162
392	6822283	8	24.4718
392	3047399	9	27.133
392	7865851	10	31.1856
393	6928932	1	6.56049
393	3694167	2	6.64713
393	1630309	3	6.68717
393	1586887	4	6.79644
393	8565493	5	6.87146
393	610207	6	6.87983
393	6943120	7	6.95727
393	4960953	8	8.14012
393	5838377	9	9.4704
393	5838375	10	9.59486
394	1125991	1	8.93948
394	5898983	2	9.01646
394	7264739	3	9.38706
394	903400	4	12.4763
394	4593845	5	13.2192
394	2429191	6	13.5818
394	1763335	7	14.0708
394	7941208	8	14.2377
394	4832974	9	14.9149
394	8606292	10	17.7108
395	7188715	1	6.38586
395	8205543	2	6.79023
395	2624827	3	6.84804
395	2667781	4	7.48583
395	8186393	5	8.17818
395	5291903	6	8.26595
395	5291906	7	8.52879
395	6648165	8	8.78567
395	4037127	9	8.86954
395	7701414	10	22.0249
396	3468109	1	10.157
396	5017148	2	10.3624
396	1638460	3	10.5126
396	6721390	4	11.4171
396	7968900	5	11.4784
396	1730583	6	12.5474
396	2004676	7	12.6432
396	7955908	8	13.3501
396	3265289	9	17.1068
396	4426317	10	17.9418
397	1908401	1	10.6929
397	6612433	2	10.8541
397	2008693	3	11.1695
397	7166793	4	12.1354
397	7433519	5	12.5718
397	2649653	6	12.8844
397	1467527	7	12.9425
397	4640499	8	13.9902
397	4027339	9	15.8661
397	3613121	10	19.0302
398	4885627	1	10.6645
398	1606708	2	10.6958
398	756864	3	11.003
398	5901416	4	11.0327
398	6797860	5	11.9489
398	8236569	6	12.0171
398	8252350	7	13.9339
398	7381672	8	14.787
398	2327687	9	14.7978
398	5737111	10	15.3067
399	8084975	1	9.94854
399	7609137	2	10.0661
399	4760437	3	10.14
399	5838190	4	10.1495
399	5527292	5	10.2203
399	8249374	6	10.6683
399	2442496	7	11.1746
399	2442497	8	12.1787
399	5857703	9	12.6355
399	5683991	10	17.4406
400	7390509	1	11.757
400	3200443	2	11.945
400	4154425	3	13.305
400	7326809	4	13.3477
400	2378371	5	13.8456
400	3018496	6	13.9046
400	2378367	7	14.1503
400	4868927	8	14.2321
400	4746424	9	15.5968
400	4699946	10	18.926
401	8048991	1	7.34155
401	6591367	2	7.35421
401	8236490	3	7.37645
401	2217720	4	7.6052
401	3931904	5	7.62007
401	4518577	6	7.69489
401	2863969	7	7.87334
401	7905753	8	10.3404
401	2217728	9	11.16
401	2102597	10	12.8895
402	643942	1	10.3329
402	3219942	2	10.397
402	4961303	3	10.4061
402	7600534	4	10.4463
402	3407440	5	11.0848
402	201761	6	11.8811
402	275152	7	12.6777
402	7217108	8	12.6986
402	6411888	9	12.8963
402	1710002	10	13.0022
403	418148	1	7.7131
403	5391223	2	8.1415
403	2312234	3	8.32249
403	3746771	4	8.82287
403	7437540	5	9.73451
403	174642	6	11.7958
403	6650822	7	15.3559
403	5459159	8	15.4854
403	7437541	9	16.8623
403	767601	10	18.133
404	8366310	1	7.55131
404	535261	2	7.68513
404	1676877	3	7.8201
404	2073170	4	8.07612
404	3496690	5	8.9848
404	2625635	6	9.18491
404	6859387	7	9.87779
404	6023209	8	10.1609
404	7701668	9	11.8408
404	5573742	10	11.9793
405	3832678	1	10.3541
405	6948241	2	10.3996
405	6082119	3	10.5203
405	5147493	4	10.6202
405	3050984	5	10.7336
405	4605408	6	11.2668
405	7830204	7	11.4766
405	5525050	8	13.0708
405	2414829	9	14.7445
405	1541395	10	14.8696
406	2016363	1	7.21358
406	3504825	2	7.63095
406	2663815	3	8.21575
406	6861552	4	9.09719
406	7023416	5	9.28858
406	6223066	6	9.4545
406	6947132	7	9.81058
406	4498223	8	11.0926
406	8148961	9	12.7314
406	1635580	10	12.7765
407	6288011	1	7.4394
407	5482745	2	7.60867
407	1013492	3	7.637
407	208260	4	7.71243
407	8486200	5	8.21983
407	412237	6	8.37381
407	2985487	7	8.6772
407	1216602	8	9.08809
407	504160	9	9.35755
407	3684780	10	9.63265
408	734060	1	6.52427
408	6917890	2	6.56032
408	6132561	3	6.76401
408	3014214	4	6.88559
408	1775973	5	7.4456
408	7838321	6	7.56817
408	7636926	7	7.98283
408	4235252	8	10.8882
408	7072750	9	11.1453
408	2176932	10	11.9053
409	6654547	1	12.3202
409	4510761	2	12.3776
409	457793	3	12.9185
409	1380167	4	13.1068
409	1234223	5	14.8556
409	6587863	6	15.0811
409	6621164	7	15.5746
409	8356984	8	15.8224
409	2197272	9	16.5752
409	4938697	10	16.7561
410	6621164	1	6.184
410	5603493	2	6.72421
410	5087422	3	6.84005
410	457793	4	7.02136
410	93139	5	7.14812
410	7137110	6	7.68422
410	2400190	7	8.31902
410	7876446	8	9.54845
410	8356984	9	9.61595
410	6587863	10	9.94909
411	5528860	1	6.38083
411	8302415	2	6.71629
411	7170143	3	6.79631
411	7624343	4	8.11543
411	2190475	5	8.22102
411	1612408	6	10.1088
411	6463613	7	11.8065
411	5784670	8	12.1301
411	6372728	9	12.7093
411	1549863	10	14.1258
412	1259713	1	11.1623
412	1157745	2	11.2212
412	418647	3	11.3363
412	3210347	4	11.5198
412	3171224	5	12.844
412	3981171	6	13.435
412	971903	7	13.7376
412	1031590	8	14.3805
412	4394	9	16.978
412	4591359	10	17.9285
413	644090	1	8.92096
413	6666219	2	9.02691
413	1077576	3	9.16786
413	8074387	4	9.89128
413	6159766	5	9.92738
413	1393788	6	10.4872
413	3903208	7	10.7155
413	1393789	8	10.8197
413	7479380	9	11.1988
413	1022418	10	12.98
414	7652781	1	6.31188
414	1204070	2	6.35735
414	5683909	3	6.45384
414	8210368	4	6.91592
414	5185190	5	7.48247
414	7519323	6	7.58997
414	455832	7	8.2269
414	830044	8	9.41811
414	1561076	9	9.63541
414	6731271	10	15.23
415	7170143	1	7.00278
415	8302415	2	7.2504
415	7411427	3	7.36893
415	7624343	4	8.33899
415	2190475	5	8.4182
415	1612408	6	11.974
415	5784670	7	13.4395
415	6463613	8	13.7024
415	6372728	9	15.4399
415	1549863	10	17.8908
416	7929512	1	6.93765
416	2105358	2	7.00277
416	8474783	3	7.08606
416	5620758	4	7.11879
416	6396613	5	7.22053
416	2543662	6	7.55972
416	2834859	7	8.21572
416	6267981	8	10.9484
416	6267982	9	11.094
416	2381055	10	15.579
417	8302415	1	6.79763
417	7170143	2	6.87485
417	7624343	3	8.21371
417	2190475	4	8.28711
417	7411427	5	11.4436
417	1612408	6	11.7876
417	6372728	7	13.0166
417	1549863	8	13.37
417	6463613	9	13.712
417	5784670	10	14.155
418	2568382	1	8.05852
418	8005535	2	8.10378
418	5720361	3	8.13206
418	5357856	4	8.40107
418	5694642	5	9.04953
418	4350513	6	9.27913
418	7073669	7	9.37854
418	5595379	8	9.68476
418	1796299	9	11.0267
418	4637005	10	11.9504
419	105345	1	5.07016
419	6648321	2	5.11437
419	8289832	3	5.20166
419	4836034	4	5.37318
419	4085472	5	5.39633
419	4357908	6	5.47021
419	2517965	7	5.6799
419	7604999	8	6.07575
419	3537084	9	6.09709
419	6305546	10	8.0618
420	5284651	1	9.33103
420	557278	2	9.71679
420	5284643	3	9.81762
420	373865	4	9.83853
420	7456921	5	9.95044
420	416961	6	9.99987
420	2920782	7	10.2594
420	6541833	8	10.4804
420	7398250	9	10.6872
420	1515563	10	12.3927
421	3744621	1	8.12226
421	8099754	2	8.23074
421	5251168	3	8.40865
421	1421837	4	8.40907
421	7856813	5	9.07376
421	3808130	6	9.30989
421	468666	7	9.37298
421	3662374	8	9.45421
421	2991955	9	9.65438
421	8123826	10	21.3002
422	8155328	1	7.7871
422	2542121	2	8.52563
422	1426934	3	8.56158
422	3321479	4	9.8964
422	4796395	5	9.92482
422	2317610	6	10.2032
422	5429186	7	10.8505
422	2138894	8	11.6449
422	4434439	9	12.9654
422	2076633	10	13.691
423	7180264	1	7.69838
423	3544824	2	7.8955
423	8256529	3	10.4146
423	1081066	4	11.3175
423	6435210	5	11.452
423	395449	6	11.4665
423	2767528	7	11.4755
423	7016741	8	12.035
423	5734370	9	14.1936
423	7281078	10	14.444
424	6747968	1	14.0441
424	6305530	2	14.6204
424	6305531	3	14.6559
424	8274760	4	14.9091
424	8274756	5	15.5791
424	2021022	6	16.0696
424	3385318	7	17.2755
424	5805338	8	17.3854
424	3743299	9	18.4164
424	2599307	10	19.5057
425	1678542	1	5.34853
425	7390274	2	5.44385
425	998236	3	5.59934
425	7243973	4	5.63488
425	4993375	5	6.01264
425	5394968	6	6.17601
425	7882678	7	6.40721
425	8029780	8	8.70033
425	8029771	9	8.73478
425	7472346	10	8.77806
426	3649306	1	8.34898
426	5009044	2	8.46423
426	1732305	3	8.49633
426	1291363	4	8.50738
426	4416333	5	8.78934
426	1010593	6	8.79994
426	5976315	7	9.63647
426	111518	8	10.9083
426	111522	9	11.4366
426	4886326	10	23.0787
427	3480927	1	5.02782
427	1865343	2	5.07673
427	7599894	3	5.19065
427	1184477	4	5.33694
427	3408496	5	5.33694
427	7898805	6	5.64062
427	5550236	7	5.66187
427	6066089	8	6.66816
427	2504483	9	9.29416
427	7192793	10	11.2593
428	6907722	1	6.06312
428	2557551	2	6.15848
428	8133707	3	6.3359
428	7051809	4	6.44772
428	101598	5	6.87361
428	536363	6	7.19082
428	3816229	7	7.48712
428	8408054	8	7.58892
428	7085997	9	7.61157
428	7085989	10	8.16683
429	338560	1	8.1302
429	1774799	2	8.24203
429	6796727	3	8.66205
429	3911380	4	9.06704
429	7954225	5	9.24971
429	2095346	6	9.72529
429	4249071	7	11.5138
429	3242162	8	12.2132
429	4896999	9	14.2183
429	4896998	10	15.1363
430	4815486	1	8.61228
430	1082108	2	8.63048
430	5151421	3	8.91409
430	3597274	4	9.14028
430	3359110	5	9.61861
430	7446617	6	10.0728
430	8487299	7	10.4787
430	7138538	8	10.9927
430	8487305	9	11.6915
430	3297342	10	13.2678
431	1211557	1	6.13529
431	8390083	2	6.50899
431	3723991	3	6.5983
431	7289077	4	6.65265
431	993863	5	7.2594
431	3443223	6	7.27089
431	8530003	7	7.72175
431	1256798	8	9.10927
431	323892	9	11.5726
431	6630381	10	13.5671
432	2883804	1	7.58156
432	8091083	2	7.76578
432	2286376	3	8.27812
432	1103787	4	8.40815
432	8589419	5	10.0951
432	1460401	6	10.7368
432	5565333	7	13.2672
432	6531314	8	14.5815
432	8125620	9	18.9003
432	3731615	10	20.6958
433	2164035	1	9.74396
433	1071702	2	9.75348
433	2032923	3	9.77933
433	7532531	4	9.92275
433	591759	5	10.3096
433	6052660	6	13.1349
433	994717	7	13.4145
433	8637060	8	15.2383
433	6841985	9	15.9979
433	7118874	10	17.3299
434	58001	1	6.0513
434	7446482	2	6.21608
434	1219183	3	6.55976
434	3370380	4	6.77741
434	793107	5	6.87459
434	1778383	6	7.04439
434	4259544	7	8.47374
434	5438113	8	9.61299
434	2190828	9	9.61897
434	6884649	10	11.7397
435	294672	1	11.1142
435	3246746	2	11.5227
435	7031258	3	11.6338
435	4930784	4	11.7136
435	8283518	5	12.2491
435	7020019	6	12.787
435	1214967	7	12.9831
435	4306669	8	13.2256
435	359596	9	13.6521
435	4566145	10	13.8802
436	2200034	1	6.413
436	1066526	2	6.52497
436	3362882	3	6.58706
436	7111764	4	6.79258
436	2686795	5	6.81405
436	4587957	6	7.41143
436	3345664	7	7.87597
436	1286389	8	8.28929
436	5892075	9	10.4797
436	6786908	10	12.2089
437	2436709	1	7.24408
437	7286426	2	7.50301
437	1499791	3	7.80276
437	7320276	4	7.80723
437	5867345	5	8.31573
437	5822667	6	8.35957
437	3063895	7	8.69289
437	2611736	8	9.05198
437	5663568	9	9.48464
437	5583127	10	11.3371
438	2742008	1	7.98905
438	3488632	2	8.03065
438	4754520	3	8.14187
438	3344007	4	8.14713
438	4642656	5	8.28955
438	1141978	6	8.40036
438	2885936	7	8.45009
438	7674892	8	9.74466
438	2470051	9	10.4221
438	7742895	10	10.5719
439	6938054	1	9.00714
439	4961303	2	9.2657
439	3219942	3	9.4203
439	7600534	4	10.6987
439	275152	5	11.7174
439	7217108	6	11.7348
439	43455	7	13.3819
439	3407440	8	13.7133
439	643942	9	13.7543
439	201761	10	18.0992
440	5412686	1	12.2276
440	1776360	2	12.2836
440	7875786	3	12.5399
440	3560004	4	12.713
440	6317295	5	12.7536
440	3715905	6	13.9891
440	6096039	7	14.3558
440	6351487	8	17.7358
440	3536978	9	20.9362
440	6136732	10	21.7687
441	7699347	1	7.14548
441	6607647	2	7.36358
441	5939970	3	7.54544
441	1539069	4	7.78208
441	4106375	5	8.20281
441	1845579	6	10.1028
441	467855	7	10.7082
441	43594	8	11.0305
441	3218093	9	11.2184
441	6896240	10	13.0802
442	7713477	1	10.8454
442	188958	2	11.079
442	1338677	3	11.5144
442	5148758	4	12.0082
442	2860464	5	12.9436
442	1614671	6	13.2826
442	5466783	7	14.1126
442	1790941	8	15.4512
442	3660097	9	21.2034
442	1882712	10	21.9648
443	8593960	1	11.4688
443	673728	2	11.5118
443	2651344	3	11.5279
443	306228	4	11.5504
443	7126572	5	12.155
443	617100	6	12.9917
443	8297242	7	13.1727
443	1126568	8	14.0347
443	8377609	9	14.0837
443	8108714	10	14.1793
444	4953836	1	10.8624
444	2196198	2	11.1924
444	7109975	3	11.4329
444	7163690	4	11.7173
444	3986739	5	11.9993
444	6090540	6	12.5122
444	6728586	7	12.88
444	2498257	8	13.5738
444	4938077	9	15.8224
444	7577974	10	17.7038
445	3056746	1	9.67935
445	7682957	2	10.1892
445	3342208	3	10.3296
445	1960946	4	10.8202
445	1114695	5	11.3565
445	2907926	6	12.5414
445	4296422	7	13.0286
445	4296420	8	13.8903
445	3405515	9	16.582
445	3513175	10	21.5869
446	3771189	1	13.6824
446	6830226	2	13.8833
446	225905	3	13.9582
446	3994666	4	14.0409
446	7478972	5	14.2953
446	2741041	6	14.3785
446	6239239	7	14.6368
446	2270236	8	14.9263
446	2600445	9	15.4347
446	2363928	10	15.7609
447	5419819	1	9.80727
447	5653108	2	9.81952
447	4412545	3	10.0077
447	460338	4	10.0795
447	6466747	5	10.2181
447	6863452	6	11.2104
447	903654	7	11.261
447	3380653	8	11.3077
447	1184963	9	11.3308
447	5199699	10	13.3824
448	8229127	1	5.27199
448	4626356	2	5.3445
448	93454	3	5.47412
448	1625222	4	5.52705
448	7352589	5	5.60158
448	4657338	6	5.77315
448	5203031	7	6.45835
448	6163229	8	7.13525
448	5214939	9	7.15479
448	2165827	10	10.3089
449	4637796	1	7.56309
449	3040217	2	9.36749
449	3464762	3	9.47379
449	3464769	4	9.82758
449	877813	5	11.8135
449	8591986	6	13.0888
449	8581820	7	14.3382
449	1520664	8	18.7176
449	2297815	9	18.8706
449	1457428	10	21.2566
450	7460291	1	6.28792
450	389064	2	6.51141
450	2594217	3	6.72292
450	3783485	4	6.75659
450	307152	5	7.06428
450	3334211	6	7.32932
450	499880	7	7.51363
450	8215309	8	9.257
450	2939246	9	13.0661
450	1258756	10	19.2757
451	4352100	1	10.1561
451	2768363	2	10.8055
451	1466134	3	10.9657
451	3225443	4	11.2817
451	1828876	5	11.4972
451	369731	6	11.9426
451	495073	7	11.9442
451	1852465	8	12.793
451	4831311	9	15.5324
451	1555388	10	18.6467
452	6041491	1	7.03403
452	1008157	2	7.12189
452	8225471	3	7.1649
452	2921922	4	7.44807
452	137637	5	7.56864
452	8077824	6	8.39481
452	2430672	7	9.01941
452	6216397	8	9.17255
452	3270250	9	9.36408
452	341027	10	11.087
453	3278794	1	10.7256
453	7001016	2	10.9341
453	5480974	3	11.1367
453	7001011	4	11.2771
453	2396838	5	11.7598
453	5451439	6	13.0892
453	346465	7	13.5959
453	7751065	8	14.1769
453	7521101	9	14.4062
453	7916417	10	21.7901
454	6114519	1	6.31675
454	1704232	2	6.65179
454	7922975	3	6.72024
454	8163654	4	7.01795
454	4640244	5	7.03008
454	8376658	6	7.05561
454	440092	7	7.11502
454	8554662	8	7.17254
454	6038598	9	7.93138
454	8004438	10	7.94474
455	6903005	1	8.1121
455	2745074	2	8.46376
455	1927335	3	8.9557
455	6371651	4	9.03549
455	5751537	5	9.26266
455	5760572	6	10.1461
455	2806972	7	10.1626
455	7738763	8	10.2857
455	940746	9	10.8586
455	3631576	10	10.9415
456	2281292	1	11.211
456	6372728	2	12.6487
456	6463613	3	12.9298
456	5784670	4	12.9601
456	1549863	5	13.0119
456	1934105	6	13.31
456	5372088	7	13.3347
456	5195836	8	13.8885
456	2617001	9	17.0886
456	4052441	10	17.571
457	1473475	1	7.55546
457	2061305	2	7.6567
457	549879	3	7.65803
457	3276455	4	8.55379
457	7557842	5	9.64968
457	4768432	6	10.2271
457	6190246	7	10.6378
457	579373	8	10.7433
457	6855001	9	11.8328
457	5908643	10	12.0882
458	6408265	1	11.894
458	1912510	2	11.9428
458	4714980	3	11.9766
458	173551	4	12.0211
458	1396241	5	12.4157
458	5516383	6	12.6543
458	4576777	7	13.9682
458	3998976	8	14.2909
458	8485776	9	14.7585
458	2332836	10	14.9674
459	2592135	1	9.95407
459	8031243	2	10.2125
459	7983474	3	10.2827
459	7899802	4	10.3843
459	7238267	5	11.0766
459	7429417	6	11.94
459	4389100	7	12.0845
459	7549373	8	12.2303
459	3494872	9	17.2547
459	545790	10	17.5901
460	7411427	1	6.49721
460	8302415	2	6.81041
460	7170143	3	6.87571
460	7624343	4	8.22916
460	2190475	5	8.3027
460	1612408	6	11.0697
460	6372728	7	12.9003
460	1549863	8	13.0337
460	6463613	9	13.0422
460	5784670	10	19.6984
461	5313826	1	2.27366
461	1068954	2	3.12766
461	5766729	3	5.77701
461	7321199	4	6.27744
461	3782814	5	6.77245
461	5007867	6	7.05127
461	7725632	7	7.60226
461	125131	8	7.7271
461	7927770	9	9.96076
461	2182997	10	9.99367
462	3690293	1	7.89208
462	3412191	2	8.04613
462	3510084	3	8.23687
462	2206528	4	8.97924
462	2176808	5	9.15949
462	2269649	6	9.16184
462	1515135	7	10.0059
462	5845191	8	11.2471
462	976346	9	12.0462
462	6294454	10	12.7139
463	2592451	1	9.96924
463	4335955	2	10.1301
463	6689216	3	10.2604
463	3645195	4	10.4803
463	669909	5	10.6551
463	5960733	6	10.7678
463	1371239	7	13.0771
463	649062	8	13.1114
463	539738	9	14.461
463	5722058	10	19.2645
464	8297242	1	10.0786
464	7126572	2	10.1749
464	8377609	3	10.2079
464	2651344	4	10.2453
464	6054968	5	10.3491
464	617100	6	10.5045
464	6662225	7	10.5718
464	1126568	8	10.919
464	673728	9	11.0051
464	8593960	10	11.4372
465	1734727	1	8.06296
465	7911280	2	8.12491
465	6737944	3	8.3367
465	7849346	4	8.52582
465	1475344	5	9.23941
465	1870639	6	10.0691
465	5789558	7	10.1314
465	6507431	8	10.659
465	3124917	9	11.0648
465	4413392	10	11.3785
466	8302415	1	6.65107
466	7170143	2	6.70609
466	5528860	3	6.93055
466	7624343	4	8.03663
466	2190475	5	8.10844
466	1612408	6	10.6849
466	6372728	7	12.3278
466	1549863	8	12.5685
466	6463613	9	12.7378
466	5784670	10	12.9627
467	6883812	1	8.54771
467	537845	2	8.77051
467	5317715	3	8.95421
467	7983831	4	9.22704
467	7983830	5	9.23878
467	915322	6	9.33258
467	915329	7	9.3509
467	8538226	8	9.47441
467	6087789	9	9.71447
467	6586192	10	10.4776
468	8302415	1	6.51919
468	7170143	2	6.59421
468	6242212	3	6.74777
468	7624343	4	7.87727
468	2190475	5	7.94766
468	1612408	6	10.2374
468	6463613	7	12.1639
468	5784670	8	12.4692
468	6372728	9	12.5261
468	1549863	10	12.693
469	7991821	1	9.32095
469	5395582	2	9.32136
469	2828631	3	9.37607
469	8487084	4	9.37947
469	151188	5	9.52471
469	2126987	6	9.59289
469	2051679	7	9.70909
469	8025523	8	10.4782
469	6270801	9	14.2638
469	1251813	10	16.4134
470	8302415	1	6.88276
470	7170143	2	7.01686
470	7411427	3	7.31043
470	2190475	4	8.39089
470	7624343	5	9.11908
470	1612408	6	11.2287
470	5784670	7	12.3701
470	6463613	8	12.7327
470	1549863	9	19.4417
470	6372728	10	19.8464
471	3038015	1	7.74792
471	31978	2	8.49744
471	4915122	3	8.82179
471	8322653	4	9.17503
471	3586652	5	9.43189
471	5905133	6	9.61031
471	1531368	7	10.5896
471	8448861	8	10.6294
471	3592754	9	13.4144
471	8432400	10	17.3647
472	7364433	1	6.16639
472	2510966	2	6.2902
472	2835969	3	6.30442
472	8618806	4	6.33843
472	5414338	5	6.35917
472	3344474	6	6.43019
472	4709237	7	7.37152
472	7957550	8	9.33582
472	1881131	9	9.81284
472	1479060	10	10.63
473	174642	1	6.56361
473	3746771	2	6.56361
473	6650822	3	7.16639
473	2707615	4	7.91741
473	6401538	5	9.08383
473	2312234	6	9.13768
473	7437541	7	12.3873
473	7437540	8	12.6804
473	1558869	9	14.8441
473	418148	10	15.3476
474	1846418	1	8.83475
474	5002044	2	8.94149
474	3058029	3	9.29964
474	6178276	4	9.64445
474	6355538	5	9.74069
474	3079462	6	10.8842
474	7248165	7	11.1182
474	5671365	8	11.2005
474	3760196	9	12.5891
474	2881347	10	13.6022
475	2925848	1	8.31117
475	4319982	2	8.61303
475	3597663	3	8.96916
475	6346324	4	10.011
475	75817	5	10.2201
475	3943153	6	10.228
475	2900711	7	10.3539
475	3998412	8	10.5095
475	2853655	9	12.7753
475	2525667	10	13.5928
476	8626618	1	7.01046
476	6023588	2	7.3416
476	8077	3	7.84111
476	6615189	4	7.98867
476	5613998	5	8.65983
476	5445077	6	8.87564
476	6026004	7	8.90976
476	1136690	8	9.0425
476	7768224	9	9.07648
476	4328559	10	9.32004
477	2556723	1	6.2449
477	5498609	2	6.88948
477	2149738	3	6.94385
477	3884491	4	7.63885
477	4552727	5	8.92889
477	4552720	6	9.02969
477	1108172	7	9.82045
477	1719751	8	10.449
477	137604	9	11.028
477	718534	10	13.0931
478	5218084	1	8.4793
478	8513686	2	9.47104
478	2815795	3	9.80651
478	2835351	4	9.92709
478	2774547	5	10.6067
478	2602318	6	10.725
478	5635638	7	11.8687
478	3827184	8	13.9387
478	4000937	9	14.4095
478	2730930	10	16.6328
479	5462022	1	6.78603
479	127379	2	7.06212
479	7841729	3	7.06212
479	226488	4	7.06293
479	2513688	5	7.61247
479	4725408	6	8.31469
479	5773365	7	8.98947
479	1827009	8	8.99561
479	322966	9	9.65729
479	5386564	10	9.92204
480	6666818	1	10.3453
480	4256337	2	10.6099
480	1164290	3	11.0909
480	934066	4	11.3132
480	6954300	5	11.797
480	137121	6	11.7999
480	1388314	7	11.8784
480	487024	8	12.6707
480	5897014	9	13.8121
480	1644244	10	14.9578
481	619885	1	7.8841
481	392721	2	7.993
481	4431795	3	8.13517
481	3573933	4	8.17741
481	4863359	5	8.19958
481	5780568	6	8.24176
481	2023873	7	8.30438
481	2537413	8	8.42933
481	7413458	9	10.0702
481	7163604	10	13.9406
482	4053100	1	5.3275
482	7636110	2	5.35725
482	1289673	3	5.45756
482	5377399	4	5.80857
482	5136443	5	6.08575
482	2762751	6	6.08613
482	2798944	7	6.15911
482	3374146	8	6.28168
482	8224923	9	7.08988
482	7376428	10	7.10939
483	7665575	1	4.48075
483	3471427	2	4.8272
483	3348218	3	4.8435
483	3174757	4	5.11519
483	5545396	5	5.12604
483	4065779	6	5.19284
483	2087103	7	5.24778
483	517652	8	5.28711
483	7566544	9	5.28867
483	4664545	10	5.30748
484	5760213	1	6.29308
484	6162790	2	6.91734
484	7847668	3	7.00993
484	6674212	4	7.74349
484	2124051	5	7.92039
484	5997077	6	7.9727
484	4239759	7	9.07163
484	6084550	8	11.3954
484	753242	9	11.6415
484	2424806	10	11.8699
485	7121306	1	12.5393
485	4866613	2	12.5711
485	8029121	3	13.2487
485	4058573	4	13.3211
485	1778557	5	13.8054
485	8029116	6	13.9292
485	6363150	7	14.2694
485	7498776	8	14.358
485	2063993	9	14.4062
485	8246072	10	17.0688
486	6895062	1	6.66376
486	5272934	2	7.01922
486	5550236	3	7.43072
486	602887	4	7.43261
486	2106254	5	8.68583
486	655130	6	9.63133
486	122450	7	10.018
486	5456335	8	11.3709
486	3541040	9	11.4906
486	4175289	10	11.6217
487	193151	1	10.6412
487	8064621	2	10.7501
487	3736791	3	10.7815
487	2893908	4	10.8167
487	7630316	5	11.3991
487	639783	6	11.7171
487	6530575	7	12.9107
487	6740242	8	13.7048
487	6740250	9	13.7837
487	97843	10	14.5729
488	3438749	1	6.76586
488	1293491	2	7.09471
488	6307517	3	7.39351
488	3510010	4	7.59623
488	6683255	5	7.87077
488	1949035	6	8.2406
488	6301081	7	8.32926
488	3206587	8	8.95843
488	599135	9	10.3786
488	2402664	10	10.4999
489	3533944	1	6.70073
489	122416	2	6.78043
489	6371398	3	6.90571
489	2924453	4	7.25301
489	1649615	5	7.39994
489	796039	6	8.03014
489	3357932	7	8.84061
489	728693	8	9.3556
489	6651355	9	14.1633
489	8113796	10	17.9392
490	4115444	1	8.88037
490	6433126	2	10.7784
490	6607266	3	11.6859
490	4964696	4	11.9087
490	4936374	5	11.9767
490	199323	6	12.412
490	7669759	7	13.3686
490	4534049	8	13.41
490	1618817	9	14.6091
490	4031199	10	14.7372
491	4291446	1	8.63061
491	3171653	2	8.69286
491	3849420	3	8.80242
491	8377281	4	8.84915
491	6323122	5	8.89553
491	2789209	6	10.4184
491	4692521	7	10.4495
491	6806602	8	12.9796
491	4745703	9	14.8589
491	1340537	10	15.2892
492	3646259	1	7.97431
492	2237020	2	8.2027
492	5364775	3	8.28994
492	1928813	4	10.0527
492	6861335	5	10.1391
492	1641599	6	10.2889
492	1340262	7	11.5977
492	309544	8	11.6639
492	1798401	9	12.3149
492	5198386	10	12.7362
493	2406847	1	7.41869
493	8259640	2	7.64041
493	3020510	3	8.36466
493	3250964	4	10.9137
493	3250960	5	10.9793
493	5576713	6	11.9882
493	5719662	7	16.6002
493	4019035	8	17.3895
493	3756049	9	18.2602
493	5017484	10	18.3729
494	5270690	1	8.63447
494	6001798	2	8.89793
494	3293119	3	9.05477
494	1493811	4	10.3802
494	6707122	5	10.6688
494	6374892	6	11.0036
494	6045372	7	11.8753
494	3642596	8	11.8859
494	1713666	9	12.5107
494	5137742	10	13.7685
495	4183374	1	12.6302
495	4528579	2	12.8654
495	2925848	3	13.0733
495	3943153	4	13.1308
495	4319982	5	13.8232
495	1413031	6	13.8821
495	75817	7	15.1569
495	3597663	8	16.4388
495	3998412	9	19.7372
495	2900711	10	19.9687
496	7795403	1	7.54523
496	7859731	2	7.89915
496	4528560	3	8.35162
496	6650881	4	8.35404
496	868305	5	8.52171
496	5700756	6	8.94479
496	1772757	7	9.37172
496	5549399	8	10.2841
496	5381182	9	10.8464
496	7341282	10	23.154
497	5299140	1	6.3685
497	4445105	2	7.74006
497	6666704	3	7.79558
497	374651	4	7.8653
497	6181302	5	8.13028
497	857558	6	8.19499
497	7694559	7	12.5223
497	4485197	8	13.4933
497	6324280	9	17.7752
497	7094975	10	19.7913
498	4943178	1	8.85003
498	8448473	2	8.88756
498	3487706	3	8.94047
498	5099669	4	9.41089
498	5926413	5	9.75072
498	34183	6	10.4772
498	4635908	7	12.2042
498	4069628	8	12.444
498	3313398	9	14.2249
498	607194	10	20.6905
499	4999515	1	9.18559
499	4136515	2	9.8511
499	3235389	3	10.1533
499	2821560	4	10.7327
499	4959460	5	11.9025
499	522372	6	12.074
499	2411071	7	12.3015
499	8513080	8	12.8716
499	2827415	9	13.3834
499	7477285	10	20.3746
500	4843088	1	5.37457
500	7986934	2	5.69882
500	7435036	3	5.78165
500	2238124	4	5.85143
500	5430091	5	5.9866
500	6644608	6	6.09117
500	114079	7	6.56774
500	2176731	8	6.58105
500	4026866	9	6.86533
500	4026865	10	6.93947
501	3955092	1	6.13293
501	8176514	2	6.30073
501	536363	3	6.40431
501	7051809	4	6.43636
501	56903	5	6.47461
501	2557551	6	6.76465
501	7085997	7	7.95623
501	7085989	8	7.99422
501	168509	9	10.2199
501	5833034	10	15.6704
502	5016516	1	12.0641
502	5749634	2	12.2831
502	7413074	3	13.238
502	1154090	4	13.2892
502	8595111	5	13.9214
502	8601446	6	15.1607
502	8221542	7	15.314
502	5026783	8	16.4801
502	4972899	9	18.9944
502	7481749	10	19.1487
503	3721512	1	10.5216
503	1831661	2	10.634
503	1518412	3	11.5427
503	8140345	4	11.9228
503	8149421	5	12.3324
503	8343665	6	12.9754
503	6205642	7	13.4338
503	6363109	8	13.7145
503	1250695	9	13.7604
503	2284404	10	17.535
504	8343665	1	9.69008
504	2284404	2	10.1352
504	1250695	3	10.1522
504	1885054	4	10.3859
504	1831661	5	10.4266
504	1344696	6	10.6891
504	6032906	7	10.7849
504	1518412	8	11.7341
504	6363109	9	13.9365
504	6205642	10	21.8482
505	5310981	1	10.1731
505	7509906	2	10.367
505	4835646	3	10.6191
505	8311738	4	11.2093
505	6007172	5	11.979
505	6080439	6	12.4015
505	3207176	7	13.4747
505	1364486	8	15.7607
505	2661769	9	16.8285
505	5560294	10	17.7227
506	5484462	1	14.3832
506	5783219	2	15.7168
506	4285277	3	16.3291
506	7803712	4	16.5374
506	7479616	5	16.6523
506	4472011	6	17.6317
506	2247698	7	17.8432
506	3459867	8	18.723
506	2986244	9	19.3641
506	7740306	10	19.4948
507	5425296	1	8.14855
507	5146699	2	8.30712
507	461661	3	8.3132
507	1036643	4	8.72847
507	5253300	5	8.89681
507	3737063	6	9.70539
507	363580	7	11.6267
507	8565667	8	14.0427
507	8156009	9	17.9724
507	2941478	10	18.0098
508	571731	1	6.66276
508	1267402	2	7.01078
508	3740139	3	7.09169
508	3912958	4	7.09626
508	7227302	5	7.32512
508	108799	6	7.38202
508	3765676	7	7.39582
508	1526803	8	7.89197
508	5242042	9	10.5488
508	1639889	10	12.2191
509	5177410	1	7.59212
509	8601527	2	7.80353
509	2076800	3	8.32144
509	1263804	4	9.4632
509	6429164	5	9.51484
509	1286864	6	10.0497
509	535471	7	11.4514
509	3381613	8	11.9326
509	2796601	9	12.8918
509	6876397	10	18.0299
510	6097046	1	8.32517
510	3132438	2	8.34984
510	3217206	3	8.63872
510	4472022	4	8.68803
510	6143183	5	8.87207
510	6719823	6	9.09247
510	137609	7	9.33684
510	7292603	8	9.52773
510	6454411	9	9.80991
510	5526462	10	9.90854
511	4923562	1	8.50011
511	6766369	2	8.8442
511	4936854	3	10.0568
511	1732224	4	10.0797
511	2159476	5	10.1017
511	2927349	6	10.2619
511	1080044	7	10.8981
511	3049051	8	12.0562
511	8130882	9	12.2881
511	5440682	10	13.8328
512	6098150	1	7.7047
512	784188	2	8.76254
512	2104152	3	8.83373
512	6846279	4	8.95088
512	3203931	5	9.74106
512	7631813	6	10.5251
512	4367734	7	13.0997
512	6979886	8	13.8636
512	7950453	9	14.4069
512	4409170	10	17.5116
513	7530692	1	8.26995
513	3428748	2	8.39361
513	2272378	3	8.40301
513	337188	4	8.54312
513	21360	5	9.18022
513	3751840	6	9.48199
513	7279098	7	9.73818
513	8406840	8	9.83878
513	7027486	9	13.3112
513	1563695	10	14.726
514	871436	1	7.93877
514	1963666	2	8.02839
514	7453704	3	8.1307
514	7651253	4	8.4056
514	5271066	5	8.5952
514	1754675	6	8.70541
514	4275313	7	9.92699
514	4248084	8	10.0112
514	5042636	9	12.3161
514	4673429	10	12.7484
515	8137565	1	7.76741
515	1816613	2	8.2813
515	3552482	3	8.48147
515	2043683	4	8.89097
515	7772983	5	10.1944
515	1551711	6	11.5223
515	2171872	7	13.6997
515	5601348	8	14.1865
515	5601344	9	15.2446
515	151343	10	15.6539
516	7131790	1	5.43114
516	1599950	2	5.45752
516	2945852	3	5.57798
516	3163575	4	5.65036
516	2272811	5	5.90848
516	8279384	6	6.18429
516	1573699	7	6.23604
516	5012760	8	6.30459
516	3481303	9	6.49041
516	5330265	10	8.22102
517	7312802	1	7.97415
517	3230367	2	8.03171
517	6750264	3	8.04159
517	3879871	4	8.06496
517	8540545	5	8.23956
517	1695458	6	8.27697
517	6797426	7	8.55718
517	4410795	8	8.56777
517	1598257	9	10.2885
517	2316201	10	11.0721
518	6586766	1	8.84423
518	4238302	2	9.27569
518	5062504	3	9.47595
518	5422829	4	9.63462
518	3891957	5	9.84841
518	1432483	6	10.4363
518	4060526	7	10.5685
518	2245973	8	11.0694
518	6681961	9	11.583
518	7306946	10	11.9378
519	3266683	1	6.95351
519	6109976	2	6.98153
519	576289	3	7.50072
519	7745832	4	7.60883
519	5564633	5	7.7251
519	6481187	6	7.99163
519	4234289	7	8.34747
519	2355218	8	9.08498
519	1546560	9	9.42988
519	8119095	10	9.4991
520	1636792	1	8.5332
520	8247932	2	8.85027
520	4093948	3	9.37331
520	998453	4	9.70526
520	7415795	5	10.6016
520	252389	6	10.8459
520	8455159	7	11.561
520	3899633	8	12.078
520	7779192	9	16.5562
520	7776991	10	17.0216
521	8464070	1	4.78582
521	100174	2	5.25349
521	3884697	3	5.6948
521	7227086	4	5.69899
521	471881	5	5.83733
521	4533430	6	6.40601
521	5628364	7	6.95183
521	471880	8	7.02555
521	2063738	9	7.06468
521	1240976	10	7.32356
522	1009353	1	9.19812
522	198240	2	11.7095
522	3044001	3	11.7124
522	8112124	4	12.4476
522	5142733	5	12.6528
522	7042027	6	12.8698
522	1041696	7	13.526
522	3910673	8	13.6444
522	413104	9	14.4537
522	6778527	10	15.6608
523	1375472	1	5.20255
523	269294	2	5.45417
523	7493924	3	5.46436
523	6082614	4	5.54187
523	2823387	5	5.80518
523	5457041	6	6.19864
523	1586481	7	7.04725
523	6733510	8	7.14155
523	6703702	9	7.87314
523	5500925	10	10.3791
524	4901182	1	6.84671
524	7780462	2	6.90931
524	6172403	3	7.16367
524	6234885	4	7.78789
524	5123121	5	9.29017
524	8318597	6	9.5875
524	114614	7	12.3568
524	625053	8	16.7031
524	5449110	9	17.6901
524	5489289	10	24.0055
525	860818	1	12.2018
525	1285388	2	12.5595
525	1503270	3	12.649
525	2091442	4	12.8983
525	431247	5	13.3166
525	2661921	6	13.9634
525	5731548	7	14.3646
525	7100143	8	15.6889
525	2495147	9	15.7801
525	6083091	10	16.334
526	7246714	1	13.4208
526	5332723	2	13.7719
526	7671213	3	13.8539
526	7615249	4	14.7966
526	4293917	5	16.1246
526	1179936	6	17.1241
526	4028609	7	17.2791
526	6790892	8	19.3885
526	7615248	9	20.7419
526	645463	10	22.053
527	5934435	1	12.1127
527	7999718	2	12.6302
527	1441636	3	12.8064
527	2090070	4	13.6715
527	7070541	5	13.7615
527	2090075	6	14.2936
527	2579462	7	15.2207
527	2066254	8	18.6193
527	6925939	9	18.7045
527	3137602	10	21.1149
528	8596177	1	8.29843
528	8636196	2	8.33221
528	824602	3	8.88883
528	5123212	4	9.14339
528	3837576	5	9.19398
528	1771865	6	9.22929
528	1068915	7	9.95211
528	1883838	8	10.1464
528	5823059	9	10.26
528	812999	10	14.2136
529	3980637	1	11.5472
529	7474255	2	12.4353
529	5379116	3	12.8213
529	8413126	4	13.0683
529	2046565	5	13.1498
529	5066944	6	13.409
529	2193962	7	13.7615
529	6409790	8	15.6478
529	7607337	9	20.8632
529	2148741	10	22.6841
530	2653393	1	7.19085
530	503342	2	7.43221
530	4735732	3	7.64047
530	4474709	4	7.73678
530	3928436	5	8.1275
530	3686735	6	8.50933
530	4868475	7	9.86915
530	801327	8	11.1325
530	3905331	9	17.4205
530	4549174	10	18.9624
531	8516280	1	8.03407
531	4897349	2	8.08426
531	8417270	3	8.10502
531	1781845	4	8.13837
531	392259	5	8.19432
531	8108388	6	8.52758
531	3675973	7	9.5756
531	8587731	8	11.98
531	8587740	9	12.4981
531	2679936	10	16.3434
532	1036838	1	7.27379
532	2359134	2	7.7922
532	8201102	3	8.0325
532	7274655	4	8.09066
532	3572397	5	8.3288
532	3540130	6	8.51397
532	7210886	7	8.99523
532	3116565	8	10.3551
532	7752797	9	18.1572
532	7185622	10	18.5562
533	2515717	1	7.00208
533	1617308	2	7.3962
533	2302363	3	8.55543
533	979081	4	8.58618
533	7090577	5	9.22265
533	6599913	6	10.0051
533	6963406	7	10.5002
533	2488200	8	10.6508
533	3652220	9	11.0949
533	5061518	10	16.3777
534	2915324	1	11.8721
534	964562	2	12.2249
534	8064305	3	12.3968
534	7373160	4	12.8038
534	8507540	5	13.6684
534	5828055	6	13.8165
534	7317074	7	14.5845
534	6487853	8	15.4122
534	2841398	9	21.027
534	6413421	10	21.4224
535	6561929	1	3.23006
535	3291024	2	3.23457
535	1614543	3	3.52273
535	5418454	4	3.52273
535	1220147	5	3.86145
535	7466524	6	4.09092
535	17575	7	4.44306
535	5862092	8	5.42079
535	1620850	9	7.02291
535	3130500	10	7.76985
536	8151390	1	10.3584
536	7341592	2	10.6747
536	1815352	3	11.1044
536	3327023	4	11.4116
536	2616729	5	11.4327
536	5677880	6	13.1261
536	6941023	7	13.5552
536	5343332	8	14.1021
536	4073667	9	15.479
536	8275095	10	16.3606
537	6272624	1	7.83838
537	151548	2	8.19729
537	7346863	3	9.49649
537	4661124	4	9.50401
537	5016630	5	9.52772
537	7195978	6	9.73553
537	3135467	7	9.77662
537	8398551	8	9.99329
537	8398557	9	10.425
537	6134076	10	14.5497
538	8347504	1	8.0894
538	3104706	2	8.13197
538	4623038	3	8.16447
538	3104703	4	8.31728
538	2108463	5	9.2575
538	3901119	6	9.45212
538	8089586	7	9.94465
538	1002101	8	10.2929
538	2197066	9	12.2415
538	391481	10	14.4612
539	8154778	1	6.82766
539	5858029	2	7.25824
539	7838044	3	7.53367
539	7740026	4	7.59174
539	5921704	5	7.80119
539	810646	6	7.85092
539	1101902	7	7.91264
539	2139557	8	8.74549
539	5228244	9	11.0982
539	5726861	10	11.1956
540	4924088	1	12.6899
540	4246065	2	13.7058
540	1237619	3	13.8726
540	2098539	4	14.2567
540	7499628	5	14.6049
540	4970037	6	14.7824
540	4124080	7	15.0785
540	1236863	8	16.5686
540	5151984	9	19.9867
540	7570937	10	20.2381
541	3334877	1	7.88319
541	7647389	2	8.40776
541	505432	3	8.52729
541	758618	4	8.54549
541	655631	5	8.60433
541	2128924	6	9.26456
541	6682499	7	10.2025
541	7456016	8	10.9039
541	7563264	9	12.0259
541	4388153	10	13.1149
542	1911507	1	8.19839
542	8278544	2	8.3427
542	4633286	3	8.35964
542	2230336	4	8.89264
542	685788	5	9.37912
542	3251965	6	9.81732
542	3061476	7	11.8271
542	627965	8	11.967
542	3063551	9	12.5534
542	4491950	10	13.5008
543	4721887	1	8.49296
543	6474080	2	8.58576
543	8455720	3	8.71505
543	1199664	4	8.73932
543	2613584	5	8.85809
543	929304	6	9.03844
543	7359794	7	10.3644
543	2077421	8	10.991
543	6928984	9	12.9154
543	4539425	10	13.1589
544	4578216	1	11.6022
544	784637	2	12.2776
544	581450	3	12.3457
544	3557497	4	12.4473
544	3265976	5	12.6123
544	7615329	6	12.8328
544	2991882	7	12.9986
544	1555227	8	13.833
544	4843744	9	15.6572
544	3701806	10	16.055
545	4990003	1	10.3711
545	3797496	2	10.5715
545	5780196	3	10.698
545	6680256	4	11.2014
545	723322	5	12.2512
545	7978381	6	12.428
545	5796096	7	14.1924
545	3767069	8	15.0758
545	1336766	9	15.3783
545	6454807	10	18.95
546	865444	1	12.1189
546	4048203	2	12.1966
546	2324202	3	12.2718
546	3944636	4	12.6464
546	1815023	5	12.672
546	2356987	6	12.8195
546	8157505	7	13.0735
546	7540687	8	13.169
546	7351472	9	13.7384
546	2972074	10	15.3718
547	6270085	1	8.06378
547	1220475	2	8.54561
547	7480149	3	8.68231
547	5866964	4	8.7468
547	5850954	5	9.87601
547	1213685	6	10.8597
547	968029	7	11.9646
547	1051791	8	12.4207
547	2064764	9	24.3422
547	2064766	10	24.5893
548	6322788	1	6.3613
548	1731064	2	6.52668
548	5350027	3	6.81005
548	2197214	4	6.95266
548	756769	5	6.95321
548	3727165	6	7.2469
548	3686408	7	8.2098
548	5258459	8	8.82823
548	8290666	9	8.94284
548	8485893	10	11.2316
549	1622789	1	5.38951
549	860711	2	5.41663
549	2399363	3	5.68036
549	6300493	4	5.7496
549	7370843	5	5.99539
549	1006123	6	6.27205
549	958805	7	6.28591
549	7894032	8	6.5081
549	3066436	9	6.58045
549	7176978	10	6.83577
550	4890273	1	12.0961
550	6013144	2	12.3486
550	1358028	3	12.3895
550	1166951	4	12.4231
550	971687	5	12.8649
550	6034745	6	12.97
550	5110103	7	14.0253
550	377228	8	15.045
550	4727861	9	16.203
550	2338469	10	16.672
551	3693424	1	5.46425
551	3438628	2	5.50314
551	4405534	3	5.67478
551	6684407	4	5.9349
551	5064944	5	5.9349
551	2687100	6	6.33225
551	8112718	7	7.72144
551	6714546	8	8.76186
551	3807576	9	14.2147
551	443920	10	14.865
552	996262	1	8.84205
552	4109752	2	9.01424
552	7670693	3	9.21484
552	7456427	4	9.72459
552	1839126	5	10.0467
552	2458797	6	10.4707
552	185119	7	12.0724
552	1073016	8	12.6006
552	1073011	9	12.8452
552	7133260	10	14.1937
553	451808	1	9.63583
553	2060426	2	9.6559
553	8223539	3	9.74342
553	2878884	4	11.1865
553	4874667	5	12.3814
553	4403122	6	13.0169
553	7671024	7	14.6826
553	2878882	8	15.1244
553	83869	9	19.2143
553	83873	10	19.9656
554	27560	1	13.3728
554	5890316	2	14.1682
554	1986783	3	14.1971
554	4834008	4	15.1596
554	2873957	5	17.1422
554	8374133	6	17.247
554	3148555	7	18.578
554	8374135	8	18.932
554	2846623	9	19.4807
554	4228760	10	25.1823
555	5991123	1	7.55053
555	2492470	2	7.69565
555	8015387	3	7.75483
555	3009850	4	7.76831
555	3847385	5	8.05235
555	3797445	6	8.40697
555	7931653	7	8.47415
555	588858	8	8.83682
555	8520438	9	15.4396
555	8520437	10	15.9785
556	476334	1	6.23577
556	4141088	2	6.26352
556	3090592	3	6.40045
556	6719712	4	6.46401
556	3302134	5	6.48604
556	7575448	6	6.51473
556	6910183	7	6.84934
556	3165933	8	7.13461
556	7679445	9	7.23147
556	304444	10	12.2993
557	4901952	1	8.368
557	631439	2	9.05753
557	2669957	3	9.11457
557	5027119	4	9.15911
557	1428117	5	9.26538
557	5870905	6	9.28582
557	7229903	7	9.81555
557	5079503	8	10.0361
557	4964613	9	14.5775
557	6774702	10	14.6829
558	3837288	1	8.14195
558	1717988	2	8.75703
558	4454422	3	8.9517
558	1803479	4	9.33578
558	2605493	5	9.46023
558	3183355	6	10.0007
558	2415527	7	10.4397
558	2415529	8	10.7753
558	4893231	9	13.4453
558	7513579	10	17.3683
559	6950325	1	7.94647
559	6741860	2	8.15241
559	2763750	3	8.43591
559	6627014	4	8.48384
559	3684494	5	9.24148
559	4373491	6	9.29034
559	5209768	7	9.94973
559	3773973	8	10.1552
559	6523247	9	11.1908
559	5385685	10	16.2575
560	4749807	1	8.95658
560	3236717	2	9.13234
560	5008276	3	9.32577
560	3683970	4	9.35005
560	6693262	5	10.0658
560	5129102	6	10.9598
560	5894475	7	11.5405
560	5680184	8	12.9738
560	1647167	9	19.7221
560	436180	10	19.8554
561	1800705	1	7.47439
561	1800708	2	7.47613
561	4396653	3	7.52141
561	1766215	4	8.05059
561	1766212	5	8.05059
561	4731778	6	8.49974
561	3475737	7	8.5518
561	3069323	8	9.61702
561	3568645	9	15.6543
561	5876101	10	18.5285
562	8475132	1	8.00204
562	8105669	2	8.1706
562	1507062	3	8.19978
562	7098267	4	8.47209
562	953887	5	8.77968
562	494553	6	9.21923
562	4121863	7	9.40671
562	5642249	8	9.45836
562	3795980	9	9.84241
562	198896	10	12.6787
563	3448934	1	7.171
563	7639047	2	7.56574
563	2201922	3	7.71538
563	3395434	4	7.75232
563	3827028	5	8.38628
563	8376070	6	10.1385
563	4565439	7	11.5408
563	7562312	8	12.6189
563	6943424	9	13.259
563	6012846	10	15.5346
564	5481731	1	11.3757
564	2698236	2	11.5722
564	3922867	3	11.6089
564	6082003	4	12.0392
564	4212161	5	12.0546
564	8116069	6	12.5114
564	4684091	7	13.1996
564	5152837	8	14.4591
564	1854430	9	16.4908
564	1627692	10	16.532
565	4319420	1	16.0767
565	6020031	2	16.8221
565	4517426	3	16.8592
565	3347194	4	16.9507
565	880626	5	16.9839
565	7636269	6	17.2159
565	440326	7	18.5237
565	8500050	8	19.4053
565	957824	9	22.7352
565	8500053	10	22.8718
566	2571927	1	6.15141
566	7748649	2	6.16986
566	1669970	3	6.27596
566	7165524	4	6.3977
566	6349649	5	6.47742
566	4179814	6	6.47994
566	1371537	7	6.48327
566	7174939	8	7.59652
566	5433020	9	7.66027
566	1076987	10	7.87067
567	5709455	1	7.00138
567	762732	2	7.30848
567	940312	3	7.58255
567	246665	4	7.63469
567	3091014	5	7.97752
567	761011	6	8.00258
567	6342605	7	8.72673
567	5085539	8	8.86431
567	4293165	9	13.963
567	6432362	10	21.3181
568	1068954	1	5.71671
568	2552926	2	5.82417
568	1794954	3	5.91512
568	762401	4	6.10222
568	3387870	5	7.04576
568	5497878	6	8.00204
568	7184120	7	8.17043
568	3721035	8	8.58009
568	7184119	9	10.0308
568	5176825	10	13.6349
569	2690059	1	11.2031
569	6725593	2	11.4007
569	2519774	3	11.5518
569	2394313	4	13.0005
569	314205	5	14.5962
569	1985546	6	16.6802
569	6260771	7	17.3165
569	6904513	8	19.1726
569	1015884	9	21.1546
569	1513003	10	22.4886
570	7626716	1	6.69508
570	2781721	2	6.93557
570	62325	3	6.93557
570	6710844	4	7.21994
570	5644757	5	7.33963
570	6798963	6	9.01625
570	7952657	7	9.16266
570	3750711	8	9.56015
570	5471622	9	12.1745
570	6695316	10	13.1695
571	6994165	1	10.7935
571	7557939	2	10.9112
571	4273854	3	11.2206
571	1732467	4	11.245
571	6505987	5	11.2915
571	2205995	6	11.3854
571	3038398	7	11.6399
571	7395686	8	11.6629
571	2363945	9	15.7483
571	8545044	10	16.4747
572	4178206	1	5.91762
572	5656225	2	6.01312
572	6397629	3	6.19102
572	2050591	4	6.46266
572	2364546	5	6.62234
572	6902430	6	6.62257
572	7276456	7	6.71925
572	4405416	8	7.58149
572	1868030	9	9.02063
572	3867607	10	10.248
573	1500842	1	10.8513
573	1457766	2	11.7418
573	5942017	3	11.9873
573	5020072	4	12.175
573	6953805	5	12.6255
573	5358292	6	13.0282
573	7095513	7	13.0504
573	607619	8	13.4207
573	6848949	9	14.7358
573	5508994	10	16.5925
574	3529637	1	10.7375
574	5779311	2	11.2939
574	2992719	3	11.3941
574	5859231	4	11.8756
574	1760436	5	12.169
574	7963996	6	12.5286
574	2561464	7	13.4399
574	2561459	8	13.9887
574	5965070	9	17.2084
574	5513045	10	19.6926
575	1746168	1	9.28444
575	4030221	2	9.31164
575	1379053	3	9.32827
575	7139994	4	9.41326
575	5249339	5	9.93511
575	3432335	6	10.2499
575	3035902	7	11.254
575	53833	8	11.9063
575	845407	9	12.0317
575	4580752	10	12.3368
576	8030491	1	8.51583
576	7340610	2	8.52243
576	4200321	3	8.62494
576	8030488	4	8.68238
576	7558054	5	12.673
576	5020069	6	12.7141
576	6111560	7	12.9002
576	7705051	8	13.3733
576	323814	9	14.5616
576	810117	10	17.7814
577	2475548	1	10.5537
577	1174329	2	10.6944
577	1135257	3	10.6988
577	5079340	4	11.5893
577	696590	5	12.398
577	2135140	6	12.6536
577	4988611	7	12.7302
577	3267683	8	13.4403
577	7224712	9	14.3672
577	6327412	10	16.4732
578	2963633	1	13.0835
578	928391	2	16.1071
578	6407524	3	16.4231
578	755076	4	16.9539
578	3716274	5	16.9967
578	2663962	6	17.2209
578	4638692	7	17.3799
578	4025101	8	17.4543
578	815054	9	17.8225
578	5030053	10	23.1992
579	7210304	1	11.5253
579	7590998	2	11.9178
579	4284891	3	12.0315
579	6181421	4	12.31
579	6498819	5	12.3749
579	2655092	6	12.8579
579	1055410	7	15.2282
579	1055403	8	16.9192
579	1867055	9	20.2764
579	1256125	10	21.4977
580	2941584	1	6.99812
580	3374253	2	7.08842
580	1329319	3	7.1483
580	6016023	4	7.34128
580	6141934	5	7.42151
580	5959616	6	8.20792
580	5617219	7	8.38823
580	2570437	8	9.73838
580	540056	9	9.91101
580	5815337	10	17.373
581	5473377	1	5.55097
581	6321642	2	5.61506
581	1950372	3	6.12391
581	1887401	4	6.15952
581	444090	5	6.34247
581	6423340	6	6.40042
581	5657893	7	6.5808
581	2916891	8	6.75649
581	2959925	9	8.57472
581	4985537	10	9.47697
582	5115797	1	8.59714
582	2992490	2	8.87121
582	8612517	3	9.16936
582	3786664	4	9.48684
582	1437615	5	9.50702
582	7087197	6	9.56342
582	4198243	7	10.9075
582	3327312	8	11.2914
582	6872190	9	14.7867
582	688887	10	14.8946
583	3872437	1	9.50715
583	2199235	2	9.67648
583	3475308	3	9.98357
583	194531	4	11.3806
583	6351175	5	13.2623
583	757823	6	13.4042
583	218837	7	13.6597
583	3135058	8	13.9553
583	4958218	9	15.1133
583	8397156	10	15.9532
584	1416936	1	7.82349
584	5369765	2	8.59986
584	6442091	3	9.01141
584	3299319	4	9.0337
584	1739548	5	9.2291
584	7567490	6	9.64354
584	3191978	7	10.3684
584	1136489	8	12.1397
584	7572193	9	12.9701
584	36923	10	14.2662
585	563462	1	12.1574
585	6864347	2	12.1986
585	5510343	3	12.3988
585	2251842	4	12.9868
585	198392	5	14.8256
585	26173	6	17.5146
585	1422244	7	17.9249
585	1244741	8	20.1372
585	873024	9	20.9005
585	873032	10	22.1796
586	4308025	1	6.87605
586	2018471	2	7.0296
586	912302	3	7.66188
586	4144506	4	7.77777
586	8561641	5	7.82608
586	2178107	6	8.04193
586	7412387	7	8.46397
586	1276261	8	9.45389
586	3894733	9	9.58545
586	6908503	10	23.7519
587	402693	1	13.1285
587	2980243	2	13.9129
587	2364679	3	14.0427
587	7852557	4	14.4632
587	8407359	5	14.6886
587	5560281	6	15.1368
587	5828943	7	15.2493
587	8442870	8	15.4198
587	1599681	9	15.6448
587	8297354	10	22.8851
588	6294493	1	10.3435
588	5896342	2	10.3613
588	529727	3	10.5366
588	4336749	4	10.6465
588	3628406	5	11.6504
588	3375365	6	12.0216
588	3375364	7	12.434
588	742094	8	12.772
588	5994710	9	16.9063
588	4826973	10	21.8675
589	4417247	1	7.37462
589	8109099	2	7.75041
589	7613197	3	7.96056
589	1907197	4	8.33261
589	8072702	5	8.38712
589	3739895	6	9.29189
589	1360097	7	9.30113
589	1244496	8	9.35029
589	300463	9	10.1645
589	5207488	10	13.769
590	3693190	1	4.67682
590	3296333	2	4.81227
590	1849554	3	5.63278
590	1849555	4	5.66001
590	6015818	5	5.74903
590	8431435	6	7.57007
590	1096822	7	8.39491
590	1859397	8	9.41209
590	4068822	9	9.89951
590	4121247	10	14.4947
591	480244	1	10.1496
591	1226259	2	10.1618
591	1843875	3	10.3679
591	186831	4	10.513
591	2900571	5	10.5827
591	2500179	6	10.7893
591	8296809	7	11.0629
591	584235	8	11.8112
591	7305425	9	13.4119
591	6633474	10	13.6385
592	5017679	1	9.25331
592	3808756	2	9.32199
592	6542695	3	9.35595
592	7024014	4	9.43859
592	3590806	5	9.64989
592	2845792	6	10.4262
592	1996022	7	10.4419
592	7715967	8	16.5605
592	7510232	9	17.9207
592	7159801	10	20.5973
593	5527301	1	6.14939
593	2075842	2	6.16107
593	2841609	3	6.24727
593	6281416	4	6.41017
593	7893098	5	6.61914
593	6559319	6	6.88925
593	7431337	7	6.91656
593	4635279	8	8.57645
593	8088505	9	9.02543
593	4870525	10	9.62365
594	1950372	1	8.78853
594	3607767	2	8.90518
594	5994055	3	9.02645
594	2916891	4	9.182
594	4209214	5	9.22761
594	3517873	6	9.36286
594	4851254	7	10.3251
594	6423340	8	12.4067
594	5657893	9	12.6847
594	1887401	10	12.9322
595	30327	1	7.4193
595	2376976	2	7.53544
595	954679	3	7.61906
595	1972493	4	7.72551
595	8084423	5	7.96988
595	8084424	6	8.39163
595	7785036	7	8.45011
595	30320	8	8.81486
595	7977514	9	8.92465
595	620411	10	10.7675
596	4737082	1	7.04746
596	7784152	2	7.13128
596	1444639	3	7.95768
596	6543584	4	8.09018
596	6680266	5	8.12946
596	4233429	6	8.95065
596	7414314	7	9.95854
596	2301103	8	15.8452
596	7922057	9	16.4526
596	7922059	10	17.5576
597	3701806	1	8.2587
597	3618375	2	8.38802
597	1555227	3	9.65755
597	6932240	4	12.4362
597	784637	5	13.1711
597	3265976	6	13.3518
597	7615329	7	13.5032
597	2991882	8	13.8459
597	3557497	9	14.1934
597	581450	10	14.2438
598	3143981	1	7.22261
598	5968394	2	7.38846
598	3847994	3	7.42738
598	7851606	4	7.65958
598	6632834	5	8.28463
598	5531982	6	9.70894
598	900412	7	10.1173
598	2911135	8	10.5588
598	2670167	9	10.6667
598	551973	10	10.772
599	3701806	1	8.58755
599	3618375	2	8.63937
599	1555227	3	9.9413
599	6932240	4	13.7931
599	3265976	5	14.4828
599	7615329	6	14.5172
599	784637	7	14.6985
599	3557497	8	14.9666
599	2991882	9	15.0657
599	581450	10	15.0754
600	121037	1	7.22648
600	733703	2	7.24705
600	6829408	3	7.61337
600	1297176	4	7.80338
600	1117027	5	7.87293
600	1338377	6	8.18217
600	966062	7	8.359
600	4564499	8	8.51804
600	255231	9	13.8415
600	8191761	10	14.6423
601	2967908	1	11.2052
601	2543217	2	11.5925
601	8171995	3	12.5241
601	4156682	4	12.6383
601	3464878	5	12.8588
601	2874594	6	13.2204
601	4147859	7	15.1505
601	4627909	8	17.211
601	7619699	9	17.9871
601	6764901	10	18.5185
602	4569482	1	9.60739
602	8566205	2	9.8425
602	7662661	3	9.91418
602	7969515	4	11.4734
602	1627822	5	11.8872
602	2739920	6	11.8955
602	3717503	7	12.8501
602	1978870	8	13.5005
602	5611761	9	14.611
602	5591767	10	14.8771
603	6701969	1	8.9532
603	3413543	2	8.95582
603	3857467	3	9.02753
603	1998413	4	9.61981
603	1429454	5	10.105
603	3827622	6	11.4127
603	1599667	7	13.6991
603	1165161	8	13.801
603	2867948	9	14.0248
603	2916792	10	16.2688
604	6384433	1	9.89086
604	4758538	2	9.90836
604	7264354	3	9.97443
604	7929459	4	10.189
604	5649045	5	10.431
604	4819938	6	11.9314
604	4378187	7	12.5186
604	5239126	8	12.6399
604	1401353	9	14.0665
604	3304450	10	16.3862
605	3231078	1	6.7805
605	5422914	2	6.94158
605	7098369	3	8.55248
605	4604843	4	9.76142
605	2607080	5	9.85031
605	7013236	6	10.2148
605	1382212	7	14.969
605	5051995	8	15.6582
605	5052003	9	15.7182
605	2610725	10	15.9047
606	6699167	1	7.60657
606	1519644	2	7.66358
606	6906651	3	7.93244
606	2092652	4	8.68061
606	4757326	5	8.91549
606	3086467	6	9.83742
606	4096639	7	10.6684
606	36805	8	11.3375
606	860009	9	11.8304
606	7647758	10	17.415
607	158027	1	10.3001
607	7968488	2	10.3893
607	3662632	3	10.4541
607	271949	4	10.5244
607	6290198	5	10.9223
607	524893	6	11.1928
607	467627	7	11.5401
607	5726651	8	11.6033
607	2617763	9	11.9566
607	8239192	10	11.9646
608	1140487	1	6.58604
608	8080961	2	6.71388
608	5438107	3	6.80272
608	7017146	4	6.8043
608	2598409	5	6.88428
608	5062055	6	6.9725
608	5232030	7	6.98008
608	3020904	8	8.25116
608	442511	9	9.00097
608	4143200	10	9.10837
609	3496105	1	7.86798
609	4757461	2	8.68312
609	6488279	3	8.83574
609	247940	4	8.8672
609	7748188	5	9.61345
609	1292071	6	10.3442
609	5393345	7	10.6518
609	2851175	8	11.3907
609	5631942	9	12.5381
609	5073264	10	12.754
610	4209568	1	7.62666
610	3517994	2	7.99927
610	1611696	3	8.09269
610	1701081	4	8.094
610	2675457	5	8.15197
610	8248371	6	8.63924
610	8538773	7	9.02878
610	5543607	8	9.04315
610	3378701	9	12.9197
610	3378698	10	13.9117
611	5140317	1	12.3654
611	3517535	2	12.938
611	6036740	3	13.0208
611	8529987	4	13.1592
611	1543833	5	13.4011
611	7478821	6	13.5934
611	2713558	7	13.8978
611	3820520	8	16.2883
611	2898960	9	17.2226
611	2801693	10	19.445
612	8564387	1	6.74122
612	8388691	2	7.05189
612	1721714	3	8.1502
612	4837824	4	8.17634
612	2973927	5	8.62052
612	7150154	6	8.71184
612	6046964	7	9.78721
612	7280859	8	10.5457
612	7458528	9	12.4868
612	3631584	10	13.7485
613	2076632	1	4.11199
613	7115062	2	4.14884
613	4295441	3	4.30144
613	2351185	4	4.98595
613	7005190	5	5.49764
613	2362263	6	6.77106
613	8517257	7	6.98382
613	2247000	8	7.34189
613	2582939	9	7.93762
613	3799811	10	14.7437
614	2888916	1	5.53155
614	3211621	2	5.92645
614	7789979	3	6.30207
614	5543253	4	7.41404
614	3242438	5	7.41578
614	2488930	6	7.42322
614	7789976	7	7.43758
614	4199330	8	8.84808
614	5553990	9	16.4527
614	3591449	10	17.2295
615	4870096	1	6.93828
615	6826805	2	8.21388
615	3667960	3	9.99358
615	1821679	4	10.4806
615	4390594	5	10.9819
615	5957069	6	11.6769
615	5957068	7	12.3541
615	1926479	8	13.0781
615	1699051	9	13.5212
615	1699057	10	13.6575
616	3012198	1	6.41727
616	2068853	2	6.48839
616	8135361	3	8.22449
616	8123298	4	8.26755
616	2799331	5	9.49075
616	1620345	6	11.781
616	7181990	7	12.8425
616	221211	8	13.3169
616	3225321	9	14.9182
616	255706	10	15.0687
617	7332058	1	5.26891
617	831571	2	5.31288
617	6268765	3	5.48523
617	2827454	4	5.49078
617	7359684	5	5.60512
617	3405903	6	5.65937
617	4430429	7	5.67066
617	5648628	8	6.04276
617	4602690	9	6.89698
617	4602689	10	7.03594
618	3936137	1	5.30478
618	6384092	2	6.75236
618	2481341	3	7.23334
618	1398911	4	7.75718
618	1627101	5	7.79299
618	3170326	6	8.86241
618	4568625	7	9.91559
618	5280385	8	10.1878
618	8146902	9	13.3723
618	4289459	10	28.6112
619	4127948	1	7.32578
619	2036951	2	7.33857
619	3588597	3	7.49644
619	6847902	4	7.76223
619	5528265	5	7.86195
619	2657397	6	8.06857
619	1814492	7	8.35303
619	2657394	8	9.18397
619	8230421	9	10.2965
619	6949995	10	10.6246
620	8270988	1	7.52541
620	1004557	2	7.70448
620	3498675	3	8.10606
620	8210835	4	8.48965
620	1103019	5	8.96111
620	3688183	6	9.57201
620	5509474	7	9.96007
620	4127736	8	10.0793
620	1006673	9	10.7025
620	60293	10	10.8517
621	7618408	1	10.3823
621	3156349	2	10.3954
621	5165868	3	10.8181
621	7352733	4	10.837
621	5086173	5	11.1865
621	1097051	6	11.4233
621	6904313	7	11.5327
621	3779442	8	14.2565
621	1538988	9	15.3881
621	8570294	10	15.3901
622	7772850	1	10.4056
622	2730172	2	10.5056
622	6992598	3	10.5468
622	1104572	4	10.6122
622	3432733	5	10.7706
622	6609087	6	11.0622
622	1760499	7	12.7602
622	408410	8	13.096
622	2424283	9	17.7833
622	6837238	10	22.0143
623	3701806	1	7.56728
623	3618375	2	8.63041
623	1555227	3	8.81462
623	6932240	4	11.2952
623	7615329	5	11.6294
623	3265976	6	11.6702
623	784637	7	11.8426
623	2991882	8	12.2282
623	3557497	9	12.347
623	581450	10	12.3911
624	2475703	1	11.077
624	6003827	2	11.4167
624	7382507	3	11.903
624	7361903	4	12.4359
624	6087628	5	12.6832
624	6447329	6	13.1986
624	3424045	7	13.4014
624	5127803	8	13.8311
624	7996134	9	14.3653
624	8141749	10	15.4506
625	266911	1	7.37567
625	1236088	2	7.73924
625	4913754	3	8.12195
625	2876656	4	8.33207
625	1597992	5	8.51857
625	2275633	6	9.43853
625	2657621	7	10.0306
625	7438488	8	10.5992
625	4031843	9	10.9089
625	4085755	10	15.2542
626	3809241	1	5.21098
626	1506035	2	5.23001
626	2458643	3	6.96041
626	1795080	4	7.07219
626	2749272	5	9.8828
626	2842919	6	9.99332
626	1078457	7	10.9651
626	6098047	8	11.4489
626	7337559	9	15.2175
626	7405061	10	15.511
627	5193265	1	9.87875
627	1788754	2	10.2104
627	2574549	3	11.1766
627	4922804	4	12.0121
627	3266922	5	12.4372
627	1417041	6	12.9711
627	2375683	7	12.991
627	6259640	8	13.0197
627	2375682	9	13.0645
627	2588852	10	13.0996
628	7907285	1	6.35696
628	3506251	2	6.43857
628	2726088	3	6.49779
628	478181	4	8.57819
628	2972074	5	9.44394
628	1610337	6	9.64231
628	6618023	7	9.96546
628	188271	8	12.7885
628	7351472	9	14.1319
628	1815023	10	14.4696
629	3632543	1	8.05998
629	3561366	2	8.39331
629	1443375	3	8.40613
629	5345049	4	8.56705
629	5349578	5	8.8482
629	6469266	6	9.18384
629	2440398	7	9.46088
629	3184068	8	16.7127
629	6444387	9	17.2536
629	6444384	10	17.2576
630	5091944	1	10.4495
630	4457152	2	11.5769
630	5528582	3	12.2676
630	825112	4	13.0178
630	5752759	5	14.3239
630	7777342	6	15.0243
630	2649021	7	17.8603
630	7944367	8	19.7891
630	2825738	9	20.0959
630	6542267	10	20.4235
631	4520121	1	7.49239
631	6878441	2	7.69281
631	4580698	3	7.87073
631	7953991	4	7.87073
631	8537898	5	8.26241
631	938275	6	8.32005
631	6289279	7	9.25395
631	6867310	8	9.27839
631	599563	9	16.9733
631	4388832	10	17.4007
632	1707194	1	7.15453
632	6341656	2	7.61792
632	7514993	3	7.91768
632	1112080	4	9.0333
632	1112076	5	9.04413
632	2361019	6	10.6925
632	2816465	7	12.6149
632	6031024	8	17.4745
632	4555934	9	17.7394
632	2271364	10	17.9089
633	7717697	1	6.89337
633	4595160	2	7.06429
633	4266251	3	7.60565
633	2489109	4	7.9304
633	3219682	5	8.27414
633	6411289	6	8.97252
633	3186308	7	9.03114
633	8616685	8	10.7028
633	2338820	9	11.6594
633	2146356	10	11.8327
634	5001201	1	6.01506
634	1864800	2	6.03962
634	4574777	3	6.23127
634	6363494	4	6.37592
634	6181706	5	6.56341
634	2017906	6	6.69088
634	4325776	7	7.03576
634	6509829	8	7.12995
634	4243733	9	10.6733
634	1309464	10	11.8793
635	5887703	1	10.2952
635	3845979	2	10.5495
635	1054312	3	10.7677
635	897891	4	11.0823
635	4384321	5	11.315
635	1599341	6	11.6518
635	4306000	7	12.2189
635	5822898	8	12.3681
635	8349387	9	12.4411
635	3279299	10	12.7244
636	6323464	1	8.81289
636	6029409	2	9.50291
636	6005700	3	10.11
636	1732067	4	10.4345
636	5361595	5	10.9326
636	1754614	6	12.1818
636	478893	7	12.3942
636	5917165	8	13.4209
636	6892364	9	13.9886
636	667468	10	14.6468
637	4546750	1	10.4776
637	7097108	2	10.502
637	282090	3	10.7356
637	6136170	4	10.8809
637	4853532	5	11.2518
637	7682830	6	11.9273
637	5260918	7	11.9558
637	416412	8	12.2935
637	2743506	9	12.7132
637	1764951	10	13.586
638	481472	1	10.8957
638	1432986	2	11.2305
638	7427959	3	11.3764
638	998740	4	11.4195
638	1402281	5	11.4385
638	4667428	6	12.5386
638	1874634	7	13.5697
638	753588	8	14.652
638	8054144	9	14.7721
638	8614454	10	18.8876
639	3124703	1	8.32918
639	6209650	2	8.41917
639	7212974	3	8.50903
639	6954979	4	8.53404
639	5550400	5	8.59657
639	2416071	6	8.91524
639	7667585	7	9.76137
639	1220908	8	11.1881
639	3794670	9	11.1925
639	7158309	10	15.944
640	6150395	1	10.9736
640	159968	2	11.0326
640	7763808	3	11.819
640	5496753	4	11.9043
640	7144629	5	12.2972
640	3809846	6	12.8757
640	1812714	7	12.8989
640	6941466	8	13.7693
640	4804283	9	14.2309
640	1178317	10	18.3409
641	5460691	1	10.2805
641	251496	2	11.0418
641	7730133	3	12.1819
641	905882	4	13.1809
641	6209558	5	13.3933
641	5232563	6	14.0779
641	722172	7	15.4896
641	6660878	8	16.2195
641	2592124	9	17.8733
641	5640082	10	18.0833
642	6800628	1	7.10845
642	691834	2	7.33554
642	2389438	3	7.54349
642	7709356	4	7.61748
642	6876004	5	8.09989
642	8333078	6	8.12645
642	7224160	7	8.28158
642	7709355	8	8.8934
642	8487577	9	9.3158
642	7359361	10	11.0062
643	6900988	1	8.50273
643	6738051	2	8.65596
643	7136122	3	8.70239
643	3379187	4	8.71299
643	3301801	5	8.86269
643	502525	6	9.31357
643	2755037	7	9.37773
643	2517767	8	9.63871
643	656335	9	11.6175
643	7583752	10	15.9985
644	6219787	1	7.71971
644	3088439	2	8.01806
644	2400431	3	8.40013
644	5075618	4	9.5537
644	4492549	5	9.97446
644	4492546	6	10.2958
644	7172259	7	10.5531
644	1093209	8	12.083
644	6260421	9	13.7186
644	2101531	10	14.6474
645	5219149	1	9.15105
645	2321131	2	9.53347
645	1215554	3	9.60634
645	3138553	4	9.62161
645	473575	5	10.0461
645	3520475	6	10.2685
645	1372953	7	10.3809
645	2875734	8	11.2137
645	4110861	9	11.643
645	3199355	10	12.2003
646	8375282	1	6.75645
646	8235488	2	6.9452
646	4022301	3	7.01752
646	3505048	4	7.67245
646	39279	5	8.50434
646	8045342	6	8.52283
646	8429532	7	9.16378
646	3812866	8	12.0918
646	6675650	9	12.977
646	6475689	10	13.593
647	8082951	1	6.87164
647	3440603	2	7.08293
647	5331332	3	7.09309
647	7254124	4	7.3779
647	6464889	5	7.46625
647	5172746	6	7.4779
647	4055151	7	7.93104
647	4993347	8	7.93798
647	254383	9	8.82617
647	3755441	10	9.19076
648	4281757	1	8.71635
648	8373771	2	8.85295
648	2850537	3	8.97862
648	7866108	4	9.64404
648	7797400	5	11.0329
648	6634412	6	11.414
648	7692154	7	11.7412
648	7124527	8	13.0444
648	1021419	9	14.3413
648	3953701	10	15.0968
649	7862446	1	8.43532
649	1309464	2	8.49503
649	6363494	3	8.51239
649	4243733	4	8.62224
649	6181706	5	9.16148
649	4325776	6	9.57891
649	6509829	7	9.78121
649	2805890	8	10.2507
649	4989617	9	10.7217
649	5001201	10	12.9192
650	7935560	1	9.25326
650	5609088	2	9.36222
650	3358296	3	9.40191
650	1393397	4	9.41633
650	1980742	5	9.78709
650	7834238	6	10.5642
650	6495158	7	12.3458
650	5621674	8	13.9024
650	1036663	9	15.5039
650	7374788	10	18.5206
651	4140465	1	6.98869
651	4899494	2	7.23127
651	7154659	3	9.21443
651	7854805	4	9.24967
651	339841	5	9.53452
651	955235	6	9.67771
651	1511749	7	10.0487
651	5680493	8	12.1392
651	7237980	9	13.9581
651	8184502	10	16.062
652	6896770	1	10.4976
652	1276984	2	10.5388
652	7206586	3	10.7204
652	6677865	4	11.4739
652	4368557	5	11.8044
652	2090716	6	11.8427
652	751267	7	12.6058
652	7545571	8	12.8924
652	5415699	9	13.401
652	7330927	10	19.1047
653	981419	1	7.29245
653	6396645	2	7.5164
653	580503	3	7.64593
653	2269768	4	8.00838
653	4523818	5	10.1325
653	8259261	6	10.5208
653	924739	7	10.7243
653	5442779	8	11.6463
653	5442778	9	11.824
653	2140218	10	12.2709
654	3127882	1	14.1408
654	2785571	2	14.7398
654	267117	3	14.8062
654	3632595	4	15.5752
654	4536967	5	16.1646
654	5744053	6	16.1655
654	5744058	7	16.3211
654	4536968	8	17.2674
654	7045962	9	18.9081
654	6201641	10	21.0936
655	6925355	1	5.80346
655	2097221	2	6.11235
655	4894669	3	6.29064
655	8070184	4	6.47955
655	2423195	5	6.85379
655	5880982	6	6.93571
655	1409590	7	8.61866
655	7637763	8	11.2885
655	2652320	9	12.4223
655	3024116	10	14.9159
656	3618375	1	8.56046
656	1555227	2	9.8258
656	784637	3	12.6376
656	6932240	4	12.6864
656	3265976	5	12.9516
656	581450	6	13.147
656	7615329	7	13.3686
656	2991882	8	13.395
656	3557497	9	15.1971
656	8482002	10	15.4017
657	6491887	1	11.1943
657	7846369	2	11.3191
657	2715146	3	11.5333
657	6680251	4	11.7849
657	6034351	5	11.9151
657	5515469	6	12.1327
657	602486	7	12.2805
657	5392398	8	14.1036
657	2920397	9	17.5251
657	2920402	10	17.7613
658	6111949	1	10.6251
658	4107502	2	10.7963
658	875291	3	10.8892
658	840714	4	12.6723
658	3899106	5	13.9697
658	6682073	6	14.3142
658	5756541	7	15.791
658	4815946	8	17.1154
658	8312635	9	17.2073
658	775605	10	17.6377
659	1575358	1	7.51191
659	7311060	2	8.48952
659	7311058	3	8.65312
659	6872422	4	9.81554
659	2770450	5	9.82796
659	7050276	6	9.86726
659	1915953	7	10.3586
659	3043671	8	10.4664
659	8421925	9	10.9626
659	8273695	10	11.6015
660	1066081	1	12.1602
660	2258404	2	12.3641
660	2276263	3	12.3646
660	7277624	4	12.6775
660	3750282	5	12.7216
660	6985484	6	13.6799
660	3588760	7	14.2561
660	208396	8	16.3811
660	818009	9	17.3296
660	3425378	10	19.2549
661	1783065	1	11.4069
661	1781123	2	11.4936
661	8164115	3	11.5436
661	7770042	4	11.8193
661	2813449	5	12.5467
661	4134026	6	12.8168
661	2896629	7	13.4902
661	1568121	8	14.9735
661	7657814	9	14.9837
661	7378832	10	19.9676
662	7632320	1	7.82994
662	4037418	2	8.144
662	7849038	3	8.46403
662	2844519	4	8.67048
662	2981593	5	10.2031
662	3305175	6	10.804
662	3305177	7	10.8288
662	1100315	8	10.9023
662	4736450	9	11.3782
662	6403412	10	12.8107
663	7003465	1	10.5507
663	8466737	2	10.6337
663	7166894	3	10.6421
663	4076794	4	10.8759
663	1695149	5	11.0759
663	2257281	6	11.1385
663	2127866	7	11.1673
663	2257283	8	12.3442
663	2891169	9	13.5733
663	6665800	10	14.8663
664	8527201	1	6.03287
664	3474806	2	6.18211
664	927610	3	6.25938
664	2358261	4	7.01926
664	1332272	5	8.32946
664	2804307	6	12.1239
664	1435007	7	13.2293
664	6760592	8	14.2566
664	7589288	9	14.9137
664	4110374	10	17.0656
665	7377883	1	8.363
665	3995479	2	8.89936
665	1118387	3	9.00621
665	4749164	4	9.3934
665	8409062	5	10.4696
665	3216772	6	11.2028
665	2989403	7	11.8659
665	7462139	8	12.3469
665	4911619	9	12.975
665	5466510	10	13.4231
666	5795844	1	7.94281
666	4953826	2	9.15923
666	2708581	3	9.44812
666	3894346	4	9.98548
666	5478792	5	10.5382
666	1957827	6	12.2194
666	8069686	7	12.8645
666	4021883	8	16.0366
666	7157437	9	17.2489
666	7157436	10	17.4118
667	1525922	1	9.90271
667	7766080	2	10.2414
667	2199933	3	10.7454
667	2269375	4	11.0743
667	274843	5	11.5217
667	3632248	6	12.0828
667	4963616	7	12.6038
667	1817755	8	14.3153
667	2298558	9	14.8872
667	2298553	10	15.0482
668	7700371	1	8.66392
668	3381796	2	8.75496
668	8009714	3	8.94216
668	2355953	4	9.23197
668	6413593	5	9.3501
668	4301598	6	9.52803
668	6288421	7	9.93705
668	5922898	8	10.3374
668	5237022	9	11.1279
668	3373876	10	11.583
669	1013285	1	12.6921
669	2868134	2	13.0258
669	4102249	3	13.6941
669	3562108	4	15.0575
669	2703451	5	16.5439
669	5454559	6	16.8642
669	7619586	7	17.3789
669	6001365	8	17.6771
669	7453294	9	18.0142
669	5647371	10	28.3568
670	3556310	1	8.13214
670	6797841	2	8.43163
670	4362374	3	8.75864
670	1124093	4	9.41134
670	2407853	5	12.3903
670	5893725	6	16.2948
670	1071776	7	17.3117
670	1167251	8	18.426
670	2408675	9	18.4632
670	5893724	10	19.6702
671	4311712	1	7.69917
671	2222421	2	7.77704
671	4890446	3	8.30658
671	309362	4	9.75257
671	8580240	5	10.158
671	7561314	6	11.3471
671	3622726	7	13.7967
671	4746256	8	14.2425
671	7649499	9	14.3351
671	1906093	10	16.0655
672	1418000	1	7.27379
672	2539298	2	7.50448
672	4245676	3	8.27275
672	1040694	4	8.50472
672	385751	5	8.84251
672	3005529	6	9.9943
672	7532892	7	12.9177
672	845942	8	12.9502
672	1457013	9	14.875
672	1878308	10	15.0313
673	2485514	1	6.73357
673	7004982	2	6.80061
673	4091309	3	7.23894
673	1599701	4	7.93627
673	5440159	5	8.04711
673	634749	6	8.6445
673	3047101	7	10.2578
673	5349837	8	12.0995
673	4145653	9	12.2214
673	1646032	10	12.6281
674	1342527	1	6.99855
674	7981337	2	7.03911
674	2854793	3	7.40063
674	230075	4	7.41171
674	3742675	5	7.57549
674	8402612	6	8.81348
674	4787157	7	9.94938
674	5964706	8	13.8789
674	4483743	9	17.5103
674	2121933	10	22.066
675	3739671	1	5.20767
675	3489935	2	5.23088
675	4212525	3	5.27957
675	7328395	4	6.02565
675	2389960	5	6.11168
675	6553011	6	6.11366
675	4794705	7	6.43441
675	4693596	8	7.99176
675	1743598	9	8.2728
675	4880859	10	9.84681
676	79930	1	11.0988
676	2812590	2	11.1486
676	6727921	3	11.7595
676	6368001	4	12.1981
676	2662042	5	13.8349
676	5969472	6	15.1475
676	4609802	7	15.2473
676	8636934	8	15.5369
676	316561	9	15.8514
676	5662857	10	16.5548
677	7060153	1	7.49975
677	2181756	2	8.03004
677	1213055	3	8.11596
677	2258360	4	8.19992
677	7687841	5	8.59119
677	5243994	6	8.7123
677	7189470	7	9.14277
677	7165953	8	10.108
677	7212678	9	10.1202
677	6460247	10	10.2415
678	5440859	1	7.01327
678	5440855	2	7.60249
678	1131078	3	8.11365
678	6924722	4	8.37278
678	2288257	5	8.71891
678	5703064	6	9.07215
678	6111677	7	9.75131
678	8110238	8	10.9447
678	4717358	9	11.6009
678	990663	10	11.7181
679	3122591	1	8.6368
679	8308447	2	8.91045
679	456801	3	9.20089
679	1348585	4	9.2289
679	7532982	5	9.36938
679	4115069	6	9.49255
679	4201709	7	9.54491
679	2860582	8	10.019
679	454542	9	12.0576
679	6037402	10	23.7381
680	8476290	1	9.34927
680	6491054	2	10.3012
680	8314086	3	10.6513
680	8290393	4	10.709
680	6329206	5	10.7807
680	6794081	6	10.9269
680	6772592	7	11.5432
680	2660668	8	12.266
680	7225195	9	13.7142
680	758995	10	16.3348
681	925520	1	6.69495
681	8103749	2	6.72485
681	4632428	3	7.91702
681	4178016	4	9.08681
681	4159056	5	9.75878
681	3868613	6	10.1288
681	507689	7	11.0958
681	292699	8	12.6314
681	7518460	9	17.6862
681	2407614	10	18.5849
682	2207871	1	7.21036
682	1592524	2	7.226
682	7659491	3	7.25089
682	2267328	4	7.31704
682	5152111	5	7.53966
682	92182	6	7.63543
682	6781781	7	7.67967
682	5240196	8	8.30422
682	3419207	9	8.83939
682	5912902	10	9.07315
683	1258407	1	12.487
683	5675918	2	13.4972
683	2616015	3	14.169
683	8026233	4	14.295
683	2402251	5	16.0848
683	4390134	6	17.2094
683	275910	7	19.3775
683	2614282	8	23.1763
683	5981331	9	24.4584
683	756999	10	24.7268
684	4834800	1	5.34226
684	1053482	2	5.4943
684	185475	3	5.50977
684	6275380	4	5.67415
684	2998198	5	6.4887
684	1810490	6	7.26399
684	5144568	7	7.36675
684	206515	8	7.45085
684	1031357	9	7.76314
684	6491180	10	12.1521
685	5541796	1	11.2655
685	5796169	2	11.3526
685	1811582	3	11.5579
685	417971	4	11.6592
685	6741411	5	11.8374
685	5577048	6	12.0029
685	7045328	7	12.0594
685	4611380	8	12.0708
685	1686265	9	12.1328
685	7262558	10	12.1729
686	630883	1	8.14646
686	6866413	2	8.34428
686	4869811	3	9.21674
686	3435242	4	9.68587
686	243042	5	10.0751
686	7616463	6	10.1014
686	6489822	7	11.4543
686	2114283	8	12.5966
686	6395356	9	15.3803
686	6395349	10	16.3345
687	2840439	1	10.2445
687	1036864	2	10.2641
687	6292232	3	10.3523
687	2043469	4	10.5345
687	6262847	5	10.6105
687	1713978	6	10.6438
687	1959722	7	11.0908
687	3894379	8	11.5116
687	8175010	9	12.9356
687	4539351	10	13.1428
688	2626866	1	10.7992
688	444726	2	10.8513
688	2472612	3	11.6304
688	334145	4	11.8142
688	984811	5	12.051
688	870066	6	12.5505
688	5780708	7	12.8095
688	1460160	8	13.3983
688	3883310	9	15.6895
688	3195290	10	16.8165
689	1546943	1	5.30436
689	7069132	2	6.07681
689	240141	3	6.27832
689	3388553	4	6.29025
689	7027722	5	7.00471
689	5585923	6	7.57455
689	540484	7	7.94182
689	7992570	8	8.3519
689	1976108	9	9.53648
689	2349257	10	10.8129
690	7538314	1	5.46118
690	1223244	2	5.49667
690	2736302	3	5.59535
690	4900417	4	5.65885
690	4479552	5	6.75728
690	7714358	6	6.77706
690	3094537	7	6.89211
690	466682	8	8.71205
690	466683	9	8.79687
690	4590527	10	10.2425
691	4491211	1	10.692
691	4846267	2	10.7335
691	4491203	3	11.1503
691	4447758	4	11.3694
691	4424547	5	11.4853
691	4384001	6	11.4939
691	8271999	7	13.1686
691	53078	8	13.3443
691	2283838	9	13.6396
691	6215897	10	14.6882
692	1900614	1	5.63104
692	2440503	2	5.69
692	3098875	3	5.7414
692	4089478	4	5.81701
692	7098138	5	6.16621
692	653171	6	6.51189
692	7557592	7	6.88077
692	4490061	8	7.25965
692	4340232	9	7.47968
692	1234508	10	8.7812
693	8623753	1	7.07345
693	1685244	2	7.15808
693	5699129	3	7.2997
693	3671927	4	7.823
693	261020	5	8.0364
693	261023	6	8.17027
693	967153	7	8.46605
693	1836449	8	8.73327
693	7529834	9	10.7087
693	3391239	10	18.8334
694	5159879	1	7.12884
694	305993	2	7.34439
694	4810290	3	7.46423
694	4175560	4	7.46654
694	5050639	5	7.5982
694	3310562	6	8.27304
694	8434949	7	9.53136
694	831080	8	9.57216
694	6263478	9	10.5407
694	2059718	10	13.5505
695	4354324	1	6.49197
695	3005883	2	6.6745
695	2790069	3	7.30833
695	8503362	4	8.84745
695	4667232	5	8.91392
695	7552223	6	8.95782
695	3767953	7	10.1308
695	1001599	8	11.294
695	603682	9	15.6468
695	4675011	10	24.1298
696	3672116	1	8.7136
696	4769957	2	9.14505
696	2510788	3	9.25046
696	822430	4	9.3103
696	605625	5	9.48412
696	248368	6	10.5112
696	236042	7	10.6552
696	3320079	8	10.6591
696	6689551	9	13.7152
696	8098303	10	15.5777
697	6759403	1	11.6536
697	2386372	2	11.9586
697	4525055	3	11.9703
697	4582533	4	12.3265
697	182477	5	12.9542
697	6201814	6	14.3508
697	6949948	7	14.6387
697	1925701	8	14.7898
697	3258034	9	15.8771
697	645451	10	16.0233
698	7113345	1	12.2779
698	8005604	2	12.4347
698	4223339	3	13.0502
698	1133525	4	14.8812
698	4844367	5	16.1377
698	4844371	6	16.1668
698	1023279	7	16.3629
698	3347432	8	17.0662
698	102345	9	21.2108
698	2251345	10	22.5037
699	1622939	1	11.0628
699	6995870	2	11.1371
699	7912546	3	11.1863
699	7010079	4	11.2212
699	8405541	5	11.5195
699	1625359	6	11.5525
699	6961839	7	12.088
699	5506290	8	12.505
699	5888144	9	13.4648
699	5160748	10	13.6921
700	4611380	1	8.14831
700	417971	2	8.15517
700	5603287	3	8.29805
700	5577048	4	8.37059
700	1686265	5	8.47811
700	1811582	6	8.71062
700	6741411	7	8.96416
700	5796169	8	9.20215
700	7045328	9	9.55132
700	7262558	10	9.58251
701	5851443	1	7.49727
701	6715519	2	8.14082
701	562159	3	8.18803
701	2016983	4	8.35213
701	5869755	5	9.4875
701	5914799	6	9.85254
701	5869763	7	10.4125
701	8309727	8	10.7306
701	7025635	9	11.0925
701	7913729	10	11.7019
702	2671392	1	8.47896
702	5270723	2	8.66129
702	5468892	3	8.7938
702	3593444	4	8.90472
702	5228414	5	8.90595
702	8563739	6	9.15461
702	8628747	7	9.38564
702	4966756	8	11.2248
702	7924548	9	15.3679
702	5005251	10	21.8659
703	4703160	1	7.53832
703	5402890	2	7.61661
703	5227833	3	7.6955
703	4862435	4	7.91369
703	110970	5	7.99166
703	1101548	6	8.36251
703	1390218	7	9.38215
703	7271246	8	13.4342
703	6081341	9	16.0024
703	7428340	10	20.3709
704	3887328	1	8.26983
704	4134021	2	8.42141
704	690977	3	8.61172
704	106138	4	8.77437
704	2515118	5	9.1263
704	194692	6	9.80834
704	2993202	7	9.95366
704	2068677	8	11.4188
704	7258575	9	16.0289
704	7934341	10	26.6346
705	6273476	1	11.9397
705	987475	2	11.9871
705	4305426	3	12.0899
705	92436	4	12.3121
705	2516358	5	12.333
705	752385	6	13.1184
705	3696979	7	13.743
705	3336949	8	14.0183
705	7123421	9	16.3283
705	752380	10	16.5421
706	3221073	1	9.65582
706	7326561	2	9.67293
706	6625761	3	9.95698
706	6373520	4	10.2153
706	1769935	5	10.2438
706	855037	6	10.8735
706	6183748	7	11.3165
706	5027383	8	11.3823
706	5200778	9	15.3889
706	5386234	10	15.7741
707	4174475	1	9.5759
707	575782	2	9.58426
707	8288653	3	10.5134
707	4015754	4	11.2596
707	4558029	5	11.4595
707	1479156	6	14.4757
707	5493263	7	15.7249
707	1479154	8	16.3196
707	1818550	9	16.9388
707	3329746	10	19.1868
708	827623	1	5.83937
708	1184608	2	6.15818
708	5112667	3	6.35951
708	4705633	4	6.5411
708	8256532	5	6.5411
708	849521	6	7.0007
708	7139237	7	7.0007
708	2304867	8	8.04352
708	5218335	9	8.91103
708	7551972	10	23.2491
709	2551898	1	9.00756
709	7822119	2	9.00922
709	3040440	3	9.74385
709	5216622	4	10.0145
709	7429958	5	10.0809
709	1876401	6	10.4864
709	7012410	7	10.5736
709	4046819	8	10.7749
709	5094131	9	14.2652
709	2542167	10	15.5945
710	7268334	1	5.75583
710	1105592	2	5.78462
710	536973	3	5.81952
710	5690506	4	5.8389
710	2172125	5	5.85023
710	8082296	6	5.87056
710	1326532	7	6.07322
710	5303668	8	6.34739
710	7047185	9	7.48438
710	6918509	10	7.86696
711	7020652	1	7.8561
711	8251149	2	7.90031
711	2582981	3	8.82479
711	4848351	4	8.87817
711	5565807	5	10.1091
711	4027557	6	10.3111
711	8564862	7	10.5686
711	504533	8	12.0067
711	6798079	9	12.3212
711	8447066	10	14.0907
712	7649956	1	6.19663
712	5542661	2	6.33707
712	2485765	3	6.79697
712	3606262	4	6.88965
712	3478771	5	7.09537
712	2686816	6	7.74235
712	8006772	7	8.29118
712	5444497	8	8.6219
712	4199270	9	8.67836
712	3633550	10	22.674
713	7655906	1	6.5707
713	6306905	2	6.88299
713	571856	3	7.55846
713	5280757	4	7.57537
713	5166554	5	7.59261
713	7104998	6	7.6529
713	5911250	7	8.87383
713	5179525	8	8.89023
713	1490246	9	16.6113
713	1490243	10	16.6599
714	7953963	1	6.08952
714	1844039	2	6.35452
714	3483177	3	6.50679
714	1160689	4	7.77068
714	6331425	5	12.9195
714	6801844	6	13.706
714	2616943	7	14.3051
714	6801836	8	14.3546
714	1868442	9	15.8657
714	578447	10	16.1301
715	1087998	1	8.84459
715	6356620	2	8.93535
715	7423128	3	9.6107
715	6196771	4	10.9755
715	7941689	5	11.4293
715	3801571	6	14.3586
715	614972	7	14.4188
715	2257978	8	15.8881
715	4128346	9	17.508
715	8288927	10	17.7358
716	6903005	1	7.98019
716	8216515	2	8.52647
716	7124765	3	9.56165
716	1814141	4	11.5741
716	8052538	5	11.6211
716	3931567	6	13.4284
716	3434169	7	13.9548
716	1216801	8	14.8084
716	5698439	9	15.8976
716	4426607	10	16.8638
717	158656	1	7.77567
717	6098423	2	8.06672
717	122594	3	8.09083
717	3580425	4	8.10251
717	515370	5	8.21232
717	4753929	6	8.93292
717	217061	7	9.57469
717	217059	8	9.60779
717	7889412	9	12.1833
717	2540807	10	12.5201
718	6966689	1	10.4476
718	4822148	2	10.5142
718	102934	3	10.7978
718	3102140	4	11.1546
718	4822153	5	11.6406
718	4651534	6	11.669
718	3526844	7	11.8869
718	3265647	8	12.8445
718	4319614	9	13.4799
718	5066770	10	15.2804
719	2218806	1	8.5484
719	7430216	2	11.5311
719	4302339	3	11.624
719	6909086	4	11.867
719	8427322	5	12.6813
719	6109293	6	13.9373
719	2062380	7	14.7086
719	4475946	8	14.7522
719	7630154	9	16.9053
719	7954622	10	19.8056
720	5385085	1	6.393
720	6196864	2	6.6578
720	8215377	3	7.36113
720	1444165	4	7.36128
720	6115656	5	7.42169
720	8481660	6	7.46087
720	7129296	7	10.0605
720	3583888	8	11.6168
720	8522428	9	13.2329
720	1933329	10	15.9877
721	3574804	1	12.1232
721	1592962	2	12.2829
721	2699353	3	12.7067
721	2665626	4	12.8916
721	6981682	5	13.3267
721	2600978	6	14.1194
721	6952519	7	14.2705
721	4321516	8	14.528
721	1362368	9	16.6153
721	2088211	10	16.6796
722	7972215	1	7.29634
722	2126562	2	7.80657
722	6173981	3	8.10984
722	26237	4	8.47602
722	2195030	5	8.8453
722	3720780	6	9.06589
722	462605	7	9.11662
722	3720782	8	9.19516
722	8375191	9	16.4186
722	7567908	10	17.6131
723	8244580	1	8.29497
723	2393442	2	8.65544
723	5872287	3	9.72985
723	6764354	4	9.76052
723	4030590	5	10.0024
723	1057780	6	10.1212
723	7523645	7	10.1489
723	3565556	8	10.4611
723	3721593	9	10.9483
723	1891998	10	11.4276
724	8214916	1	7.58296
724	4083982	2	7.716
724	5871834	3	7.82041
724	308330	4	7.87375
724	1912621	5	7.95851
724	462476	6	7.96745
724	6606249	7	8.03034
724	6257961	8	8.18609
724	3250143	9	11.6366
724	3250146	10	11.8054
725	7023104	1	11.2363
725	731090	2	12.3235
725	5772465	3	12.7394
725	294197	4	13.0111
725	1445475	5	13.1074
725	7677056	6	13.2268
725	1737163	7	14.1082
725	290811	8	16.3902
725	5916048	9	16.4452
725	4248771	10	18.8342
726	1763776	1	16.5575
726	1211486	2	17.06
726	1070440	3	17.1253
726	776980	4	17.6526
726	5723664	5	18.8082
726	2260056	6	19.0907
726	7013995	7	19.673
726	5898567	8	19.898
726	3198606	9	21.0417
726	1768541	10	22.188
727	5655044	1	7.53019
727	4137255	2	7.74345
727	8373415	3	7.92126
727	7275319	4	8.00161
727	132838	5	8.27184
727	7842011	6	8.30326
727	2063434	7	8.44302
727	979166	8	8.97873
727	4632445	9	10.0419
727	2118598	10	10.1273
728	2478636	1	6.80266
728	902841	2	6.93796
728	7814081	3	7.15108
728	7152381	4	7.55197
728	1759080	5	8.50161
728	1980655	6	9.57915
728	4859324	7	9.66778
728	1101819	8	10.1345
728	4352416	9	14.0062
728	4517025	10	19.96
729	1844069	1	8.99796
729	4174688	2	9.06516
729	1817430	3	9.10402
729	8575393	4	9.67743
729	240351	5	9.95639
729	3761004	6	10.4535
729	227217	7	10.7668
729	7977498	8	11.4606
729	8522162	9	11.5352
729	8342247	10	15.6265
730	1294357	1	13.3112
730	6179839	2	14.0503
730	1515724	3	14.137
730	2712410	4	14.3426
730	1326643	5	14.3896
730	1980115	6	14.6902
730	7755419	7	15.4539
730	7548443	8	15.7587
730	785896	9	15.7716
730	7384306	10	19.66
731	908079	1	6.6286
731	3730867	2	7.43374
731	3689072	3	7.58981
731	6624832	4	7.62227
731	8066376	5	7.63169
731	933973	6	8.0899
731	1299223	7	8.21826
731	81732	8	9.54875
731	1163422	9	9.64576
731	4724480	10	10.8988
732	2441008	1	8.64291
732	1560070	2	8.80034
732	6339766	3	8.92588
732	2013253	4	9.28044
732	5000656	5	9.40964
732	1354840	6	9.64098
732	285922	7	9.65206
732	6938584	8	10.3961
732	2117044	9	12.0648
732	2013247	10	12.7627
733	8528369	1	12.6207
733	4384242	2	12.8379
733	2712115	3	12.9489
733	7988857	4	13.0581
733	8016626	5	13.9099
733	8016621	6	13.9608
733	8462214	7	14.2242
733	197808	8	14.6472
733	7601487	9	14.9131
733	7031890	10	16.0754
734	5549298	1	7.83171
734	413630	2	7.88154
734	4545160	3	7.93928
734	3404245	4	11.5184
734	5289943	5	11.6208
734	4094591	6	12.1728
734	442511	7	12.2087
734	4162333	8	13.4622
734	4524061	9	14.4816
734	5250468	10	17.2214
735	1955069	1	12.3435
735	4808756	2	12.7347
735	8458299	3	12.7699
735	3125713	4	12.8517
735	3656110	5	13.1896
735	8524419	6	13.3326
735	899710	7	14.4281
735	7743571	8	15.7062
735	6852791	9	15.9135
735	7724826	10	16.0082
736	1796470	1	8.08628
736	3370836	2	8.08914
736	5003724	3	8.10283
736	5173037	4	8.24827
736	6945461	5	8.41217
736	5905026	6	8.472
736	3881405	7	9.05892
736	4440910	8	9.29633
736	5957726	9	13.5615
736	1580890	10	14.7425
737	1088665	1	6.93529
737	6927426	2	7.20106
737	4134622	3	7.267
737	6555047	4	7.50044
737	6320557	5	8.44419
737	6320562	6	8.57484
737	2520022	7	8.67392
737	4840821	8	10.3671
737	2216407	9	11.2265
737	6041087	10	11.7649
738	7456003	1	6.67517
738	4532288	2	7.02507
738	2298301	3	7.05298
738	1926010	4	8.09419
738	7740327	5	8.42542
738	759110	6	9.46784
738	511343	7	9.55866
738	1768409	8	11.7833
738	7641774	9	11.9399
738	5180500	10	17.6284
739	4912322	1	7.0939
739	4562693	2	7.18919
739	4497181	3	7.2543
739	550155	4	7.99961
739	35272	5	8.29687
739	6912105	6	8.46096
739	1860054	7	8.60862
739	2663420	8	8.6724
739	2663425	9	9.58566
739	4188564	10	9.659
740	5240742	1	5.31911
740	7339010	2	5.54771
740	259864	3	5.96395
740	1248153	4	5.97514
740	2238676	5	6.18236
740	1337466	6	6.30946
740	1248264	7	6.64384
740	6807203	8	10.0035
740	5653332	9	16.0261
740	309146	10	18.1878
741	6150880	1	9.89262
741	3927034	2	9.97481
741	8186108	3	10.0352
741	8186101	4	10.0381
741	4296294	5	10.1735
741	5515278	6	10.4449
741	2207739	7	11.5982
741	1453952	8	12.3024
741	5329668	9	12.6356
741	2178974	10	13.708
742	5815337	1	8.64388
742	1329319	2	8.97598
742	5959616	3	9.87675
742	2570437	4	10.2213
742	540056	5	10.4419
742	7467739	6	11.0894
742	8385700	7	12.2293
742	6455787	8	16.3474
742	6705289	9	19.7808
742	641205	10	21.52
743	6160818	1	10.0854
743	799775	2	10.4855
743	6629896	3	10.5127
743	1317984	4	10.5292
743	2318537	5	10.7313
743	6430956	6	10.7628
743	8153155	7	11.0068
743	6068878	8	11.2107
743	7806925	9	12.8479
743	6269321	10	14.2916
744	1379349	1	8.59186
744	1167198	2	8.91608
744	4399965	3	8.93777
744	651370	4	9.44618
744	588117	5	9.9064
744	7050464	6	11.6079
744	8529085	7	11.6583
744	6334251	8	11.9209
744	5010499	9	14.2504
744	2142142	10	18.6047
745	201845	1	14.2378
745	5581374	2	14.4389
745	2899248	3	14.8697
745	1995255	4	15.2383
745	396105	5	16.0223
745	2027390	6	16.2496
745	3547424	7	16.9632
745	6196760	8	17.9338
745	2531400	9	18.7653
745	1865266	10	21.3068
746	4605876	1	8.90199
746	6784481	2	8.93677
746	3321695	3	9.46552
746	6045053	4	9.66547
746	3624528	5	9.92514
746	4554861	6	11.8932
746	3247788	7	12.6038
746	3281258	8	13.0428
746	3535911	9	16.0945
746	3064575	10	16.9178
747	6102652	1	11.5777
747	6323112	2	13.157
747	5048866	3	13.817
747	1588516	4	13.8302
747	5469774	5	13.9123
747	482609	6	14.6685
747	1637616	7	15.0718
747	1265603	8	15.3822
747	886863	9	23.9853
747	7599384	10	24.7501
748	2135466	1	14.561
748	4294114	2	14.6887
748	7425556	3	14.8673
748	6107853	4	15.4429
748	6034337	5	16.1252
748	1247903	6	16.2539
748	2009850	7	16.3271
748	2999842	8	16.51
748	2999849	9	17.6454
748	7154587	10	17.6823
749	8498049	1	8.22549
749	7311777	2	8.36956
749	8257145	3	8.93851
749	4944429	4	9.3864
749	1637785	5	10.0092
749	6427313	6	10.3084
749	2797822	7	10.8627
749	120093	8	14.9288
749	6669878	9	15.0548
749	467324	10	16.02
750	780883	1	7.84949
750	6285200	2	8.43389
750	4714823	3	9.02082
750	5306436	4	9.68964
750	3564738	5	9.82818
750	2426920	6	9.87613
750	3838560	7	10.6207
750	3690496	8	12.9132
750	6462613	9	13.7742
750	1311335	10	15.3756
751	6160818	1	8.75713
751	1317984	2	8.91526
751	2318537	3	8.98358
751	6430956	4	9.12549
751	1014000	5	9.22655
751	6629896	6	9.25388
751	7806925	7	9.50992
751	8153155	8	9.60558
751	799775	9	9.8952
751	6269321	10	10.6966
752	3707972	1	10.3594
752	8319507	2	10.5727
752	715391	3	10.7138
752	6522657	4	10.8674
752	7590472	5	11.2337
752	372893	6	11.2413
752	4215111	7	11.4506
752	7935355	8	12.0315
752	3194118	9	12.4446
752	515849	10	18.7733
753	1128617	1	5.8686
753	5768827	2	5.86971
753	249848	3	5.92166
753	5508261	4	6.97383
753	638459	5	7.02291
753	1567990	6	7.33221
753	8058920	7	8.77136
753	6810287	8	9.17506
753	966501	9	11.3619
753	4788501	10	11.6093
754	8499743	1	8.73946
754	7806925	2	8.84702
754	799775	3	8.87648
754	1317984	4	8.90923
754	8153155	5	8.91328
754	3444102	6	9.12866
754	2318537	7	9.19879
754	6430956	8	9.40366
754	1014000	9	9.41972
754	6160818	10	9.76723
755	2318537	1	8.18784
755	7806925	2	8.20217
755	6430956	3	8.30622
755	6122687	4	8.34732
755	1317984	5	8.36036
755	1014000	6	8.38728
755	6068878	7	8.57124
755	822104	8	8.9916
755	6160818	9	8.99765
755	8499750	10	11.2329
756	2012955	1	6.57163
756	8329350	2	6.80357
756	3137978	3	6.96464
756	3627938	4	7.05825
756	831652	5	7.06749
756	2861029	6	7.10282
756	2188006	7	7.39901
756	2032855	8	7.82796
756	2733239	9	8.56326
756	8627097	10	9.45266
757	5205195	1	9.81462
757	6640427	2	10.5796
757	3861392	3	10.7203
757	2363954	4	10.7249
757	6640696	5	10.8093
757	3495222	6	12.2051
757	1477486	7	12.2983
757	1477482	8	12.3885
757	5336109	9	13.9429
757	4435043	10	16.0732
758	5884533	1	10.2377
758	4578354	2	11.1671
758	8178954	3	11.5264
758	6161367	4	12.3199
758	7701535	5	12.9674
758	5963167	6	13.4908
758	890804	7	13.5658
758	5547491	8	13.7363
758	7746029	9	14.4111
758	1740109	10	20.6532
759	3498226	1	9.75428
759	7193386	2	9.75807
759	6161367	3	9.83052
759	7746029	4	10.0953
759	5547491	5	10.6919
759	2791221	6	10.7461
759	5884533	7	10.8744
759	1018865	8	11.5005
759	2240066	9	15.4825
759	5689163	10	17.1374
760	5123022	1	8.60284
760	1660858	2	9.29104
760	7873671	3	9.55093
760	1072266	4	10.1908
760	497773	5	10.8646
760	5541821	6	11.2513
760	1664087	7	11.4253
760	3387851	8	13.4924
760	4297946	9	13.6629
760	1355816	10	14.7805
761	2938289	1	8.17521
761	6699978	2	8.52687
761	3475845	3	8.93833
761	5059180	4	8.96567
761	3866391	5	9.0271
761	780433	6	9.18228
761	3729176	7	9.49226
761	4512114	8	9.77123
761	2310711	9	10.1124
761	7315701	10	11.3014
762	4406648	1	10.5394
762	6600195	2	10.5531
762	6724105	3	10.634
762	2181373	4	10.722
762	2048648	5	10.7975
762	4033473	6	11.0025
762	4033472	7	11.0098
762	659577	8	11.0717
762	946246	9	11.1914
762	3038342	10	19.5896
763	189491	1	8.39349
763	398013	2	8.92566
763	7259451	3	10.4791
763	3467084	4	10.968
763	7263159	5	12.7147
763	7471927	6	13.1742
763	6381694	7	14.5493
763	3963307	8	19.1834
763	3963308	9	19.189
763	7346833	10	21.3867
764	2696954	1	6.03157
764	466484	2	6.03679
764	8395024	3	6.51947
764	8312491	4	6.80424
764	5869152	5	6.96238
764	7069774	6	7.09438
764	7006930	7	8.68559
764	1380763	8	9.29509
764	5041015	9	12.8067
764	2333572	10	13.2042
765	1920300	1	6.41875
765	6194783	2	6.54155
765	7456811	3	6.72199
765	4378042	4	6.78127
765	1239424	5	6.83291
765	2589843	6	7.54983
765	8628852	7	8.53811
765	1032343	8	8.68776
765	6630347	9	9.81689
765	1299441	10	9.87131
766	8149708	1	6.01209
766	8102619	2	7.61784
766	4598406	3	8.43451
766	1705680	4	8.5644
766	8423087	5	10.5773
766	4781161	6	10.6995
766	6254989	7	15.9579
766	6254985	8	17.5784
766	5675885	9	17.5965
766	740098	10	18.4417
767	2181373	1	9.21732
767	7894673	2	9.22482
767	1457176	3	9.26435
767	6600195	4	9.26459
767	659577	5	9.39211
767	3038342	6	9.62057
767	1051342	7	11.4926
767	4033472	8	11.8345
767	4033473	9	11.842
767	946246	10	14.0986
768	2139105	1	5.18089
768	1813986	2	5.32035
768	1394105	3	6.05696
768	5381158	4	6.42314
768	5961891	5	6.53434
768	3380890	6	6.60112
768	3994887	7	8.30956
768	759156	8	8.66504
768	5551959	9	10.7089
768	981401	10	11.9246
769	5901713	1	8.28627
769	7900938	2	8.66249
769	8276053	3	8.72636
769	673576	4	9.07917
769	4654404	5	9.43127
769	6951996	6	9.64453
769	1333569	7	9.94372
769	2941725	8	11.5804
769	7491468	9	13.7953
769	8502819	10	14.0224
770	424818	1	9.32499
770	2318537	2	9.36248
770	7806925	3	9.38189
770	8153155	4	9.38705
770	1317984	5	9.65383
770	6269321	6	9.67404
770	6430956	7	9.71934
770	6160818	8	9.94749
770	799775	9	10.203
770	1014000	10	10.9216
771	2916785	1	10.3351
771	3776800	2	10.9447
771	1841571	3	10.998
771	7605925	4	11.1332
771	2406357	5	11.1945
771	6493315	6	11.2011
771	4121108	7	11.7181
771	3045654	8	12.247
771	4692846	9	14.8898
771	5805627	10	19.1923
772	8427838	1	7.35483
772	854209	2	7.36997
772	6630090	3	7.47885
772	5839891	4	7.61363
772	6809371	5	7.66965
772	1223296	6	7.85907
772	447106	7	8.10838
772	8395366	8	8.22025
772	1700074	9	8.58697
772	3652084	10	8.60055
773	6722330	1	11.6418
773	5990532	2	11.669
773	5598548	3	12.0684
773	1718059	4	12.3342
773	19855	5	12.5047
773	4152124	6	12.8997
773	6942419	7	13.3107
773	5058275	8	13.7375
773	227436	9	13.8524
773	741553	10	17.2182
774	6887687	1	9.72452
774	4691480	2	10.0357
774	7331849	3	10.3803
774	7543242	4	10.733
774	3577782	5	10.8959
774	2955153	6	11.1384
774	4080439	7	12.3406
774	6830103	8	15.763
774	6205454	9	16.7862
774	336870	10	17.0067
775	7504433	1	8.28048
775	4533118	2	8.7026
775	7698755	3	9.06722
775	7922406	4	9.17108
775	1553623	5	9.37102
775	4091164	6	9.5484
775	4769648	7	9.59904
775	4438889	8	13.1142
775	1008678	9	16.0511
775	873447	10	17.0029
776	1366407	1	6.6204
776	5340609	2	7.1479
776	2950381	3	7.77637
776	125558	4	8.25788
776	3047465	5	9.04333
776	1767943	6	9.65116
776	2686037	7	9.77873
776	1046804	8	9.98064
776	2236915	9	17.7058
776	2236918	10	18.0148
777	1317984	1	10.5689
777	6122687	2	10.5725
777	1014000	3	10.699
777	822104	4	10.7122
777	2318537	5	10.7306
777	8153155	6	10.7749
777	7806925	7	10.8005
777	6269321	8	10.91
777	6430956	9	11.0392
777	6160818	10	12.131
778	2892952	1	5.78935
778	4431222	2	5.89401
778	7341074	3	6.48092
778	5067035	4	6.6325
778	7779617	5	7.84379
778	4660282	6	7.88747
778	5721673	7	9.07426
778	7978337	8	9.4819
778	2150662	9	11.1117
778	6285764	10	12.1104
779	5514383	1	7.20052
779	8400713	2	7.23928
779	7181902	3	7.61922
779	2518615	4	7.61922
779	7503145	5	7.86861
779	5956447	6	8.01648
779	6992815	7	8.36876
779	6822825	8	9.63609
779	2981052	9	10.6445
779	1832956	10	11.7393
780	1513682	1	8.97945
780	4206950	2	9.535
780	7498111	3	10.5594
780	7873552	4	11.2849
780	6469825	5	12.1427
780	5526977	6	12.564
780	1696608	7	13.2173
780	1760617	8	13.7885
780	4919450	9	16.1265
780	4244884	10	19.9085
781	7180543	1	9.28286
781	7180538	2	9.46118
781	5278044	3	9.66226
781	8129341	4	9.66645
781	698276	5	10.1137
781	598755	6	10.3935
781	6189358	7	11.9364
781	944187	8	16.9795
781	2386118	9	20.2209
781	307675	10	21.343
782	1695683	1	8.77199
782	4908095	2	8.83632
782	7645777	3	8.99795
782	7307362	4	9.34204
782	5942982	5	9.47578
782	2566942	6	10.1251
782	7726041	7	10.4898
782	1946210	8	10.4944
782	6210258	9	10.5244
782	5215674	10	12.4893
783	5519641	1	9.0783
783	41806	2	9.14172
783	4533394	3	9.80347
783	1836652	4	10.2907
783	8447806	5	10.6605
783	7040349	6	10.7633
783	5859390	7	10.8542
783	96533	8	12.9622
783	3427348	9	22.2607
783	8109198	10	22.3068
784	3771475	1	9.96268
784	7476436	2	9.99163
784	7129884	3	10.5085
784	2454545	4	10.6082
784	4216120	5	11.1102
784	5967065	6	11.1546
784	5146862	7	12.0992
784	8163420	8	12.7772
784	6382551	9	14.1911
784	784676	10	14.6005
785	178250	1	7.90905
785	7538465	2	8.04585
785	2159226	3	8.23061
785	2538842	4	8.40019
785	6587339	5	8.55021
785	8363020	6	8.84056
785	5913619	7	8.96011
785	3488492	8	9.32597
785	3029023	9	10.8949
785	5104333	10	13.6765
786	4385656	1	7.85788
786	5826326	2	8.02414
786	4849535	3	8.26797
786	5923964	4	9.46789
786	1065772	5	10.5653
786	2958925	6	10.8891
786	6943865	7	11.3698
786	6086790	8	12.054
786	7720813	9	12.3121
786	6000316	10	13.6221
787	4249853	1	13.0393
787	24071	2	13.1345
787	5497287	3	14.842
787	4363163	4	17.0269
787	1666650	5	17.1326
787	2649712	6	17.3586
787	3495135	7	17.625
787	7213863	8	19.7068
787	2611362	9	20.103
787	3447647	10	20.4539
788	7289712	1	6.81344
788	855171	2	7.07432
788	5910352	3	7.33143
788	5479041	4	7.70881
788	7606413	5	9.55135
788	3395434	6	9.66233
788	2564539	7	9.7059
788	2201922	8	9.93494
788	2799166	9	20.0354
788	8495669	10	21.5598
789	8153155	1	9.06312
789	6068878	2	9.10988
789	6430956	3	9.1742
789	6122687	4	9.35542
789	6160818	5	9.36922
789	1014000	6	9.41262
789	6629896	7	9.5103
789	7806925	8	10.1216
789	799775	9	10.9617
789	6269321	10	11.1933
790	2318537	1	11.083
790	1014000	2	11.2248
790	6269321	3	11.3861
790	8153155	4	11.4288
790	6430956	5	11.8359
790	822104	6	12.6272
790	7806925	7	12.9909
790	799775	8	13.1331
790	6160818	9	13.5877
790	6122687	10	14.0608
791	5025384	1	7.36717
791	2224917	2	7.49739
791	4148389	3	8.6769
791	708196	4	9.64083
791	1135929	5	10.7765
791	7927325	6	13.4108
791	4985542	7	14.3342
791	8507541	8	14.5765
791	6380733	9	15.3978
791	5799196	10	19.7959
792	3128508	1	7.63948
792	2005548	2	8.10052
792	4254641	3	8.45825
792	8488580	4	11.1021
792	6173546	5	11.3633
792	5125992	6	12.5031
792	8126572	7	12.5603
792	7128281	8	15.561
792	4673176	9	15.5822
792	981358	10	16.7228
793	2166063	1	6.98115
793	1676657	2	7.12679
793	6648272	3	7.23084
793	5383611	4	7.26641
793	2352381	5	8.03893
793	3255659	6	8.33538
793	8124448	7	8.48455
793	968257	8	8.58253
793	5383609	9	8.7413
793	5873915	10	8.88048
794	6450638	1	9.39669
794	5061003	2	9.47712
794	6009067	3	9.56862
794	586068	4	10.1739
794	1272639	5	10.175
794	5951846	6	10.2191
794	1297813	7	10.7066
794	6909193	8	11.1799
794	1840638	9	11.9088
794	2111203	10	15.751
795	1308131	1	7.24956
795	6422296	2	7.40131
795	1034941	3	7.66667
795	3071870	4	7.76089
795	7133021	5	8.51582
795	3580741	6	8.66035
795	1263339	7	10.2388
795	2774010	8	10.7964
795	966370	9	18.0879
795	966367	10	18.2106
796	6829270	1	10.7016
796	2427566	2	10.7053
796	4917060	3	10.7642
796	8027035	4	11.2191
796	1595978	5	11.2928
796	1984735	6	13.4847
796	35467	7	13.6973
796	4898670	8	14.56
796	7201216	9	17.3407
796	7192420	10	18.1301
797	6629896	1	10.4254
797	2318537	2	10.6996
797	8153155	3	10.7409
797	7806925	4	10.7471
797	1317984	5	10.8493
797	6269321	6	10.9536
797	6430956	7	11.1077
797	6160818	8	11.3832
797	799775	9	11.7316
797	1014000	10	16.867
798	8360583	1	9.05774
798	4814429	2	9.40107
798	1155431	3	10.0212
798	2173659	4	10.3614
798	4807728	5	11.0449
798	8110747	6	11.1982
798	2829350	7	11.4477
798	837514	8	11.5788
798	156235	9	12.2155
798	7411603	10	12.3225
799	8153155	1	7.73087
799	2318537	2	7.87258
799	6269321	3	7.89409
799	1317984	4	7.97801
799	6430956	5	8.07456
799	424818	6	8.31308
799	6122687	7	8.56734
799	6160818	8	8.7339
799	1014000	9	13.2959
799	799775	10	14.9585
800	4684021	1	12.6785
800	8029773	2	12.8836
800	4476366	3	13.765
800	7481341	4	13.8678
800	4481637	5	15.3699
800	398130	6	16.0217
800	815929	7	20.1995
800	8067409	8	20.8659
800	4043199	9	22.2348
800	7848424	10	22.8551
801	6715334	1	10.3749
801	3539378	2	10.6636
801	3187778	3	10.9313
801	6921738	4	11.1417
801	4342376	5	11.6182
801	2924026	6	11.7059
801	1184109	7	11.7582
801	1184110	8	12.1158
801	2474815	9	15.7001
801	404823	10	20.2918
802	7924177	1	5.78386
802	2558208	2	5.78579
802	3607658	3	5.94944
802	4876141	4	6.23733
802	3065171	5	6.24651
802	4495908	6	6.47938
802	1470664	7	6.57881
802	3090725	8	7.47808
802	446285	9	7.5858
802	3621862	10	7.75745
803	8416011	1	11.4286
803	8416012	2	11.4347
803	6375453	3	12.9892
803	6593204	4	13.369
803	402693	5	14.7122
803	359274	6	15.3098
803	8407359	7	15.7208
803	402690	8	15.88
803	5828943	9	16.1939
803	6674265	10	19.411
804	5142012	1	5.65815
804	8071417	2	5.75329
804	244903	3	5.95868
804	2882425	4	6.08226
804	8116988	5	6.29911
804	2554735	6	6.44233
804	2760839	7	6.44635
804	1531322	8	6.61314
804	5115696	9	12.6758
804	5115691	10	12.6919
805	4203087	1	7.73201
805	2095794	2	7.80301
805	1205848	3	8.60411
805	1170362	4	9.04884
805	2049652	5	9.18183
805	2043005	6	9.50211
805	1428673	7	11.1032
805	5878189	8	11.3394
805	832356	9	14.5123
805	5396435	10	16.8871
806	1332503	1	9.07654
806	1459626	2	9.4064
806	19265	3	10.5175
806	3241702	4	11.6037
806	3721375	5	12.5977
806	914326	6	15.3711
806	6795649	7	15.7052
806	914324	8	15.8286
806	5809044	9	17.2429
806	7526941	10	23.9587
807	4957983	1	9.42864
807	1835350	2	9.83404
807	2993476	3	9.88406
807	4451666	4	10.0794
807	6207218	5	10.6688
807	3244993	6	11.0909
807	1319018	7	11.2223
807	3164706	8	11.2622
807	2935414	9	13.5843
807	976054	10	13.5972
808	3304450	1	8.52691
808	6384433	2	9.43161
808	7264354	3	10.0091
808	4819938	4	10.1897
808	4378187	5	10.331
808	6552530	6	10.7355
808	1407704	7	14.9168
808	2001944	8	15.7986
808	5649045	9	16.9579
808	5805875	10	17.1829
809	7020010	1	8.54266
809	5313588	2	8.55625
809	8476565	3	8.6128
809	367057	4	9.39618
809	3528395	5	9.53352
809	6125876	6	9.74559
809	2183620	7	9.9318
809	6696281	8	9.93973
809	1819402	9	10.8394
809	8631516	10	10.9061
810	7172609	1	7.73173
810	7494631	2	7.75438
810	5841273	3	8.81048
810	3910776	4	8.89791
810	2856586	5	9.83191
810	2770636	6	10.009
810	153590	7	10.2422
810	8062194	8	10.5018
810	3622354	9	10.914
810	3542387	10	15.1461
811	3065453	1	6.42759
811	3427611	2	6.79932
811	1749180	3	7.08222
811	103581	4	7.38381
811	5363732	5	7.84605
811	7657233	6	7.96977
811	2321324	7	8.58423
811	2336792	8	9.3401
811	4655496	9	11.014
811	4655500	10	11.9348
812	3169235	1	10.8539
812	5245939	2	10.9119
812	7428903	3	10.964
812	1356007	4	11.6651
812	6723319	5	12.0148
812	3503218	6	13.0383
812	823621	7	13.3021
812	1374605	8	13.338
812	1869308	9	13.435
812	1745692	10	17.8951
813	4360867	1	7.92106
813	1324267	2	10.3881
813	2624540	3	10.7755
813	1324237	4	12.5983
813	6198957	5	13.5865
813	939180	6	14.3593
813	939181	7	14.5005
813	3124322	8	15.349
813	3965970	9	16.4236
813	4783042	10	16.798
814	2553465	1	12.6788
814	2746743	2	12.7494
814	6538589	3	13.1574
814	8118149	4	14.096
814	1043888	5	15.3249
814	5052573	6	15.5199
814	3981222	7	16.38
814	7749478	8	18.0134
814	7341702	9	18.4365
814	7341697	10	18.5585
815	6823658	1	9.09164
815	8176800	2	9.78298
815	6473112	3	10.1027
815	7554417	4	11.2699
815	2141617	5	11.4309
815	3115050	6	11.4796
815	108243	7	11.6844
815	7523454	8	11.8958
815	7753718	9	13.162
815	8247435	10	18.7029
816	3699614	1	7.42699
816	7401590	2	7.51553
816	5079788	3	7.84604
816	4856381	4	8.00017
816	5285060	5	9.31888
816	838729	6	9.37334
816	2426798	7	9.66348
816	1397244	8	10.7624
816	8065780	9	12.5274
816	6570352	10	17.9977
817	2228248	1	7.26783
817	5763207	2	7.2901
817	6394473	3	7.36499
817	7123219	4	7.42927
817	6482408	5	7.43784
817	1730198	6	7.55465
817	2436167	7	7.55583
817	5754503	8	7.73926
817	5759864	9	7.75526
817	5780684	10	9.48682
818	110700	1	6.02328
818	7549959	2	6.07853
818	4108023	3	6.3024
818	4458170	4	6.7952
818	3961912	5	7.19976
818	4540919	6	7.50142
818	3578414	7	7.69006
818	4540921	8	7.86122
818	7618395	9	8.38033
818	7358067	10	9.12123
819	3627881	1	5.30272
819	6321642	2	5.59858
819	5994055	3	5.70492
819	6423340	4	5.81823
819	5164197	5	6.13064
819	3145892	6	6.20336
819	1214657	7	6.67406
819	2916891	8	6.93797
819	6873238	9	7.25343
819	56640	10	7.82863
820	7704651	1	9.10518
820	1898385	2	9.17825
820	1603232	3	9.22854
820	2135760	4	9.3345
820	7085056	5	9.74283
820	7433128	6	9.88984
820	7071312	7	10.3724
820	8125677	8	10.5205
820	7477437	9	10.8457
820	6448488	10	11.3367
821	2142278	1	5.88112
821	1592919	2	5.9372
821	3661698	3	6.25354
821	4022858	4	6.66423
821	2810219	5	6.70356
821	4966142	6	7.34056
821	8150012	7	7.47063
821	8673	8	9.76493
821	3465479	9	10.0744
821	1400597	10	15.3163
822	5096030	1	7.25915
822	3311010	2	7.27606
822	1434454	3	7.4427
822	1232178	4	8.02623
822	7715243	5	8.22578
822	339144	6	8.29564
822	931320	7	9.58741
822	1302007	8	11.5123
822	5756561	9	13.333
822	8628686	10	13.4569
823	5895982	1	9.84779
823	2259344	2	9.85201
823	4349635	3	9.97863
823	1044619	4	10.1089
823	6666305	5	10.2976
823	5414500	6	11.9475
823	2384627	7	13.8435
823	501971	8	14.5658
823	2829545	9	14.9602
823	7881899	10	17.0265
824	6153051	1	9.41027
824	7968488	2	9.44509
824	158027	3	9.49535
824	5726651	4	9.80569
824	8239192	5	10.1392
824	271949	6	10.6273
824	5237483	7	10.7707
824	2617763	8	11.3845
824	5069309	9	12.1332
824	467627	10	13.5013
825	4785139	1	10.6161
825	7336622	2	11.1531
825	3717697	3	11.7608
825	6934666	4	11.9642
825	7806747	5	13.1308
825	3280540	6	14.3962
825	5219164	7	16.8505
825	4876925	8	17.6591
825	2248003	9	17.8928
825	7400282	10	19.6038
826	521632	1	12.7984
826	2564390	2	12.8949
826	2513058	3	13.8967
826	6171386	4	13.9539
826	7432313	5	17.9665
826	6377605	6	20.4646
826	3538002	7	21.5609
826	6377609	8	21.8978
826	5369362	9	22.0216
826	361923	10	22.5973
827	6051342	1	5.57261
827	5996430	2	5.94922
827	5780570	3	5.95401
827	3992255	4	6.05768
827	1265551	5	6.35533
827	7710950	6	7.07004
827	4518142	7	7.90811
827	3936151	8	9.61306
827	3781219	9	10.0349
827	4408486	10	12.8421
828	8169857	1	9.57824
828	6834690	2	9.64278
828	7333175	3	9.91288
828	647365	4	9.93758
828	4500557	5	10.1865
828	6970618	6	10.2197
828	4696099	7	10.7301
828	4496515	8	20.657
828	4790385	9	21.6458
828	5009533	10	21.6699
829	61654	1	9.00531
829	626249	2	9.16986
829	6734935	3	9.57521
829	2068179	4	9.72469
829	6477930	5	10.2264
829	7702497	6	10.249
829	1789263	7	10.5547
829	8299291	8	10.8947
829	8450089	9	11.4106
829	636414	10	12.6741
830	3808886	1	6.70145
830	1537216	2	6.76728
830	4584573	3	6.93636
830	6289871	4	7.11056
830	3855277	5	7.3578
830	3838684	6	9.02427
830	7636942	7	10.4029
830	2869109	8	12.1821
830	678122	9	13.2374
830	3661998	10	14.6785
831	7112167	1	7.48327
831	6650772	2	7.6671
831	3184965	3	7.95639
831	6527686	4	8.20064
831	106627	5	8.42088
831	3506775	6	8.61375
831	5801862	7	8.73425
831	1952433	8	9.76937
831	6104077	9	10.6301
831	1622160	10	10.6632
832	7316793	1	8.71519
832	4408486	2	8.82409
832	7583243	3	8.84983
832	3781219	4	9.01642
832	794697	5	9.29951
832	102878	6	10.1966
832	4024795	7	10.6438
832	4274180	8	11.2111
832	6478921	9	11.3992
832	7666203	10	13.8289
833	5307963	1	8.58453
833	1671222	2	8.96919
833	2765085	3	9.08964
833	7550420	4	9.47159
833	511018	5	10.7886
833	4232040	6	11.2053
833	7217924	7	12.2763
833	2709127	8	12.4122
833	2284824	9	17.0808
833	3254458	10	19.2737
834	7462655	1	8.41472
834	3663970	2	8.47489
834	564440	3	8.57722
834	5065071	4	8.73782
834	5475189	5	8.88577
834	2686531	6	9.21911
834	1445818	7	10.2161
834	3604769	8	10.8282
834	4310391	9	15.2681
834	7725919	10	22.6445
835	5173453	1	8.35088
835	511018	2	8.72817
835	5772124	3	8.76603
835	2433859	4	9.50772
835	2709127	5	9.80542
835	1671222	6	10.2281
835	5307963	7	12.0069
835	7240622	8	12.783
835	7550420	9	13.5664
835	5307965	10	16.8626
836	1659241	1	4.55968
836	3718400	2	4.66194
836	5123707	3	4.68924
836	864422	4	4.88748
836	1900774	5	6.49972
836	5792509	6	6.70979
836	3995666	7	7.24283
836	2912325	8	7.41166
836	7970634	9	9.16435
836	2857279	10	9.7223
837	5273226	1	8.81169
837	2747382	2	8.99317
837	7332940	3	9.06672
837	5857959	4	9.18594
837	7508995	5	9.42885
837	5739730	6	9.47787
837	7899700	7	10.7431
837	3261643	8	11.1042
837	5873077	9	12.0317
837	8198597	10	21.113
838	6555858	1	9.53542
838	5624979	2	9.79927
838	1506466	3	9.87943
838	8113964	4	10.2724
838	6332025	5	10.5158
838	860549	6	11.5738
838	7148751	7	12.1234
838	5004978	8	12.7492
838	7172356	9	12.8321
838	7371968	10	16.6784
839	5970556	1	9.17446
839	4320662	2	9.3561
839	4135602	3	9.3753
839	4723598	4	9.50745
839	7740829	5	9.90098
839	1968802	6	10.1294
839	5174598	7	10.3194
839	2481027	8	11.9364
839	4931479	9	12.7584
839	4931481	10	13.0268
840	5878980	1	8.43344
840	6892978	2	8.74895
840	1460497	3	8.89161
840	1144357	4	9.45513
840	5423912	5	9.52713
840	7632590	6	10.84
840	4518641	7	11.1041
840	4400484	8	11.5092
840	7849430	9	14.1563
840	3531408	10	14.5982
841	5795429	1	9.14478
841	8331833	2	9.15652
841	5496411	3	9.2082
841	5374866	4	9.40872
841	3132757	5	9.56885
841	7269157	6	9.74729
841	5983985	7	9.86619
841	3480974	8	10.1247
841	302053	9	10.35
841	1679287	10	10.4966
842	6321642	1	4.79335
842	5473377	2	4.84382
842	523165	3	5.05772
842	3517873	4	5.32314
842	1950372	5	5.37883
842	1887401	6	5.60139
842	444090	7	5.62635
842	6423340	8	5.83449
842	5657893	9	5.94611
842	2916891	10	6.10242
843	6442482	1	7.70775
843	1061098	2	7.77068
843	4603518	3	9.48875
843	5952229	4	10.6521
843	892864	5	11.6251
843	1310733	6	11.7311
843	918373	7	12.8759
843	4644379	8	13.5961
843	4652360	9	14.5536
843	7625399	10	16.3017
844	5700515	1	5.1499
844	5563288	2	5.17537
844	7686742	3	5.22573
844	4465873	4	5.38258
844	1427400	5	5.41191
844	4793147	6	5.45828
844	6198984	7	5.53527
844	3285554	8	5.7914
844	7809753	9	6.39889
844	1388273	10	7.42558
845	6864794	1	6.4583
845	2302146	2	6.59009
845	1961778	3	6.70533
845	7781109	4	6.90632
845	4444818	5	8.09585
845	4758541	6	9.72728
845	3465547	7	9.75623
845	6812603	8	10.032
845	4018077	9	10.5619
845	1467755	10	10.7048
846	5149369	1	10.1291
846	3943909	2	10.881
846	3167873	3	10.893
846	1907000	4	13.2677
846	1381182	5	14.6611
846	6623551	6	14.7922
846	5670390	7	15.604
846	6399961	8	15.6128
846	2687791	9	16.0503
846	7716684	10	16.7005
847	6643158	1	10.2709
847	3943909	2	11.0935
847	3167873	3	11.187
847	6623551	4	12.3287
847	1907000	5	13.3189
847	2687791	6	13.9575
847	5670390	7	14.6053
847	1381182	8	15.8406
847	6399961	9	16.079
847	7716684	10	16.8257
848	4615723	1	7.25899
848	4251713	2	8.03188
848	2923975	3	8.22916
848	1112936	4	8.31671
848	7397519	5	8.74686
848	4430052	6	10.4224
848	5341605	7	11.3899
848	2619144	8	11.7787
848	1073413	9	12.7117
848	1234947	10	12.8018
849	7630233	1	10.7949
849	1625926	2	11.4634
849	6717637	3	11.9959
849	1768353	4	12.0232
849	6717636	5	12.0273
849	1058224	6	12.4919
849	1407092	7	12.8036
849	4768789	8	12.9726
849	4017517	9	16.4605
849	3609972	10	17.688
850	818391	1	4.88558
850	6439933	2	5.10018
850	8631121	3	5.73487
850	4055222	4	5.88047
850	1399942	5	6.16297
850	66324	6	6.29113
850	568616	7	7.26133
850	4137152	8	7.6073
850	8033479	9	7.93673
850	7138994	10	17.0032
851	5200579	1	9.72968
851	2113077	2	11.1808
851	8453099	3	11.2526
851	6256948	4	11.7398
851	8453103	5	12.5584
851	962601	6	12.799
851	2351410	7	13.0296
851	4748325	8	13.6885
851	6156994	9	13.9686
851	314648	10	16.0694
852	2821811	1	8.72534
852	977318	2	8.86428
852	1115314	3	9.07509
852	4468145	4	9.10163
852	2328313	5	10.2477
852	5346948	6	10.9358
852	6301729	7	11.0742
852	8074635	8	13.2229
852	6772325	9	13.4862
852	2009427	10	13.8994
853	4816928	1	6.88912
853	4809153	2	7.25639
853	8363278	3	8.24113
853	8198335	4	8.62014
853	5323716	5	9.99626
853	3150273	6	10.1539
853	130681	7	10.3212
853	4360009	8	11.5672
853	4658939	9	11.6204
853	1327289	10	12.2386
854	8614285	1	8.28831
854	3313755	2	8.52639
854	399711	3	9.00229
854	2439305	4	10.0902
854	2138929	5	11.6041
854	6066052	6	11.7322
854	7268043	7	14.4183
854	5790144	8	14.4891
854	163749	9	14.6973
854	6685718	10	16.158
855	8357445	1	7.59876
855	7017924	2	7.73515
855	8518080	3	8.00617
855	4822891	4	9.90959
855	8587388	5	10.0941
855	1702354	6	10.6262
855	281128	7	11.8757
855	309015	8	12.4449
855	71923	9	13.5297
855	5821832	10	14.28
856	6695126	1	8.99826
856	1267569	2	9.0129
856	3014766	3	9.13414
856	8193766	4	9.24205
856	1192789	5	9.25553
856	28495	6	9.46325
856	385019	7	11.1248
856	5221316	8	11.833
856	1046456	9	11.8617
856	7274047	10	11.8836
857	4038277	1	11.9017
857	2272479	2	12.1566
857	4221788	3	12.2159
857	8629576	4	12.4096
857	3548615	5	13.2836
857	5867380	6	13.6837
857	3183840	7	15.8413
857	4923095	8	15.9643
857	593309	9	16.0683
857	3599535	10	23.1291
858	1240468	1	7.24124
858	3633874	2	7.36015
858	1910835	3	8.42506
858	1716631	4	8.86524
858	355076	5	8.94756
858	4273245	6	9.40442
858	8112602	7	10.6659
858	5912407	8	11.3177
858	5389046	9	12.4338
858	1655161	10	16.781
859	4032314	1	8.0126
859	2742711	2	8.42532
859	6278441	3	8.43489
859	6697820	4	9.03765
859	2872584	5	9.38712
859	2893773	6	9.46516
859	6488383	7	10.4844
859	608240	8	10.7252
859	880488	9	10.9903
859	136997	10	11.9496
860	1248117	1	11.957
860	6627065	2	12.0751
860	6558802	3	12.2336
860	8441365	4	12.2938
860	7293509	5	12.6773
860	4501744	6	13.2058
860	7861546	7	13.6268
860	3959539	8	13.8604
860	4974291	9	14.1687
860	4974295	10	14.3478
861	5812874	1	7.18657
861	3316771	2	7.70196
861	1412013	3	8.86096
861	6862323	4	9.50417
861	6454267	5	9.59125
861	4076540	6	10.3161
861	6006791	7	10.602
861	8014266	8	11.0976
861	3516605	9	11.6654
861	7073235	10	14.9716
862	3976092	1	7.56581
862	4154255	2	8.48749
862	1733528	3	9.02337
862	3393766	4	9.10953
862	3835279	5	10.429
862	6500564	6	10.4818
862	6841391	7	10.4979
862	7197640	8	10.568
862	7197638	9	10.705
862	4959662	10	16.3777
863	134611	1	7.71202
863	1189986	2	7.9066
863	7689566	3	8.04432
863	5433803	4	8.65061
863	7534995	5	8.78924
863	8563745	6	9.76664
863	273045	7	10.2128
863	2096925	8	12.0069
863	310255	9	12.4053
863	7265531	10	12.7586
864	6192487	1	5.24443
864	3217158	2	5.24485
864	1611637	3	5.3066
864	3144858	4	5.3918
864	4946894	5	5.57385
864	1255528	6	6.72527
864	7036314	7	6.8639
864	1003150	8	6.86711
864	7902487	9	7.48021
864	687674	10	20.4712
865	881851	1	6.80722
865	6941772	2	6.94888
865	6328049	3	7.35911
865	2836277	4	7.51962
865	8226002	5	7.68982
865	8482556	6	7.72902
865	6110347	7	7.88112
865	4064265	8	9.84277
865	2362117	9	10.948
865	2769220	10	11.0489
866	869474	1	10.183
866	6441643	2	10.4724
866	5010359	3	10.6872
866	6650895	4	12.3713
866	6606296	5	12.5057
866	927254	6	13.477
866	6856663	7	13.9022
866	7753550	8	14.1311
866	5733672	9	14.4639
866	2582017	10	20.76
867	6320470	1	10.4755
867	5392871	2	10.5253
867	3409342	3	10.7942
867	8525758	4	11.2192
867	7542044	5	11.8007
867	1395705	6	13.2447
867	6576801	7	13.3577
867	5259385	8	13.4016
867	7638098	9	15.0211
867	888707	10	21.699
868	8599796	1	8.2186
868	7177989	2	8.28081
868	3993205	3	8.32143
868	3298801	4	8.83834
868	4587967	5	9.67994
868	5983544	6	10.2409
868	5306298	7	10.3122
868	2372296	8	11.3369
868	2430328	9	12.2539
868	1973031	10	14.1144
869	714659	1	5.94469
869	5135692	2	6.12403
869	6451285	3	6.46753
869	5339753	4	6.50266
869	5786577	5	6.92391
869	1631476	6	7.42645
869	1002465	7	7.46851
869	8453562	8	7.48744
869	2075834	9	10.1259
869	2075838	10	10.1346
870	3542769	1	12.34
870	7010093	2	12.6171
870	3946384	3	13.0014
870	4734186	4	13.369
870	3743494	5	13.7763
870	2233423	6	13.9372
870	7044236	7	14.099
870	244648	8	14.1827
870	3590045	9	15.8266
870	71168	10	21.2773
871	4056926	1	5.64428
871	6004994	2	5.8498
871	4127324	3	5.89414
871	5575621	4	6.00505
871	5778358	5	6.29561
871	8405534	6	6.58365
871	3287991	7	6.66879
871	2468955	8	7.10087
871	4326463	9	8.07897
871	1340402	10	8.71489
872	4124928	1	12.9088
872	1812701	2	12.9258
872	3388892	3	13.6109
872	6080316	4	14.0977
872	6647580	5	14.1908
872	5387641	6	14.5704
872	4030650	7	14.7565
872	4973275	8	19.9104
872	3095558	9	21.7692
872	3780809	10	21.9393
873	1194381	1	8.61532
873	4585953	2	8.63276
873	2353114	3	9.76328
873	5158924	4	10.2181
873	5690558	5	10.9488
873	3033147	6	10.9537
873	6762300	7	11.0269
873	6400947	8	11.2977
873	4997877	9	11.9439
873	5419955	10	12.3931
874	8089654	1	6.21072
874	6321642	2	6.32738
874	5657893	3	6.36915
874	444090	4	6.49146
874	7679924	5	6.78377
874	2916891	6	7.0491
874	3267738	7	7.07925
874	3621247	8	7.92961
874	7790521	9	10.8149
874	6433754	10	12.2009
875	2892421	1	6.4555
875	8409329	2	6.45866
875	1907818	3	6.46233
875	7579520	4	6.80694
875	477803	5	6.81506
875	7207007	6	7.25592
875	4917753	7	7.58593
875	125041	8	7.85124
875	7613762	9	8.42309
875	1194848	10	9.16626
876	7704845	1	7.10363
876	6914346	2	8.20224
876	2780203	3	8.40564
876	4752389	4	8.94476
876	4741759	5	9.21375
876	4943187	6	9.64554
876	6759141	7	10.0975
876	4387291	8	10.4478
876	5782084	9	14.6557
876	512911	10	18.8353
877	5827541	1	6.14652
877	7798104	2	6.16747
877	1392213	3	6.75649
877	8185848	4	6.92843
877	5445792	5	7.21778
877	8264102	6	7.8934
877	2047109	7	8.19874
877	8395742	8	9.36137
877	4110349	9	9.42173
877	8391272	10	9.66464
878	586385	1	7.13101
878	3563107	2	7.17944
878	8439737	3	7.417
878	1078101	4	7.48486
878	788958	5	7.58898
878	2059541	6	8.12939
878	8401634	7	8.71526
878	1112050	8	10.1228
878	3269352	9	13.1076
878	2949798	10	15.0971
879	5496411	1	11.1151
879	5460442	2	11.4258
879	1679287	3	11.4658
879	7269157	4	12.3485
879	3930910	5	12.5438
879	3668309	6	12.7297
879	3132757	7	13.1098
879	8451935	8	14.2792
879	8331833	9	15.6188
879	5336324	10	16.5923
880	2879060	1	7.29931
880	8318511	2	7.42147
880	4550169	3	7.77019
880	2455377	4	7.77019
880	727629	5	7.78826
880	2348971	6	7.79615
880	8035217	7	8.23326
880	5338203	8	9.77187
880	5338206	9	9.78598
880	7973658	10	10.2504
881	2554002	1	8.87996
881	6347083	2	9.11539
881	2032329	3	9.13657
881	6508559	4	9.66582
881	2371292	5	10.8436
881	6022221	6	13.5459
881	4769855	7	14.6834
881	4769858	8	14.8778
881	4817298	9	14.9259
881	5646901	10	17.3864
882	4111057	1	11.0667
882	7914766	2	12.1544
882	4583429	3	12.5775
882	5540452	4	13.6101
882	7278342	5	13.9128
882	5987991	6	14.0311
882	2074138	7	14.5429
882	5491640	8	14.6171
882	181513	9	16.6052
882	2750650	10	17.0536
883	5140812	1	10.5597
883	6800193	2	11.2253
883	7101554	3	11.7816
883	3957830	4	11.9164
883	1802368	5	13.2154
883	3693624	6	13.2483
883	3946928	7	13.6369
883	284315	8	13.763
883	5320527	9	24.4868
883	7203456	10	24.6315
884	1306232	1	10.136
884	7674223	2	10.206
884	617945	3	10.4043
884	3134568	4	10.7827
884	6326680	5	12.654
884	3675633	6	14.2634
884	7625220	7	14.4912
884	438585	8	16.4711
884	6097183	9	17.2023
884	5393472	10	17.475
885	2644634	1	10.3027
885	1113563	2	10.6721
885	3120680	3	10.8057
885	6599997	4	10.9784
885	918065	5	12.125
885	8474712	6	12.653
885	2453724	7	13.098
885	6094581	8	13.5265
885	7801482	9	18.0571
885	7084671	10	18.4798
886	2083206	1	10.226
886	6104624	2	10.8328
886	5152308	3	10.8409
886	7249398	4	11.442
886	4611253	5	11.8018
886	5601243	6	11.8651
886	7266510	7	12.8942
886	4065095	8	12.9084
886	895723	9	17.7779
886	4964922	10	18.4804
887	6925763	1	11.1477
887	7548732	2	11.4705
887	733460	3	11.6056
887	3005889	4	11.7178
887	3634548	5	11.8515
887	228956	6	11.99
887	201786	7	12.513
887	4168657	8	13.0815
887	7599081	9	13.1726
887	4001330	10	15.1937
888	6453044	1	6.16196
888	3766619	2	6.17632
888	4696161	3	6.26616
888	1876769	4	6.57244
888	7130571	5	6.64055
888	2124138	6	7.21565
888	7381745	7	7.42761
888	1817783	8	7.6428
888	6262880	9	7.88795
888	548049	10	8.32941
889	6540541	1	6.5812
889	7413842	2	6.58991
889	3094034	3	6.87271
889	2488617	4	7.46607
889	1036403	5	7.73227
889	1131096	6	8.02859
889	2244514	7	8.06163
889	6732836	8	9.33442
889	1396665	9	9.44491
889	4747518	10	10.0337
890	2373178	1	6.11455
890	6313498	2	6.12549
890	2731057	3	6.55435
890	3688145	4	7.06256
890	559314	5	7.54789
890	3947952	6	7.74766
890	6463680	7	8.10312
890	3638589	8	8.53941
890	5051977	9	11.8225
890	4157049	10	12.1809
891	1679655	1	6.1473
891	4851254	2	6.16516
891	695800	3	6.26245
891	867465	4	6.47847
891	444090	5	6.72266
891	7349910	6	6.76654
891	4209214	7	6.93871
891	3336460	8	6.94554
891	2916891	9	6.94877
891	4529249	10	7.77002
892	5516579	1	7.60257
892	985468	2	7.6999
892	2716975	3	7.73578
892	1281673	4	8.20184
892	679442	5	8.23353
892	5497976	6	8.29321
892	5497978	7	8.362
892	3205291	8	10.4395
892	4986320	9	10.7149
892	8537646	10	14.3938
893	5035469	1	8.00916
893	925451	2	8.11409
893	8612858	3	8.12742
893	6079363	4	8.33821
893	7422049	5	8.63294
893	1605462	6	8.66933
893	299570	7	8.96855
893	4351605	8	10.0401
893	418695	9	12.8025
893	6924706	10	14.013
894	5996876	1	10.0714
894	5035690	2	10.2375
894	8308447	3	10.4312
894	8368761	4	10.4859
894	4115069	5	11.2985
894	456801	6	11.3502
894	4606443	7	11.5167
894	4201709	8	11.789
894	454542	9	12.7006
894	5039003	10	13.6288
895	6747706	1	15.9669
895	4042985	2	16.8449
895	7184099	3	17.2374
895	6485919	4	17.3021
895	5277941	5	17.9948
895	3676532	6	18.2553
895	1866908	7	18.6236
895	5633227	8	20.064
895	5406347	9	20.4113
895	2152268	10	21.0209
896	5493243	1	11.7124
896	2214014	2	11.714
896	1331513	3	12.3519
896	6340651	4	12.8334
896	448775	5	13.9571
896	5468387	6	14.4089
896	4407250	7	14.8854
896	8411425	8	15.3923
896	7944996	9	18.6489
896	7239596	10	18.6867
897	7946683	1	8.52695
897	3633266	2	8.65762
897	2499028	3	8.72529
897	3940842	4	9.58051
897	3652782	5	9.89864
897	4170912	6	9.97596
897	7819005	7	10.6251
897	4762886	8	10.7406
897	4689486	9	13.7847
897	6981509	10	16.4877
898	5127756	1	8.9957
898	4084624	2	9.55181
898	3860943	3	9.86489
898	4628100	4	11.2542
898	6191083	5	11.7061
898	4918600	6	12.0852
898	5443836	7	12.2392
898	4519	8	13.0242
898	8271648	9	13.6545
898	3071396	10	17.0882
899	7185982	1	8.74643
899	302405	2	8.9397
899	519999	3	9.32724
899	6262826	4	9.57057
899	5225746	5	9.80482
899	5921030	6	10.1768
899	7475144	7	11.341
899	339137	8	12.1199
899	6850155	9	14.2497
899	5921036	10	14.2636
900	5405956	1	3.69585
900	73291	2	4.00143
900	1807728	3	4.02004
900	2574832	4	4.14125
900	4133862	5	4.17384
900	1355195	6	4.25504
900	1122292	7	4.42801
900	7280583	8	4.49017
900	7789384	9	6.109
900	6893271	10	6.55832
901	6023588	1	6.05039
901	12081	2	6.27392
901	6615189	3	6.30102
901	8077	4	6.38521
901	6026004	5	7.23645
901	4328559	6	7.57297
901	5613998	7	7.64475
901	5445077	8	7.68334
901	1136690	9	7.70594
901	7768224	10	8.70113
902	2296612	1	11.9671
902	8274321	2	12.0462
902	2028534	3	12.6491
902	3771515	4	13.0462
902	6653109	5	13.1421
902	1727631	6	13.2788
902	3986368	7	13.5895
902	4758651	8	14.3064
902	2500357	9	15.9949
902	70455	10	16.2367
903	7795400	1	5.44433
903	4793147	2	5.44996
903	1388273	3	5.54715
903	5348170	4	5.6968
903	5563288	5	5.80717
903	7686742	6	5.81166
903	4465873	7	5.99958
903	3285554	8	6.37753
903	1427400	9	6.4702
903	7809753	10	6.73899
904	4108410	1	8.88165
904	3936461	2	9.20353
904	3917942	3	9.26682
904	5023898	4	9.27116
904	6883854	5	9.53191
904	6835097	6	9.64506
904	2797116	7	9.95387
904	2537745	8	11.5377
904	6835094	9	13.4828
904	7122396	10	13.4903
905	1538282	1	10.1925
905	1072266	2	10.8725
905	1660858	3	11.8106
905	7873671	4	12.5607
905	1355816	5	13.159
905	1664087	6	13.4897
905	497773	7	14.2428
905	5541821	8	16.6165
905	3387851	9	17.355
905	4297946	10	19.1744
906	8441499	1	6.80726
906	2428646	2	6.83142
906	1024429	3	6.93953
906	3444590	4	7.09978
906	4462594	5	7.29138
906	3612612	6	7.39558
906	4366901	7	8.05012
906	4084646	8	9.71325
906	7090546	9	10.773
906	7476407	10	13.0278
907	4052775	1	5.7371
907	5413975	2	5.74593
907	4568424	3	5.74593
907	2850351	4	5.93512
907	4670436	5	5.93512
907	5278312	6	6.25115
907	8244385	7	6.58786
907	6748955	8	6.69459
907	4419560	9	6.96753
907	2875053	10	7.25808
908	2076073	1	6.22691
908	6469384	2	8.63644
908	6415364	3	8.64409
908	2178413	4	9.20215
908	7885081	5	10.0993
908	1822069	6	10.5748
908	5806542	7	10.6215
908	5549337	8	12.5918
908	2237040	9	18.3194
908	4446792	10	20.7834
909	5097201	1	8.25513
909	3623033	2	9.10506
909	4951722	3	9.11259
909	3766773	4	10.0688
909	4132786	5	10.9175
909	3984073	6	10.9719
909	7292920	7	11.3318
909	7758553	8	11.6316
909	3336663	9	12.6259
909	6635763	10	15.0705
910	7430831	1	7.06538
910	7853752	2	7.06724
910	1427400	3	7.08877
910	4465873	4	7.11027
910	7686742	5	7.19491
910	2533115	6	7.2809
910	5348170	7	7.37248
910	1388273	8	7.37894
910	3285554	9	8.10257
910	7809753	10	8.69312
911	5756541	1	10.1284
911	6177777	2	10.4663
911	775605	3	10.9295
911	4815946	4	11.1214
911	6682073	5	11.6491
911	840714	6	11.6942
911	3899106	7	12.0705
911	8312635	8	12.0719
911	4107502	9	12.9951
911	875291	10	15.4655
912	3173059	1	10.7887
912	5007124	2	10.9013
912	1488420	3	11.7256
912	3468528	4	11.7293
912	3086803	5	12.7141
912	1367018	6	12.7574
912	3370601	7	12.9105
912	63859	8	14.3834
912	394140	9	15.7754
912	2885798	10	16.7417
913	8057819	1	5.83185
913	3621368	2	6.49254
913	461307	3	6.51905
913	8529125	4	6.67582
913	3028171	5	6.72315
913	4018678	6	6.8528
913	193141	7	8.35155
913	2804135	8	9.50679
913	1262384	9	11.7648
913	899324	10	16.6331
914	3668124	1	11.888
914	1885824	2	11.9281
914	8483676	3	12.6157
914	8439660	4	13.2095
914	4516849	5	13.3819
914	1936986	6	13.5496
914	4794878	7	13.7072
914	3362631	8	15.9989
914	3362630	9	17.2381
914	2975262	10	19.3801
915	1116684	1	9.17009
915	3050418	2	9.28154
915	8565834	3	9.29107
915	3292889	4	9.40389
915	5897496	5	9.98025
915	5088154	6	10.2317
915	7265284	7	10.3837
915	993142	8	10.4002
915	953615	9	11.1952
915	5076864	10	13.4026
916	5561104	1	9.38195
916	5741841	2	9.49656
916	6734974	3	9.69815
916	3258025	4	10.833
916	3488110	5	10.847
916	4764244	6	11.0925
916	3666056	7	11.5775
916	3000473	8	12.0511
916	4085485	9	13.828
916	3274975	10	14.245
917	7587347	1	7.03444
917	4136641	2	7.27177
917	5401010	3	7.40929
917	23147	4	7.85582
917	2243919	5	8.46086
917	898348	6	9.43193
917	7026395	7	10.4778
917	991775	8	11.0462
917	626443	9	12.4824
917	8618327	10	12.6171
918	8077	1	7.36957
918	5314582	2	7.44932
918	6615189	3	7.9437
918	5445077	4	8.52602
918	6023588	5	8.58685
918	6026004	6	8.95472
918	5613998	7	9.1202
918	4328559	8	9.22319
918	1136690	9	9.48746
918	7768224	10	9.82366
919	6375208	1	7.80575
919	5660221	2	7.83456
919	587321	3	8.21833
919	8301645	4	8.24307
919	510700	5	8.54291
919	6035688	6	8.65942
919	8097561	7	8.71706
919	8097560	8	9.09454
919	2305604	9	9.35126
919	6909755	10	9.70466
920	1593708	1	9.36894
920	8355454	2	9.71714
920	3879143	3	9.80144
920	6962701	4	10.1433
920	4328856	5	10.2104
920	4897712	6	10.346
920	8494697	7	10.4101
920	627597	8	10.5438
920	7080139	9	10.5515
920	2285980	10	11.0773
921	810441	1	9.94608
921	4352521	2	9.99979
921	447117	3	10.0756
921	531437	4	10.4768
921	1502240	5	10.5403
921	3396166	6	10.6091
921	4814234	7	10.7652
921	5566175	8	11.3378
921	2148383	9	11.6419
921	4909963	10	14.7148
922	6447337	1	9.78077
922	6704914	2	10.1698
922	6708744	3	12.2114
922	4743087	4	12.735
922	1137981	5	13.4938
922	7037746	6	13.8959
922	3777183	7	21.0093
922	3603491	8	21.208
922	2371797	9	22.1593
922	112085	10	24.029
923	7512679	1	13.6396
923	7554417	2	13.7098
923	108243	3	14.511
923	3062977	4	14.6537
923	8247435	5	15.1417
923	7523454	6	16.4281
923	3115050	7	17.0185
923	2141617	8	17.4143
923	7753718	9	17.8791
923	6473112	10	18.9122
924	5911775	1	6.03178
924	3880605	2	6.93329
924	1862604	3	7.51321
924	4723101	4	8.47239
924	6361504	5	8.69736
924	1714477	6	9.04601
924	1037748	7	9.14254
924	683698	8	9.21661
924	608639	9	10.5821
924	2350148	10	11.1354
925	6463500	1	12.4887
925	1492299	2	12.6164
925	5614833	3	12.6175
925	2629966	4	12.7546
925	7835885	5	12.8431
925	2329855	6	12.9183
925	1859031	7	12.9946
925	59021	8	13.6352
925	348889	9	13.789
925	7225140	10	16.3334
926	7345855	1	10.7365
926	1454089	2	10.9318
926	3409060	3	11.0882
926	4023502	4	11.665
926	5805219	5	11.983
926	6830921	6	12.4807
926	4681514	7	12.824
926	5642889	8	12.8602
926	8074207	9	12.9756
926	6958712	10	14.1957
927	1921560	1	6.86753
927	2101045	2	7.59517
927	4010416	3	7.83181
927	7105069	4	7.86647
927	8260981	5	8.08364
927	3277047	6	8.58568
927	2279194	7	9.94571
927	2243017	8	12.6167
927	3389252	9	17.7754
927	2412893	10	18.6622
928	2357478	1	11.7989
928	6951956	2	12.1341
928	4849685	3	12.3803
928	4709045	4	12.4504
928	564937	5	13.0661
928	2595678	6	16.0625
928	4050669	7	16.4638
928	2595674	8	16.5534
928	927472	9	21.4144
928	1187855	10	25.5784
929	1099676	1	7.37722
929	6671459	2	7.47847
929	4644489	3	7.54532
929	8026042	4	7.66795
929	260417	5	7.91699
929	1627763	6	8.03446
929	435020	7	8.87922
929	3906902	8	9.32227
929	7462151	9	9.63293
929	7532220	10	9.78351
930	7659017	1	7.17752
930	5627825	2	7.49463
930	6380907	3	7.96629
930	3830789	4	8.2523
930	332829	5	8.54603
930	6713240	6	8.69938
930	6801986	7	8.92203
930	4494540	8	9.02233
930	3329803	9	10.0426
930	4078484	10	12.0413
931	590990	1	7.7396
931	3744658	2	7.75355
931	7034798	3	7.76154
931	6287871	4	7.81063
931	5245498	5	7.86521
931	711172	6	7.99891
931	765277	7	8.24043
931	1707919	8	8.2459
931	8523778	9	9.07967
931	4596066	10	9.11017
932	1216819	1	6.66981
932	3848885	2	6.67278
932	5915603	3	7.24562
932	3977932	4	8.59917
932	1631931	5	8.64133
932	3736086	6	8.65659
932	4247083	7	8.71263
932	570318	8	8.83836
932	6825363	9	17.8712
932	6825362	10	17.9625
933	1545518	1	9.79581
933	2602503	2	9.82146
933	4441466	3	10.762
933	3189801	4	10.8318
933	8085160	5	11.0543
933	4457913	6	11.151
933	7089509	7	12.3735
933	2692417	8	12.9971
933	5587019	9	14.103
933	3910983	10	14.4288
934	8026765	1	8.92323
934	7436161	2	8.94398
934	3832680	3	9.04124
934	2836523	4	9.22394
934	4527923	5	12.0853
934	1374386	6	12.4953
934	3008983	7	12.5099
934	3008982	8	12.7219
934	8454313	9	12.7663
934	4318079	10	12.9463
935	7384306	1	10.2714
935	7548443	2	10.4714
935	4441800	3	10.5915
935	1326643	4	10.8599
935	785896	5	10.899
935	3588148	6	12.1561
935	1294357	7	12.5386
935	7755419	8	13.2622
935	6179839	9	13.3191
935	1980115	10	14.0972
936	8294655	1	5.64462
936	3144280	2	5.64651
936	7233153	3	5.68041
936	6794043	4	5.81356
936	2936351	5	6.03078
936	7195129	6	7.09217
936	357599	7	7.1012
936	4929926	8	7.3935
936	7543684	9	7.82474
936	1551858	10	12.4974
937	1354874	1	11.1987
937	898149	2	11.2052
937	2593784	3	11.5392
937	2390294	4	11.8225
937	2442083	5	11.873
937	1509812	6	12.1044
937	5074509	7	13.5907
937	449944	8	13.9514
937	3700096	9	15.7262
937	1068295	10	17.3798
938	4105974	1	9.88633
938	4847278	2	10.2782
938	4847276	3	10.8431
938	4420258	4	11.3605
938	7686463	5	13.1604
938	3389766	6	14.1959
938	4776650	7	14.7423
938	7763687	8	15.5489
938	8198387	9	16.0375
938	8388766	10	16.1001
939	4623653	1	10.9802
939	73704	2	11.2826
939	7701058	3	11.3478
939	2294984	4	12.3044
939	7865313	5	12.5653
939	3713550	6	12.5752
939	1317794	7	12.7172
939	3864477	8	12.9115
939	1764303	9	15.231
939	3194407	10	16.2009
940	3146335	1	7.43258
940	6076098	2	7.70178
940	4540731	3	7.75074
940	1655129	4	7.75851
940	884996	5	7.98913
940	4007651	6	8.96661
940	2127793	7	9.28765
940	8389753	8	9.35295
940	1048378	9	14.3263
940	441428	10	16.3182
941	2748272	1	9.77179
941	5160470	2	9.78258
941	381873	3	10.1471
941	381874	4	10.37
941	1650952	5	10.4778
941	6672022	6	10.4865
941	4620226	7	10.9894
941	6177898	8	11.1506
941	6297630	9	11.7026
941	5738571	10	13.4925
942	8026822	1	5.95877
942	4560902	2	5.9863
942	4061334	3	6.28096
942	5388126	4	8.44402
942	2977470	5	8.57997
942	4168349	6	9.18073
942	859588	7	9.27079
942	7071378	8	12.2218
942	3033026	9	15.1626
942	8369027	10	16.7964
943	8615954	1	6.88797
943	3104330	2	7.0724
943	7232684	3	7.15312
943	3907865	4	7.40885
943	8471500	5	7.82124
943	3907862	6	8.06215
943	406051	7	8.25626
943	4688307	8	8.39268
943	2900534	9	8.42547
943	8615951	10	8.48135
944	6980912	1	8.33427
944	3356607	2	8.3388
944	7660647	3	8.34046
944	4824049	4	8.43066
944	4062412	5	8.44807
944	4818373	6	8.83114
944	3113890	7	8.90269
944	7732831	8	9.26562
944	6902174	9	11.5924
944	6079413	10	12.5307
945	2531584	1	6.81947
945	3980874	2	6.84616
945	8371066	3	7.09259
945	1627763	4	7.4439
945	1099676	5	7.61533
945	8026042	6	7.80346
945	7462151	7	8.02641
945	7532220	8	8.03168
945	873753	9	8.17296
945	435020	10	8.9263
946	5891613	1	7.58679
946	5159680	2	8.11996
946	4044241	3	8.35995
946	3546814	4	8.48649
946	5135417	5	8.89915
946	6983883	6	9.20772
946	6666079	7	9.50209
946	2917419	8	9.9481
946	5471744	9	10.0451
946	4472233	10	11.9967
947	6645518	1	7.70344
947	4603585	2	7.75951
947	7666149	3	7.76117
947	7065093	4	7.97225
947	1966775	5	8.1742
947	4060722	6	8.59677
947	6790824	7	9.44136
947	3875948	8	9.53819
947	5663616	9	12.2684
947	5663609	10	12.5226
948	2837487	1	5.14372
948	5576557	2	5.43144
948	1067243	3	5.43531
948	1935134	4	5.55655
948	529684	5	5.57504
948	147735	6	5.87288
948	454926	7	6.32906
948	1143007	8	6.51748
948	339878	9	7.27989
948	2436995	10	7.72894
949	3910965	1	6.36406
949	4028620	2	6.69386
949	4253126	3	6.93337
949	8540664	4	7.0135
949	7427454	5	7.70417
949	6256583	6	8.3557
949	7311011	7	8.60915
949	4932639	8	8.92023
949	6777250	9	8.94602
949	283261	10	9.59251
950	4288844	1	7.81464
950	5693797	2	8.18086
950	8120574	3	9.05486
950	1472283	4	9.0641
950	6469871	5	9.15208
950	6469869	6	10.2058
950	4460937	7	10.436
950	3576346	8	11.3441
950	8469514	9	11.8896
950	4948263	10	11.9784
951	7735340	1	6.60718
951	4032208	2	6.7648
951	7442941	3	6.80476
951	1043087	4	6.95364
951	6706111	5	7.48698
951	7775443	6	7.8598
951	8199892	7	8.4815
951	3512555	8	9.4121
951	4696257	9	13.5773
951	2044987	10	19.1004
952	8555727	1	3.76594
952	8191370	2	3.77309
952	4184945	3	4.26289
952	4307181	4	4.50582
952	2161763	5	4.79757
952	4309461	6	4.82951
952	1645575	7	5.0665
952	6792530	8	6.44752
952	6642895	9	9.85449
952	7144623	10	13.598
953	3462441	1	10.49
953	2721162	2	11.0227
953	6286439	3	11.2264
953	1991671	4	11.3675
953	1677101	5	11.6367
953	2025039	6	12.1353
953	7623653	7	14.144
953	2604545	8	16.8421
953	3434544	9	18.3852
953	6782019	10	24.5808
954	4107920	1	11.9687
954	2327215	2	12.7157
954	5718390	3	13.0243
954	7857375	4	13.2228
954	2870408	5	13.2825
954	3043641	6	13.6602
954	4587729	7	13.7914
954	3945644	8	17.6755
954	2791121	9	19.7582
954	5272866	10	21.4767
955	3438430	1	7.10816
955	2605489	2	7.51921
955	2919217	3	7.53424
955	30770	4	8.1187
955	3239693	5	8.26068
955	4521924	6	8.26101
955	2962545	7	9.12892
955	4335265	8	9.12914
955	1075926	9	9.47481
955	5821888	10	10.4477
956	7775672	1	12.3662
956	4516791	2	12.6761
956	3764641	3	12.7393
956	4325156	4	12.8648
956	8117784	5	13.1864
956	5171856	6	13.5025
956	3085800	7	14.2719
956	2226954	8	15.9333
956	6295246	9	16.3078
956	2121508	10	16.5656
957	3521708	1	11.8101
957	4182056	2	11.8806
957	8493617	3	12.1962
957	6375047	4	12.5524
957	6006820	5	14.3041
957	5618635	6	14.3619
957	5649048	7	14.9962
957	3649188	8	15.0412
957	6423119	9	16.8137
957	8420736	10	20.4807
958	4270957	1	6.41084
958	4125564	2	6.66599
958	4396171	3	7.0809
958	8029546	4	7.35742
958	7200083	5	8.38713
958	2524733	6	8.44344
958	6985404	7	8.58845
958	4415516	8	9.34243
958	4331444	9	9.90356
958	4863386	10	10.6172
959	6061096	1	9.88427
959	3233889	2	10.5944
959	6593783	3	10.6387
959	6497735	4	10.705
959	42916	5	10.9784
959	2436387	6	11.0838
959	638254	7	12.2556
959	2572950	8	12.6048
959	6042271	9	14.054
959	7748369	10	16.8085
960	7575294	1	9.83041
960	4646484	2	10.2326
960	8165638	3	10.2464
960	8509586	4	10.668
960	3370592	5	10.796
960	7513804	6	10.8561
960	5623159	7	10.9692
960	4663761	8	12.5244
960	5932697	9	13.0286
960	3522118	10	14.9975
961	8066363	1	7.377
961	4266259	2	7.51327
961	7497053	3	7.83686
961	8599696	4	7.86327
961	6162078	5	9.24691
961	271219	6	9.48567
961	5882782	7	10.1218
961	1301701	8	10.2526
961	473230	9	12.1464
961	4860684	10	13.785
962	2268889	1	5.25632
962	5400088	2	5.89649
962	6391960	3	6.24569
962	1701428	4	6.9265
962	2917659	5	7.15059
962	4729000	6	7.25999
962	1176631	7	7.77599
962	2848877	8	9.7158
962	3646270	9	10.1412
962	7196998	10	10.232
963	6614439	1	6.5976
963	7155764	2	6.74911
963	1408235	3	7.12929
963	2350250	4	7.28129
963	1280827	5	7.31923
963	347724	6	8.73078
963	2212963	7	8.73227
963	4925112	8	17.4196
963	3300446	9	20.933
963	6196369	10	22.2338
964	186831	1	10.6556
964	2900571	2	10.8266
964	7876269	3	10.8285
964	6633474	4	10.9242
964	62859	5	11.2349
964	8296809	6	11.2378
964	1226259	7	11.7742
964	1843875	8	11.8548
964	584235	9	12.5737
964	7305425	10	13.0001
965	1736974	1	7.70417
965	2072105	2	7.76789
965	1935445	3	7.93488
965	1202974	4	7.95346
965	7821636	5	8.02356
965	2430426	6	8.83664
965	1368712	7	9.30618
965	7685658	8	9.52456
965	1968929	9	9.71072
965	276317	10	10.3424
966	7032758	1	7.31762
966	418716	2	7.31898
966	5267457	3	7.35006
966	4084537	4	7.41917
966	489776	5	8.30449
966	3613285	6	8.43293
966	4466312	7	8.74914
966	7486252	8	10.7828
966	331481	9	11.1349
966	4636182	10	15.8977
967	7042657	1	9.56901
967	4182056	2	10.0393
967	6701682	3	10.7436
967	3512640	4	10.8463
967	5249354	5	10.8489
967	167825	6	12.6019
967	5618635	7	13.2811
967	3649188	8	13.6755
967	7143318	9	24.4801
967	8289183	10	25.35
968	4164744	1	6.38241
968	3448940	2	7.4928
968	2579591	3	7.76491
968	7339219	4	7.78026
968	6391926	5	8.29508
968	2934819	6	8.89375
968	3220689	7	10.2126
968	2216910	8	10.5559
968	1648251	9	17.6346
968	6471676	10	17.6486
969	552363	1	7.91454
969	1859397	2	8.22035
969	3693190	3	8.22219
969	4779451	4	8.35487
969	4068822	5	8.61576
969	6015818	6	8.87166
969	8615752	7	8.89876
969	3296333	8	10.2816
969	1849554	9	11.7439
969	1849555	10	15.2387
970	6867383	1	4.95078
970	5165925	2	5.13759
970	2626497	3	5.15694
970	4030631	4	5.16686
970	3155600	5	5.41784
970	3545968	6	5.68541
970	3170971	7	5.90324
970	2112860	8	7.29713
970	788318	9	12.6144
970	5892757	10	16.5829
971	2368214	1	7.00091
971	5719674	2	7.12145
971	3996909	3	7.12573
971	3376123	4	7.24806
971	3186497	5	8.70891
971	8312614	6	9.01157
971	1913892	7	10.2501
971	1913894	8	10.3801
971	4933574	9	10.4851
971	6490626	10	10.9515
972	5510204	1	11.2229
972	442862	2	11.3196
972	8451600	3	11.4875
972	1937288	4	11.5045
972	6009663	5	11.893
972	5832020	6	12.2869
972	6587845	7	13.1073
972	1513737	8	13.811
972	145137	9	15.0945
972	6372516	10	15.2044
973	7841615	1	8.03339
973	8184451	2	8.08095
973	1157202	3	8.49191
973	605841	4	8.67656
973	4608833	5	8.70255
973	7970965	6	8.87118
973	6132508	7	8.91157
973	3749700	8	9.62534
973	8356865	9	9.82642
973	6578610	10	10.5947
974	5558869	1	11.0374
974	4195746	2	11.3272
974	4153626	3	11.3686
974	2000114	4	12.1237
974	5607359	5	12.1472
974	8278004	6	12.2404
974	6006972	7	12.9696
974	4011040	8	13.1299
974	3468542	9	14.8757
974	4137470	10	15.1413
975	1388314	1	7.51361
975	3966746	2	7.57297
975	1697519	3	7.73557
975	4304122	4	8.02099
975	1164290	5	9.12675
975	1677797	6	9.36584
975	2113392	7	9.92496
975	2138630	8	10.4376
975	1915565	9	11.6368
975	487024	10	14.501
976	6981621	1	7.12707
976	3006077	2	7.33619
976	5924904	3	7.87258
976	3867039	4	7.93851
976	7726861	5	7.94554
976	5461924	6	8.15037
976	3480745	7	9.13176
976	7261860	8	10.0754
976	8631124	9	10.79
976	1529151	10	18.219
977	99705	1	7.98628
977	1552370	2	8.01133
977	2894060	3	8.27024
977	7130659	4	8.66472
977	4011678	5	9.28353
977	760282	6	9.53757
977	2473556	7	9.67571
977	915208	8	10.7929
977	3507166	9	11.262
977	6179716	10	14.8537
978	3212646	1	6.32798
978	5489933	2	6.37064
978	2102597	3	6.40929
978	1950710	4	6.55302
978	3931904	5	6.86149
978	2863969	6	6.96805
978	4518577	7	7.46202
978	2217720	8	7.56713
978	7905753	9	9.45194
978	2217728	10	9.95788
979	7615743	1	4.43253
979	198423	2	4.52654
979	3591349	3	4.9988
979	322415	4	5.43837
979	2551912	5	5.56268
979	3274587	6	5.86816
979	5060500	7	6.07048
979	8431564	8	6.17901
979	6765174	9	8.52353
979	7141792	10	18.2719
980	8415784	1	9.05227
980	8088725	2	9.13249
980	2242727	3	9.23177
980	4247815	4	9.547
980	6263869	5	9.6602
980	8026021	6	10.2283
980	1021147	7	10.7278
980	2609168	8	11.0297
980	4211873	9	11.8686
980	2468248	10	12.4646
981	6720121	1	8.38043
981	1518344	2	9.21501
981	2120288	3	9.29222
981	4491048	4	9.50106
981	1258320	5	9.66571
981	3645324	6	9.74857
981	1635874	7	10.2589
981	2394408	8	10.8622
981	7428613	9	11.2704
981	5467274	10	15.1585
982	3392049	1	6.38968
982	4891788	2	6.58602
982	6304446	3	6.60044
982	753942	4	6.70244
982	4801961	5	6.72476
982	5139621	6	6.72476
982	7718948	7	7.2076
982	178895	8	7.45661
982	1094002	9	7.72966
982	7141428	10	7.82728
983	6572267	1	7.82368
983	3405980	2	7.84213
983	3337473	3	8.09052
983	172265	4	8.11248
983	257051	5	8.34445
983	6473948	6	8.38011
983	133681	7	8.3898
983	1983374	8	9.41969
983	533746	9	9.43856
983	806711	10	10.6915
984	405230	1	9.02661
984	4398264	2	9.06534
984	456710	3	9.07938
984	2094609	4	9.10329
984	6375196	5	9.2195
984	3865569	6	9.27903
984	7161147	7	10.2226
984	1603309	8	10.3789
984	2600811	9	12.8525
984	3426858	10	15.3224
985	4658836	1	8.38863
985	5391129	2	8.38948
985	2355631	3	8.42247
985	3606946	4	8.87556
985	8305158	5	9.51293
985	445387	6	9.91569
985	4230439	7	10.129
985	1476047	8	11.9301
985	6713072	9	12.0095
985	3531227	10	12.248
986	1289673	1	5.97074
986	7561556	2	6.12513
986	7636110	3	6.16136
986	5136443	4	6.38694
986	2732739	5	6.38768
986	8001494	6	6.83573
986	5580745	7	6.91781
986	5377399	8	8.37921
986	8224923	9	8.60523
986	7376428	10	8.63564
987	5845196	1	8.35312
987	3641477	2	8.81878
987	7440878	3	9.99969
987	6537385	4	10.0428
987	410567	5	10.2798
987	2323904	6	10.5269
987	4963276	7	12.3489
987	4597383	8	12.8218
987	640046	9	12.867
987	366534	10	14.7516
988	4234284	1	9.77078
988	1913176	2	9.91133
988	3496493	3	9.98702
988	1551137	4	10.3532
988	1597001	5	10.675
988	8481204	6	10.8613
988	1097180	7	11.471
988	1086824	8	11.7968
988	2652004	9	14.742
988	8233037	10	20.7196
989	4101995	1	7.18376
989	2752958	2	8.30249
989	4344546	3	8.40905
989	574046	4	8.789
989	7090895	5	8.82029
989	5950156	6	9.71857
989	6961026	7	9.7499
989	1181870	8	11.0486
989	2083226	9	16.9312
989	4309787	10	17.3757
990	1569349	1	7.31305
990	4859673	2	7.58865
990	1863302	3	8.0367
990	1970823	4	8.17803
990	8187317	5	8.19614
990	325448	6	8.28729
990	4863360	7	8.82347
990	2430999	8	9.43343
990	428383	9	11.2511
990	7609345	10	12.1038
991	5095185	1	8.22557
991	3602073	2	9.15826
991	5242388	3	10.034
991	1830627	4	10.0722
991	2183822	5	10.4391
991	2877790	6	10.8752
991	7201160	7	11.5974
991	3626636	8	12.3506
991	1948226	9	14.3595
991	7961157	10	15.1901
992	965084	1	10.8249
992	5199699	2	10.8875
992	7184487	3	11.042
992	5004268	4	11.0912
992	5419819	5	11.4355
992	3380653	6	11.6162
992	460338	7	12.1667
992	6466747	8	12.583
992	903654	9	14.1088
992	1184963	10	14.4041
993	2600097	1	10.3534
993	2803619	2	10.6684
993	3771807	3	11.2304
993	1866774	4	11.5802
993	6626419	5	11.6123
993	7856440	6	11.7116
993	6396568	7	11.7996
993	1729234	8	11.8027
993	4937777	9	12.6775
993	952576	10	12.7087
994	4420592	1	13.4437
994	7811285	2	13.5406
994	8215465	3	13.6594
994	4022441	4	14.7115
994	911153	5	15.0472
994	3058131	6	15.4471
994	7755396	7	16.0325
994	3678424	8	16.3596
994	7391632	9	16.9055
994	7773541	10	17.5953
995	7789702	1	5.83151
995	3859834	2	5.88934
995	1257044	3	6.0745
995	4544942	4	6.63889
995	5359432	5	6.65468
995	8631494	6	7.02407
995	5814157	7	7.87833
995	5478925	8	8.08042
995	7319423	9	9.80187
995	1988720	10	10.1484
996	3533944	1	7.06772
996	2993036	2	7.08619
996	3497584	3	7.40161
996	8113796	4	7.46111
996	6651355	5	7.53614
996	122416	6	7.5513
996	3357932	7	7.60487
996	1603331	8	8.57076
996	1649615	9	8.9062
996	796039	10	9.28216
997	8232103	1	10.2108
997	477913	2	10.5775
997	5719795	3	10.919
997	5732966	4	11.4594
997	2250861	5	12.5546
997	5207833	6	12.5895
997	6333441	7	13.6611
997	4030842	8	18.0453
997	4030839	9	19.6296
997	7140105	10	20.409
998	6037504	1	7.98596
998	7960291	2	8.38271
998	282279	3	8.61433
998	5929017	4	9.18036
998	5281134	5	9.33719
998	5198621	6	9.33919
998	2772930	7	10.259
998	3205775	8	10.271
998	5281137	9	11.1538
998	6422563	10	11.1731
999	2877962	1	8.06888
999	7960291	2	8.65403
999	5198621	3	9.13024
999	282279	4	9.38605
999	5929017	5	9.65415
999	3205775	6	9.65465
999	5281134	7	9.85973
999	6422563	8	9.90273
999	2772930	9	10.3832
999	5281137	10	11.9108
